{"type":"FeatureCollection","name":"atlas-provincias","crs":{"type":"name","properties":{"name":"urn:ogc:def:crs:OGC:1.3:CRS84"}},"features":[{"type":"Feature","properties":{"nam":"Chubut","nam_src":"Chubut","label_lon":-68.4747,"label_lat":-44.0001},"geometry":{"type":"MultiPolygon","coordinates":[[[[-71.77374,-42.0],[-65.06925,-42.0],[-65.06057,-42.0317],[-65.01399,-42.09338],[-64.88028,-42.1808],[-64.74,-42.2141],[-64.46421,-42.23952],[-64.55856,-42.30746],[-64.56996,-42.34679],[-64.59537,-42.38484],[-64.61774,-42.39472],[-64.61881,-42.41503],[-64.6101,-42.42638],[-64.57287,-42.42135],[-64.55767,-42.43202],[-64.54028,-42.41928],[-64.49535,-42.42984],[-64.48557,-42.41546],[-64.47725,-42.4383],[-64.43855,-42.43981],[-64.3517,-42.42568],[-64.30154,-42.40394],[-64.28935,-42.41509],[-64.12425,-42.42966],[-64.05684,-42.38266],[-64.04304,-42.3513],[-64.07016,-42.33308],[-64.04484,-42.31542],[-64.04946,-42.29182],[-64.08982,-42.25341],[-64.13491,-42.23933],[-64.185,-42.24846],[-64.2469,-42.23418],[-64.31296,-42.25215],[-64.37875,-42.23834],[-64.07511,-42.17833],[-63.93496,-42.10328],[-63.84735,-42.07815],[-63.7703,-42.07378],[-63.73909,-42.09781],[-63.68488,-42.20726],[-63.60303,-42.31543],[-63.60412,-42.54719],[-63.5828,-42.60735],[-63.63981,-42.69976],[-63.62996,-42.76463],[-63.67733,-42.79204],[-63.73285,-42.81279],[-63.79048,-42.81407],[-64.11045,-42.87895],[-64.14519,-42.87379],[-64.25356,-42.76515],[-64.24941,-42.68305],[-64.21114,-42.62541],[-64.22693,-42.61457],[-64.27341,-42.61773],[-64.25683,-42.59652],[-64.26277,-42.58562],[-64.28246,-42.57325],[-64.30896,-42.58594],[-64.31046,-42.55577],[-64.34373,-42.5315],[-64.4894,-42.50024],[-64.62917,-42.49633],[-64.75371,-42.54709],[-64.83361,-42.61055],[-64.92316,-42.61684],[-64.9798,-42.64914],[-64.99553,-42.69775],[-65.03607,-42.73056],[-65.03538,-42.76124],[-65.01534,-42.7817],[-64.96759,-42.79391],[-64.95336,-42.78539],[-64.91555,-42.81159],[-64.89097,-42.81268],[-64.87743,-42.83465],[-64.81159,-42.84021],[-64.62913,-42.91938],[-64.54278,-42.91997],[-64.49398,-42.94827],[-64.39682,-42.95959],[-64.33032,-42.93592],[-64.30768,-42.97916],[-64.33058,-43.00275],[-64.45896,-43.06447],[-64.75761,-43.1506],[-64.97634,-43.25497],[-65.05029,-43.32828],[-65.05578,-43.35154],[-65.04349,-43.38152],[-65.05258,-43.40258],[-65.1452,-43.47333],[-65.194,-43.53987],[-65.28564,-43.5976],[-65.33291,-43.6575],[-65.35462,-43.76447],[-65.31119,-43.79558],[-65.32858,-43.84567],[-65.29942,-43.93344],[-65.27683,-43.96663],[-65.23114,-43.9727],[-65.25731,-43.99183],[-65.24653,-44.00843],[-65.25158,-44.02764],[-65.22478,-44.04534],[-65.21047,-44.0382],[-65.18794,-44.03546],[-65.20936,-44.04149],[-65.24112,-44.07782],[-65.2204,-44.13679],[-65.28769,-44.15476],[-65.31177,-44.20427],[-65.30257,-44.24453],[-65.2702,-44.27171],[-65.27078,-44.29881],[-65.25301,-44.30829],[-65.25882,-44.3273],[-65.22741,-44.33411],[-65.21674,-44.36674],[-65.23619,-44.38688],[-65.26203,-44.38833],[-65.26947,-44.40639],[-65.28532,-44.4099],[-65.27719,-44.42003],[-65.29231,-44.422],[-65.28383,-44.43036],[-65.31171,-44.42691],[-65.30885,-44.4425],[-65.33446,-44.456],[-65.31114,-44.46736],[-65.32084,-44.49074],[-65.28428,-44.4938],[-65.29071,-44.50335],[-65.27929,-44.51742],[-65.30079,-44.51019],[-65.31629,-44.53119],[-65.3239,-44.50885],[-65.36789,-44.5115],[-65.37747,-44.52417],[-65.35941,-44.53738],[-65.38818,-44.543],[-65.39448,-44.55534],[-65.35822,-44.57378],[-65.36634,-44.58735],[-65.37627,-44.57521],[-65.39598,-44.59284],[-65.42678,-44.56965],[-65.46164,-44.57578],[-65.47097,-44.58476],[-65.46339,-44.60023],[-65.52097,-44.60933],[-65.57615,-44.64832],[-65.59557,-44.64237],[-65.63837,-44.66587],[-65.69298,-44.72503],[-65.70262,-44.80132],[-65.7287,-44.81158],[-65.71924,-44.83859],[-65.72885,-44.8484],[-65.70467,-44.87526],[-65.66309,-44.89094],[-65.62122,-44.88573],[-65.60488,-44.9089],[-65.57289,-44.89561],[-65.5743,-44.91068],[-65.56086,-44.90358],[-65.55627,-44.91312],[-65.54376,-44.91041],[-65.53577,-44.92076],[-65.52567,-44.92416],[-65.51982,-44.92974],[-65.54039,-44.92809],[-65.53639,-44.93757],[-65.5709,-44.96078],[-65.59453,-44.95737],[-65.60579,-44.98186],[-65.58431,-45.00667],[-65.61358,-44.99987],[-65.62561,-45.00935],[-65.60226,-45.02715],[-65.63635,-45.03555],[-65.64559,-45.05092],[-65.65368,-45.03929],[-65.68216,-45.04021],[-65.67883,-45.03334],[-65.6813,-45.02886],[-65.69782,-45.04592],[-65.68994,-45.06201],[-65.70136,-45.04509],[-65.73686,-45.04019],[-65.74046,-45.02396],[-65.77546,-45.01949],[-65.78847,-45.03013],[-65.80941,-45.01542],[-65.81562,-45.02467],[-65.80288,-45.03116],[-65.82872,-45.03912],[-65.82319,-45.01606],[-65.84653,-45.00207],[-65.89165,-45.008],[-65.88686,-45.03884],[-65.91388,-45.03202],[-65.93444,-45.04944],[-66.01969,-44.99887],[-66.06048,-45.00408],[-66.07255,-44.98977],[-66.08597,-44.99698],[-66.11895,-44.98523],[-66.15075,-44.99412],[-66.16228,-44.98302],[-66.17309,-44.99815],[-66.19461,-44.9822],[-66.20892,-45.00276],[-66.2302,-45.00701],[-66.2257,-45.0281],[-66.2464,-45.02093],[-66.2837,-45.04873],[-66.27881,-45.0594],[-66.29027,-45.05728],[-66.28409,-45.06284],[-66.2784,-45.06347],[-66.27623,-45.06534],[-66.28346,-45.06552],[-66.29545,-45.05817],[-66.28554,-45.05264],[-66.29394,-45.04593],[-66.32606,-45.05202],[-66.3592,-45.03974],[-66.37461,-45.05155],[-66.36327,-45.0616],[-66.39852,-45.05312],[-66.49364,-45.09854],[-66.51713,-45.09694],[-66.53459,-45.11728],[-66.53302,-45.14238],[-66.45899,-45.14696],[-66.47317,-45.16588],[-66.54028,-45.15291],[-66.54738,-45.13667],[-66.5997,-45.13941],[-66.58438,-45.15699],[-66.59917,-45.16169],[-66.59447,-45.17162],[-66.5365,-45.17516],[-66.5141,-45.19678],[-66.52499,-45.20556],[-66.51865,-45.2229],[-66.66201,-45.21142],[-66.70532,-45.22433],[-66.84131,-45.23001],[-66.96402,-45.27299],[-67.06399,-45.34615],[-67.22154,-45.52708],[-67.34507,-45.62302],[-67.35996,-45.65043],[-67.36203,-45.69575],[-67.34223,-45.72316],[-67.37911,-45.73565],[-67.36855,-45.78726],[-67.39788,-45.78752],[-67.45475,-45.81947],[-67.47578,-45.85376],[-67.45641,-45.86144],[-67.4991,-45.87476],[-67.55207,-45.92568],[-67.55567,-45.94513],[-67.53122,-45.95896],[-67.56519,-45.96259],[-67.59571,-45.99987],[-71.64601,-45.99991],[-71.64733,-45.98565],[-71.61871,-45.98096],[-71.61314,-45.96309],[-71.62361,-45.93425],[-71.64684,-45.91785],[-71.65259,-45.88976],[-71.7156,-45.85521],[-71.76914,-45.84619],[-71.74227,-45.80611],[-71.7616,-45.7882],[-71.75431,-45.77063],[-71.77122,-45.74374],[-71.80105,-45.72089],[-71.77305,-45.68124],[-71.79553,-45.66493],[-71.77198,-45.64102],[-71.77956,-45.62182],[-71.74815,-45.61028],[-71.7266,-45.57746],[-71.76295,-45.57664],[-71.76353,-45.56031],[-71.74431,-45.54215],[-71.68259,-45.52777],[-71.68213,-45.51508],[-71.55956,-45.52358],[-71.46892,-45.49364],[-71.48271,-45.48301],[-71.46981,-45.48204],[-71.47507,-45.47425],[-71.50193,-45.46665],[-71.50899,-45.45872],[-71.4999,-45.45553],[-71.53394,-45.43297],[-71.52056,-45.42535],[-71.52946,-45.3927],[-71.45325,-45.38611],[-71.43825,-45.39582],[-71.44627,-45.36766],[-71.33591,-45.32203],[-71.32005,-45.29212],[-71.3504,-45.26787],[-71.33298,-45.24139],[-71.37,-45.2256],[-71.42518,-45.17174],[-71.41811,-45.15744],[-71.48749,-45.14412],[-71.47927,-45.13429],[-71.49145,-45.10781],[-71.52654,-45.10312],[-71.50542,-45.07221],[-71.55799,-45.03148],[-71.54095,-45.0002],[-71.55972,-44.97745],[-71.65729,-44.97559],[-71.71107,-44.95512],[-71.74211,-44.95835],[-71.75384,-44.92648],[-71.77815,-44.94026],[-71.81722,-44.91979],[-71.85444,-44.93231],[-71.87991,-44.95939],[-71.88353,-44.94597],[-71.92498,-44.94421],[-71.94789,-44.92058],[-71.97736,-44.91944],[-71.97925,-44.90356],[-72.03715,-44.90282],[-72.06582,-44.87592],[-72.03635,-44.86233],[-72.06559,-44.85],[-72.02698,-44.80582],[-72.07392,-44.78107],[-72.06694,-44.7596],[-72.01816,-44.75666],[-72.00549,-44.7843],[-71.95679,-44.78601],[-71.9275,-44.80404],[-71.91461,-44.77661],[-71.8598,-44.80048],[-71.81546,-44.79309],[-71.82458,-44.77494],[-71.78648,-44.75226],[-71.73593,-44.76879],[-71.68698,-44.76502],[-71.66634,-44.78721],[-71.59538,-44.77936],[-71.5816,-44.75226],[-71.56688,-44.75931],[-71.47421,-44.73707],[-71.39449,-44.79002],[-71.29182,-44.81395],[-71.25063,-44.79934],[-71.25373,-44.78525],[-71.20597,-44.75045],[-71.20227,-44.72284],[-71.2143,-44.71421],[-71.19584,-44.6849],[-71.21791,-44.674],[-71.23549,-44.64092],[-71.21369,-44.63286],[-71.21586,-44.6182],[-71.19431,-44.60198],[-71.20085,-44.59164],[-71.17632,-44.59972],[-71.1019,-44.59069],[-71.09146,-44.53255],[-71.16373,-44.50104],[-71.12969,-44.4718],[-71.17111,-44.4391],[-71.22273,-44.43625],[-71.24618,-44.4174],[-71.34889,-44.4248],[-71.35267,-44.4034],[-71.3862,-44.38527],[-71.5105,-44.394],[-71.55179,-44.40897],[-71.61724,-44.39849],[-71.65788,-44.40899],[-71.71169,-44.37922],[-71.76735,-44.41041],[-71.81507,-44.41612],[-71.80433,-44.39914],[-71.82084,-44.39228],[-71.81751,-44.37748],[-71.83407,-44.36934],[-71.83902,-44.34998],[-71.78697,-44.33043],[-71.80876,-44.28821],[-71.80312,-44.27169],[-71.82954,-44.26537],[-71.80636,-44.25811],[-71.80772,-44.22806],[-71.78002,-44.21719],[-71.80064,-44.21458],[-71.79988,-44.1917],[-71.84667,-44.15924],[-71.84866,-44.11353],[-71.78134,-44.11151],[-71.75943,-44.09961],[-71.67956,-43.97114],[-71.64878,-43.94592],[-71.66643,-43.90123],[-71.70738,-43.89449],[-71.70872,-43.85574],[-71.73196,-43.8597],[-71.76275,-43.84058],[-71.75342,-43.78818],[-71.69672,-43.72608],[-71.6611,-43.71922],[-71.66036,-43.70238],[-71.6319,-43.70809],[-71.63009,-43.69859],[-71.59978,-43.69697],[-71.612,-43.67604],[-71.58829,-43.67545],[-71.58146,-43.65168],[-71.62629,-43.62371],[-71.70346,-43.62525],[-71.70798,-43.5845],[-71.71821,-43.57635],[-71.75741,-43.58423],[-71.77652,-43.53869],[-71.87748,-43.55108],[-71.87849,-43.52753],[-71.84863,-43.48289],[-71.88138,-43.4513],[-71.92532,-43.45876],[-71.93423,-43.4491],[-71.91411,-43.41665],[-71.93321,-43.38656],[-71.89374,-43.38009],[-71.90439,-43.32189],[-71.8401,-43.33521],[-71.7864,-43.29697],[-71.75521,-43.31764],[-71.7346,-43.31433],[-71.7308,-43.28224],[-71.75725,-43.22827],[-71.7292,-43.20025],[-71.76053,-43.16462],[-71.78371,-43.16878],[-71.81508,-43.14568],[-71.85734,-43.14258],[-71.85299,-43.12711],[-71.88637,-43.12703],[-71.89268,-43.10702],[-71.9329,-43.10213],[-71.9433,-43.09242],[-71.93631,-43.05277],[-72.00262,-43.03741],[-72.03617,-43.01339],[-72.03815,-42.99256],[-72.05717,-42.98294],[-72.0732,-42.94961],[-72.11619,-42.93632],[-72.11413,-42.92261],[-72.14255,-42.89987],[-72.11829,-42.8817],[-72.13415,-42.85272],[-72.14788,-42.85002],[-72.16502,-42.79831],[-72.1427,-42.79528],[-72.13133,-42.77713],[-72.14716,-42.74156],[-72.12842,-42.73105],[-72.13821,-42.71116],[-72.17324,-42.70162],[-72.1787,-42.6892],[-72.17224,-42.67164],[-72.14812,-42.6814],[-72.12264,-42.67245],[-72.09625,-42.6415],[-72.11795,-42.62865],[-72.11897,-42.60281],[-72.07633,-42.56647],[-72.05208,-42.56493],[-72.05396,-42.54472],[-72.01211,-42.49491],[-72.0475,-42.45209],[-72.02799,-42.40792],[-72.07691,-42.38271],[-72.11277,-42.39853],[-72.13179,-42.38416],[-72.13828,-42.32752],[-72.12073,-42.32422],[-72.16814,-42.25938],[-72.15366,-42.24302],[-72.16649,-42.21344],[-72.15593,-42.20008],[-72.1847,-42.17646],[-72.1753,-42.14195],[-72.12288,-42.15468],[-72.06727,-42.14743],[-72.07971,-42.13006],[-72.05227,-42.11402],[-72.00615,-42.13976],[-71.95685,-42.14133],[-71.95371,-42.16482],[-71.92466,-42.19028],[-71.89291,-42.18076],[-71.87482,-42.15489],[-71.83415,-42.16247],[-71.8029,-42.14552],[-71.78009,-42.14779],[-71.77699,-42.13009],[-71.7468,-42.13044],[-71.72548,-42.10991],[-71.74059,-42.08302],[-71.72619,-42.04829],[-71.75646,-42.03642],[-71.77374,-42.0]]],[[[-66.01068,-45.07938],[-65.98202,-45.09376],[-65.98593,-45.10328],[-65.96413,-45.10889],[-66.00784,-45.10425],[-66.01975,-45.08641],[-66.01068,-45.07938]]],[[[-65.62402,-45.04606],[-65.58662,-45.05227],[-65.60929,-45.0602],[-65.62402,-45.04606]]],[[[-65.95953,-45.10237],[-65.94544,-45.11882],[-65.96368,-45.10373],[-65.95953,-45.10237]]],[[[-65.71766,-45.04836],[-65.70491,-45.05696],[-65.72301,-45.0539],[-65.71766,-45.04836]]],[[[-66.40822,-45.19375],[-66.40211,-45.18555],[-66.39288,-45.19062],[-66.40822,-45.19375]]],[[[-65.58881,-45.05606],[-65.57771,-45.06305],[-65.59287,-45.06017],[-65.58881,-45.05606]]],[[[-66.50204,-45.17595],[-66.49272,-45.18082],[-66.50433,-45.17657],[-66.50204,-45.17595]]],[[[-65.66675,-44.76912],[-65.65298,-44.77504],[-65.66972,-44.76919],[-65.66675,-44.76912]]],[[[-65.75957,-45.03471],[-65.75136,-45.03688],[-65.76696,-45.03755],[-65.75957,-45.03471]]],[[[-65.86951,-45.03124],[-65.86671,-45.0395],[-65.87453,-45.03288],[-65.86951,-45.03124]]],[[[-66.33732,-45.05361],[-66.33942,-45.05736],[-66.34431,-45.05339],[-66.33732,-45.05361]]],[[[-65.25492,-44.15263],[-65.26288,-44.15325],[-65.25448,-44.1501],[-65.25492,-44.15263]]],[[[-66.05334,-45.12732],[-66.06071,-45.13224],[-66.06283,-45.13165],[-66.05334,-45.12732]]],[[[-65.26272,-44.25896],[-65.26337,-44.26291],[-65.26998,-44.26176],[-65.26272,-44.25896]]],[[[-65.80638,-45.06103],[-65.81037,-45.0674],[-65.81214,-45.06348],[-65.80638,-45.06103]]],[[[-65.38194,-44.59845],[-65.38728,-44.59742],[-65.38455,-44.59479],[-65.38194,-44.59845]]],[[[-66.50098,-45.18466],[-66.50521,-45.18536],[-66.50768,-45.1806],[-66.50098,-45.18466]]],[[[-65.96436,-45.05217],[-65.96941,-45.05054],[-65.96288,-45.04992],[-65.96436,-45.05217]]],[[[-65.23038,-44.27635],[-65.23862,-44.28119],[-65.23051,-44.27544],[-65.23038,-44.27635]]],[[[-65.53994,-44.90552],[-65.54187,-44.90857],[-65.54334,-44.90748],[-65.53994,-44.90552]]],[[[-65.61992,-45.05944],[-65.62061,-45.06227],[-65.62481,-45.06018],[-65.61992,-45.05944]]],[[[-66.3605,-45.1512],[-66.36433,-45.15],[-66.36223,-45.14938],[-66.3605,-45.1512]]],[[[-65.39364,-44.59391],[-65.39315,-44.59742],[-65.39642,-44.59447],[-65.39364,-44.59391]]],[[[-66.40996,-45.09139],[-66.40595,-45.08799],[-66.40295,-45.08868],[-66.40996,-45.09139]]],[[[-66.48579,-45.1794],[-66.48988,-45.18217],[-66.48911,-45.179],[-66.48579,-45.1794]]],[[[-65.62589,-45.05237],[-65.62079,-45.05499],[-65.62626,-45.05259],[-65.62589,-45.05237]]],[[[-65.5702,-44.98826],[-65.57372,-44.99012],[-65.57394,-44.98804],[-65.5702,-44.98826]]],[[[-65.56118,-44.96337],[-65.56664,-44.96362],[-65.56093,-44.96194],[-65.56118,-44.96337]]],[[[-66.69613,-45.24541],[-66.70064,-45.24606],[-66.69675,-45.24407],[-66.69613,-45.24541]]],[[[-65.87905,-45.03889],[-65.87646,-45.04167],[-65.88089,-45.0398],[-65.87905,-45.03889]]],[[[-65.86187,-45.0475],[-65.85993,-45.05161],[-65.86395,-45.05113],[-65.86187,-45.0475]]],[[[-65.6423,-44.76709],[-65.63828,-44.77064],[-65.64337,-44.76737],[-65.6423,-44.76709]]],[[[-66.40434,-45.08434],[-66.40938,-45.08479],[-66.40309,-45.0824],[-66.40434,-45.08434]]],[[[-66.41611,-45.09575],[-66.41998,-45.09433],[-66.41496,-45.09458],[-66.41611,-45.09575]]],[[[-64.51366,-42.41949],[-64.51668,-42.42102],[-64.51855,-42.41808],[-64.51366,-42.41949]]],[[[-66.32381,-45.06656],[-66.31888,-45.06752],[-66.31585,-45.06874],[-66.32381,-45.06656]]],[[[-66.51563,-45.18021],[-66.51862,-45.18058],[-66.51876,-45.1785],[-66.51563,-45.18021]]],[[[-66.50085,-45.16727],[-66.49817,-45.17023],[-66.50024,-45.16853],[-66.50085,-45.16727]]],[[[-66.29613,-45.07624],[-66.29839,-45.07769],[-66.30045,-45.07584],[-66.29613,-45.07624]]],[[[-65.57561,-45.06375],[-65.57727,-45.06518],[-65.57822,-45.06385],[-65.57561,-45.06375]]],[[[-65.56072,-44.99857],[-65.56366,-44.99938],[-65.56359,-44.99652],[-65.56072,-44.99857]]],[[[-65.84335,-45.04726],[-65.84624,-45.04794],[-65.84871,-45.04588],[-65.84335,-45.04726]]],[[[-65.96407,-45.09683],[-65.96625,-45.09875],[-65.96648,-45.09642],[-65.96407,-45.09683]]],[[[-65.91582,-45.04712],[-65.91895,-45.04789],[-65.91862,-45.04543],[-65.91582,-45.04712]]],[[[-65.30785,-44.53584],[-65.31019,-44.53705],[-65.31054,-44.53479],[-65.30785,-44.53584]]],[[[-66.09378,-45.11815],[-66.09746,-45.1179],[-66.09371,-45.11802],[-66.09378,-45.11815]]],[[[-66.33848,-45.06358],[-66.34076,-45.06589],[-66.34155,-45.06474],[-66.33848,-45.06358]]],[[[-65.64865,-44.76732],[-65.65108,-44.76757],[-65.65418,-44.76594],[-65.64865,-44.76732]]],[[[-65.86064,-45.03248],[-65.85979,-45.03501],[-65.86233,-45.0327],[-65.86064,-45.03248]]],[[[-65.96251,-45.04428],[-65.96345,-45.04599],[-65.96415,-45.04364],[-65.96251,-45.04428]]],[[[-66.06908,-45.00485],[-66.07196,-45.00562],[-66.07278,-45.00495],[-66.06908,-45.00485]]],[[[-66.24876,-45.03045],[-66.24966,-45.03216],[-66.25064,-45.03086],[-66.24876,-45.03045]]],[[[-66.5087,-45.1732],[-66.51167,-45.17379],[-66.51065,-45.17225],[-66.5087,-45.1732]]],[[[-66.03667,-45.09177],[-66.03746,-45.09277],[-66.03896,-45.09088],[-66.03667,-45.09177]]],[[[-65.97311,-45.05107],[-65.97611,-45.05158],[-65.97678,-45.05101],[-65.97311,-45.05107]]],[[[-66.04388,-45.09103],[-66.04556,-45.09024],[-66.0423,-45.09058],[-66.04388,-45.09103]]],[[[-65.74781,-45.03511],[-65.74889,-45.03663],[-65.74979,-45.03558],[-65.74781,-45.03511]]],[[[-66.02694,-45.0997],[-66.02927,-45.10035],[-66.02978,-45.09938],[-66.02694,-45.0997]]],[[[-65.84367,-45.04228],[-65.84189,-45.04153],[-65.8412,-45.04224],[-65.84367,-45.04228]]],[[[-65.93892,-45.11805],[-65.93736,-45.11927],[-65.94025,-45.11885],[-65.93892,-45.11805]]],[[[-65.915,-45.03997],[-65.91673,-45.04071],[-65.91651,-45.03984],[-65.915,-45.03997]]],[[[-65.71509,-45.05742],[-65.71653,-45.05812],[-65.71713,-45.05731],[-65.71509,-45.05742]]],[[[-65.80436,-45.04723],[-65.80337,-45.04798],[-65.80623,-45.0479],[-65.80436,-45.04723]]],[[[-65.84313,-45.0489],[-65.84078,-45.04927],[-65.84347,-45.04927],[-65.84313,-45.0489]]],[[[-66.40139,-45.06873],[-66.4023,-45.06958],[-66.40242,-45.06882],[-66.40139,-45.06873]]],[[[-65.91216,-45.04536],[-65.91292,-45.04605],[-65.91325,-45.04548],[-65.91216,-45.04536]]]]}},{"type":"Feature","properties":{"nam":"Neuquén","nam_src":"Neuquén","label_lon":-69.561,"label_lat":-38.6314},"geometry":{"type":"MultiPolygon","coordinates":[[[[-70.39738,-36.11949],[-70.39499,-36.19433],[-70.37062,-36.22379],[-70.37218,-36.28017],[-70.34392,-36.33333],[-70.30341,-36.34056],[-70.26665,-36.32241],[-70.22535,-36.32712],[-70.19594,-36.42165],[-70.20159,-36.45391],[-70.18269,-36.49108],[-70.1376,-36.52793],[-70.12257,-36.57105],[-70.07592,-36.60662],[-70.04569,-36.65661],[-70.02208,-36.66584],[-70.01216,-36.69553],[-69.98748,-36.6929],[-69.94753,-36.72161],[-69.94393,-36.74492],[-69.92003,-36.76227],[-69.92188,-36.79471],[-69.87357,-36.8114],[-69.8506,-36.84627],[-69.75965,-36.87152],[-69.75208,-36.88617],[-69.779,-36.91682],[-69.77027,-36.92472],[-69.77626,-36.99122],[-69.76459,-37.00029],[-69.75563,-37.06864],[-69.71154,-37.10148],[-69.52957,-37.17444],[-69.43007,-37.15949],[-69.39699,-37.1719],[-69.37767,-37.15956],[-69.26832,-37.1445],[-69.21964,-37.17739],[-69.17288,-37.17791],[-69.06413,-37.22365],[-69.03829,-37.25564],[-69.0493,-37.31467],[-69.02604,-37.36479],[-68.97713,-37.3793],[-68.943,-37.37183],[-68.88468,-37.382],[-68.86517,-37.40125],[-68.76609,-37.36648],[-68.72164,-37.38894],[-68.69658,-37.44234],[-68.61367,-37.43862],[-68.56992,-37.45628],[-68.50491,-37.45409],[-68.43666,-37.54456],[-68.40118,-37.55873],[-68.35495,-37.54723],[-68.25425,-37.57193],[-68.25628,-38.67955],[-68.16312,-38.73789],[-68.12061,-38.74728],[-68.11826,-38.79326],[-68.08118,-38.84829],[-68.09405,-38.85865],[-68.07151,-38.87151],[-68.06923,-38.90294],[-68.05036,-38.91207],[-68.03941,-38.94189],[-68.00738,-38.95938],[-68.00028,-38.97365],[-68.01194,-38.97925],[-67.99809,-38.99576],[-68.02398,-38.97643],[-68.07805,-38.9951],[-68.16535,-38.97981],[-68.17671,-38.96729],[-68.20761,-38.97124],[-68.23102,-38.99133],[-68.30159,-38.97543],[-68.30745,-38.99047],[-68.46923,-39.04575],[-68.50481,-39.07148],[-68.56174,-39.07648],[-68.59471,-39.12017],[-68.6608,-39.17234],[-68.65325,-39.19918],[-68.66315,-39.21495],[-68.80239,-39.28491],[-68.8185,-39.31259],[-68.80806,-39.34736],[-68.82396,-39.37493],[-68.9125,-39.41787],[-68.93073,-39.461],[-68.99988,-39.5152],[-69.04749,-39.52667],[-69.11279,-39.51471],[-69.17712,-39.56061],[-69.2771,-39.59637],[-69.27228,-39.62903],[-69.28997,-39.65299],[-69.31396,-39.65391],[-69.343,-39.68038],[-69.34896,-39.7121],[-69.39025,-39.73163],[-69.42192,-39.76806],[-69.49362,-39.79625],[-69.507,-39.81542],[-69.55811,-39.80935],[-69.62998,-39.84291],[-69.69706,-39.84645],[-69.76184,-39.88333],[-69.79223,-39.88308],[-69.8105,-39.89906],[-69.86594,-39.9109],[-69.89458,-39.93898],[-69.93175,-39.94358],[-69.97089,-39.97774],[-70.00537,-40.04743],[-69.99479,-40.10313],[-69.97069,-40.12104],[-69.95028,-40.17898],[-69.99203,-40.17997],[-70.00209,-40.2032],[-70.05882,-40.24896],[-70.04957,-40.31778],[-70.06269,-40.37464],[-70.10302,-40.40574],[-70.17494,-40.42761],[-70.17057,-40.48301],[-70.42493,-40.53632],[-70.46509,-40.51221],[-70.54248,-40.5036],[-70.54968,-40.521],[-70.6236,-40.5531],[-70.65392,-40.59134],[-70.70087,-40.59347],[-70.73313,-40.58005],[-70.85541,-40.59338],[-70.87909,-40.62042],[-70.9765,-40.64868],[-71.01178,-40.67932],[-71.02972,-40.72443],[-71.09368,-40.72671],[-71.12079,-40.75822],[-71.11933,-40.80406],[-71.09308,-40.82594],[-71.09995,-40.84036],[-71.04684,-40.87122],[-71.05363,-40.88211],[-71.03899,-40.88902],[-71.03202,-40.93315],[-71.06033,-40.98082],[-71.10245,-40.9908],[-71.08858,-40.99721],[-71.1147,-41.00695],[-71.14165,-41.05598],[-71.17488,-41.0562],[-71.24048,-41.09509],[-71.30621,-41.1001],[-71.36072,-41.08868],[-71.45642,-41.04169],[-71.5506,-41.02319],[-71.6076,-41.03491],[-71.78528,-41.0188],[-71.8607,-41.03073],[-71.87519,-40.99919],[-71.90632,-40.9856],[-71.90927,-40.97247],[-71.90018,-40.9604],[-71.85671,-40.95957],[-71.86973,-40.89385],[-71.85865,-40.88117],[-71.88029,-40.88145],[-71.92788,-40.83303],[-71.93471,-40.82168],[-71.92098,-40.78585],[-71.95835,-40.75922],[-71.96526,-40.72728],[-71.9217,-40.68923],[-71.86718,-40.66314],[-71.844,-40.62756],[-71.84105,-40.59751],[-71.82459,-40.57777],[-71.85682,-40.59212],[-71.89051,-40.55552],[-71.85823,-40.55487],[-71.85913,-40.53476],[-71.84305,-40.52513],[-71.85567,-40.50818],[-71.84027,-40.48844],[-71.84162,-40.4521],[-71.82073,-40.43533],[-71.82487,-40.42124],[-71.79353,-40.4073],[-71.77324,-40.42276],[-71.75932,-40.41598],[-71.74147,-40.43678],[-71.69377,-40.40659],[-71.69341,-40.37363],[-71.65709,-40.3644],[-71.68581,-40.29349],[-71.71678,-40.27876],[-71.74775,-40.3066],[-71.76175,-40.27634],[-71.79891,-40.25578],[-71.80673,-40.23331],[-71.82342,-40.23257],[-71.82849,-40.20733],[-71.79832,-40.18741],[-71.82877,-40.17322],[-71.8087,-40.15124],[-71.81175,-40.13888],[-71.79904,-40.1372],[-71.80358,-40.10999],[-71.83132,-40.10445],[-71.81402,-40.08033],[-71.69795,-40.11745],[-71.67432,-40.10445],[-71.66661,-40.07446],[-71.68886,-40.03308],[-71.67485,-40.02582],[-71.65108,-39.97204],[-71.62005,-39.97326],[-71.61408,-39.95666],[-71.62516,-39.93866],[-71.59813,-39.92969],[-71.59252,-39.91172],[-71.61276,-39.87505],[-71.63322,-39.88249],[-71.636,-39.85862],[-71.67072,-39.86348],[-71.69128,-39.84181],[-71.69269,-39.82494],[-71.66673,-39.80757],[-71.68505,-39.80236],[-71.68219,-39.76513],[-71.71285,-39.72445],[-71.69409,-39.70719],[-71.7041,-39.69551],[-71.67164,-39.69247],[-71.66988,-39.68246],[-71.7173,-39.6492],[-71.71534,-39.63343],[-71.69473,-39.62424],[-71.69834,-39.58684],[-71.67418,-39.56361],[-71.65588,-39.58757],[-71.62386,-39.59187],[-71.60975,-39.62839],[-71.57627,-39.63545],[-71.54165,-39.62364],[-71.50165,-39.63724],[-71.46121,-39.5832],[-71.47464,-39.57187],[-71.47031,-39.55236],[-71.50365,-39.55963],[-71.53389,-39.52912],[-71.51599,-39.50274],[-71.47324,-39.49369],[-71.46434,-39.45805],[-71.44735,-39.45067],[-71.45028,-39.42611],[-71.46389,-39.41931],[-71.445,-39.4082],[-71.45683,-39.37001],[-71.43314,-39.37198],[-71.39967,-39.3503],[-71.38585,-39.3184],[-71.39511,-39.3018],[-71.37416,-39.28291],[-71.39174,-39.25876],[-71.38229,-39.23791],[-71.39203,-39.21598],[-71.38104,-39.21224],[-71.40148,-39.16491],[-71.42146,-39.15122],[-71.40782,-39.09664],[-71.4185,-39.06985],[-71.39637,-39.04574],[-71.42197,-39.0259],[-71.41383,-39.0082],[-71.44169,-38.98124],[-71.43391,-38.92908],[-71.3748,-38.90653],[-71.3365,-38.87607],[-71.29556,-38.87299],[-71.26788,-38.85344],[-71.26857,-38.82831],[-71.23801,-38.80244],[-71.1852,-38.81521],[-71.18012,-38.80166],[-71.11746,-38.7813],[-71.09542,-38.75492],[-71.06989,-38.76985],[-71.05262,-38.7575],[-71.00069,-38.77014],[-70.98053,-38.75991],[-70.92623,-38.76288],[-70.88363,-38.70164],[-70.90063,-38.68949],[-70.90456,-38.6669],[-70.82702,-38.59595],[-70.84248,-38.5382],[-70.86691,-38.51358],[-70.91079,-38.50408],[-70.95209,-38.44986],[-70.98395,-38.43015],[-70.98242,-38.36438],[-70.99682,-38.35562],[-71.00307,-38.32299],[-70.99806,-38.29117],[-71.01065,-38.28241],[-71.00898,-38.26169],[-71.03204,-38.24974],[-71.01758,-38.23911],[-71.02032,-38.214],[-70.99677,-38.20312],[-70.99585,-38.17145],[-71.04335,-38.12268],[-70.98937,-38.1102],[-70.98914,-38.0868],[-71.05545,-38.04359],[-71.05078,-38.02862],[-71.06357,-38.0172],[-71.05118,-37.99255],[-71.06765,-37.98946],[-71.0626,-37.97021],[-71.11391,-37.95206],[-71.11269,-37.91989],[-71.09866,-37.90161],[-71.13891,-37.85991],[-71.18299,-37.85843],[-71.12644,-37.82073],[-71.16985,-37.78536],[-71.15637,-37.75689],[-71.21111,-37.69746],[-71.19973,-37.66386],[-71.20631,-37.64768],[-71.17776,-37.6142],[-71.14766,-37.60891],[-71.12799,-37.58756],[-71.13254,-37.55306],[-71.15153,-37.53929],[-71.13307,-37.52945],[-71.11818,-37.46895],[-71.1425,-37.44017],[-71.15357,-37.40067],[-71.19733,-37.38386],[-71.20167,-37.36513],[-71.18568,-37.35477],[-71.20778,-37.3383],[-71.22104,-37.27511],[-71.18799,-37.27591],[-71.1555,-37.23511],[-71.17042,-37.22539],[-71.11534,-37.20775],[-71.1353,-37.14775],[-71.09229,-37.11465],[-71.12282,-37.09163],[-71.12,-37.07414],[-71.14177,-37.06954],[-71.14367,-37.03256],[-71.1673,-36.99699],[-71.2224,-36.97825],[-71.10596,-36.97089],[-71.08801,-36.93802],[-71.09562,-36.92534],[-71.14401,-36.92934],[-71.14927,-36.90136],[-71.11912,-36.86918],[-71.13844,-36.85329],[-71.16315,-36.86138],[-71.18001,-36.84142],[-71.16275,-36.81911],[-71.15307,-36.82791],[-71.13194,-36.81467],[-71.12835,-36.76361],[-71.1114,-36.7283],[-71.11325,-36.67944],[-71.08589,-36.6782],[-71.06487,-36.71465],[-71.00921,-36.69124],[-71.012,-36.66391],[-71.02738,-36.66318],[-71.05718,-36.61866],[-71.04721,-36.60668],[-71.05457,-36.57128],[-71.04068,-36.55067],[-71.05071,-36.52355],[-71.03524,-36.50982],[-71.03692,-36.47555],[-70.95812,-36.50365],[-70.93375,-36.49146],[-70.92798,-36.47438],[-70.89388,-36.47127],[-70.88378,-36.39624],[-70.86483,-36.39725],[-70.86907,-36.41115],[-70.84917,-36.41867],[-70.81769,-36.39537],[-70.7909,-36.42875],[-70.77318,-36.42883],[-70.74779,-36.40587],[-70.73512,-36.41567],[-70.73942,-36.42981],[-70.71298,-36.42777],[-70.67928,-36.38997],[-70.68181,-36.37266],[-70.71243,-36.34497],[-70.68485,-36.30475],[-70.68546,-36.28376],[-70.7062,-36.27259],[-70.66645,-36.24343],[-70.63211,-36.23901],[-70.62467,-36.2277],[-70.63323,-36.21716],[-70.57091,-36.17555],[-70.57643,-36.13805],[-70.52889,-36.14399],[-70.49132,-36.17886],[-70.44923,-36.17316],[-70.42099,-36.15593],[-70.41507,-36.10991],[-70.39738,-36.11949]]]]}},{"type":"Feature","properties":{"nam":"Río Negro","nam_src":"Río Negro","label_lon":-66.4199,"label_lat":-39.7822},"geometry":{"type":"MultiPolygon","coordinates":[[[[-68.23829,-37.58522],[-68.15254,-37.58032],[-68.10676,-37.59624],[-68.08412,-37.5891],[-67.98307,-37.60786],[-67.94416,-37.60322],[-67.9173,-37.61841],[-67.87059,-37.61288],[-67.78558,-37.65228],[-67.77035,-37.67053],[-67.76042,-37.74338],[-67.72079,-37.81059],[-67.73648,-37.85805],[-67.78165,-37.89547],[-67.84618,-37.91774],[-67.90328,-37.98209],[-67.88843,-38.00038],[-67.89585,-38.01726],[-67.88313,-38.01879],[-67.86145,-38.05354],[-67.84968,-38.05175],[-67.85075,-38.06547],[-67.83524,-38.05589],[-67.8093,-38.07236],[-67.78191,-38.05188],[-67.76251,-38.06873],[-67.75065,-38.05613],[-67.74756,-38.07398],[-67.73033,-38.07576],[-67.7301,-38.11481],[-67.71863,-38.13037],[-67.70751,-38.12338],[-67.68903,-38.13342],[-67.65649,-38.20178],[-67.54791,-38.25629],[-67.34418,-38.25177],[-67.26111,-38.2171],[-67.18761,-38.2145],[-67.19659,-38.25378],[-67.17048,-38.2609],[-67.17238,-38.27922],[-67.15311,-38.29134],[-67.15299,-38.3568],[-67.11968,-38.35603],[-67.09184,-38.39963],[-67.00904,-38.42324],[-66.99579,-38.44568],[-66.89697,-38.44373],[-66.89209,-38.46198],[-66.85437,-38.47559],[-66.78607,-38.48053],[-66.71223,-38.53175],[-66.63588,-38.54207],[-66.63379,-38.55679],[-66.60988,-38.55798],[-66.60058,-38.59828],[-66.57819,-38.6228],[-66.59827,-38.65053],[-66.5954,-38.67468],[-66.60714,-38.67909],[-66.57521,-38.70139],[-66.55444,-38.69789],[-66.53862,-38.72085],[-66.49876,-38.718],[-66.4418,-38.74561],[-66.41649,-38.7437],[-66.40758,-38.73058],[-66.40442,-38.74408],[-66.35755,-38.74491],[-66.34183,-38.75773],[-66.32332,-38.74798],[-66.31506,-38.76129],[-66.30841,-38.74286],[-66.28826,-38.75566],[-66.20739,-38.73132],[-66.18024,-38.73128],[-66.17691,-38.74524],[-66.15505,-38.72885],[-66.12053,-38.73402],[-66.11981,-38.74328],[-66.10698,-38.72769],[-66.08464,-38.72527],[-66.06467,-38.75114],[-66.03199,-38.7389],[-66.03068,-38.75128],[-66.01898,-38.74086],[-65.95101,-38.74726],[-65.94666,-38.76794],[-65.92555,-38.76416],[-65.92759,-38.77519],[-65.9125,-38.76487],[-65.91119,-38.78292],[-65.87708,-38.77789],[-65.88243,-38.79045],[-65.86579,-38.78896],[-65.86431,-38.7998],[-65.84108,-38.78664],[-65.8244,-38.79885],[-65.82018,-38.78871],[-65.80467,-38.79392],[-65.80497,-38.80629],[-65.78726,-38.79462],[-65.77823,-38.81159],[-65.71259,-38.82501],[-65.70176,-38.81628],[-65.69112,-38.83478],[-65.6525,-38.82739],[-65.64638,-38.80945],[-65.63105,-38.81833],[-65.63218,-38.80243],[-65.61708,-38.80871],[-65.60847,-38.79838],[-65.62433,-38.7875],[-65.58494,-38.77453],[-65.56955,-38.7848],[-65.52319,-38.77917],[-65.5025,-38.7981],[-65.39081,-38.83074],[-65.37453,-38.85588],[-65.28052,-38.82141],[-65.19182,-38.83637],[-65.19159,-38.80982],[-65.16714,-38.80229],[-65.14003,-38.81839],[-65.11345,-38.79971],[-64.92427,-38.83316],[-64.87709,-38.81452],[-64.84718,-38.82662],[-64.80733,-38.81601],[-64.73475,-38.84113],[-64.67089,-38.83369],[-64.62945,-38.85284],[-64.60345,-38.84782],[-64.59637,-38.85919],[-64.53624,-38.8579],[-64.5152,-38.86841],[-64.47638,-38.85999],[-64.4319,-38.87904],[-64.42066,-38.87183],[-64.41336,-38.88378],[-64.3974,-38.87323],[-64.39661,-38.88672],[-64.34859,-38.88345],[-64.32863,-38.90569],[-64.29395,-38.89765],[-64.2796,-38.914],[-64.06397,-38.99172],[-64.06249,-39.01003],[-64.0474,-38.99905],[-64.0137,-39.0009],[-64.02357,-39.0175],[-63.9916,-39.01091],[-63.99861,-39.03557],[-63.93346,-39.06159],[-63.9328,-39.09351],[-63.9115,-39.0871],[-63.89789,-39.10695],[-63.8717,-39.10779],[-63.87958,-39.1004],[-63.8703,-39.09595],[-63.85827,-39.11037],[-63.8418,-39.10919],[-63.83495,-39.13631],[-63.79736,-39.12393],[-63.78821,-39.10919],[-63.77716,-39.12843],[-63.75708,-39.12921],[-63.76367,-39.15467],[-63.74477,-39.16379],[-63.74299,-39.18885],[-63.6717,-39.20363],[-63.67426,-39.22226],[-63.63338,-39.22739],[-63.63171,-39.2478],[-63.61763,-39.2359],[-63.61438,-39.25183],[-63.59297,-39.24592],[-63.55803,-39.26145],[-63.53882,-39.27911],[-63.54122,-39.29666],[-63.51201,-39.31266],[-63.4856,-39.30826],[-63.4574,-39.32884],[-63.453,-39.32039],[-63.38327,-39.32849],[-63.37935,-40.71037],[-63.36605,-40.6892],[-63.30005,-40.71113],[-63.28531,-40.72943],[-63.19208,-40.71669],[-62.95759,-40.81811],[-62.80197,-40.98257],[-62.78967,-41.02416],[-62.88452,-41.07941],[-62.99298,-41.1095],[-63.05328,-41.14398],[-63.11652,-41.15552],[-63.78857,-41.159],[-63.88647,-41.13049],[-63.9585,-41.07312],[-64.11438,-41.03009],[-64.08179,-41.02667],[-64.09888,-41.00177],[-64.10907,-41.00983],[-64.09589,-41.01868],[-64.112,-41.02289],[-64.20618,-41.00983],[-64.40741,-40.91321],[-64.46661,-40.90051],[-64.5412,-40.86493],[-64.74628,-40.8186],[-64.87531,-40.82892],[-64.90491,-40.80548],[-64.84521,-40.78247],[-64.85663,-40.80371],[-64.84528,-40.81488],[-64.836,-40.78583],[-64.742,-40.81073],[-64.74921,-40.80518],[-64.73419,-40.80261],[-64.75378,-40.79437],[-64.73358,-40.78693],[-64.75861,-40.76788],[-64.79749,-40.78052],[-64.8006,-40.74829],[-64.7735,-40.7428],[-64.80627,-40.72552],[-64.91382,-40.70972],[-64.9574,-40.71008],[-64.95178,-40.71979],[-64.9715,-40.716],[-64.96912,-40.72528],[-64.99591,-40.71692],[-64.96991,-40.72717],[-64.91669,-40.72729],[-64.92218,-40.74048],[-64.95923,-40.74811],[-64.8999,-40.7608],[-65.0069,-40.76117],[-65.09271,-40.81458],[-65.12891,-40.85681],[-65.12518,-40.88129],[-65.14972,-40.909],[-65.16669,-40.974],[-65.15729,-41.05188],[-65.1684,-41.06921],[-65.15198,-41.10651],[-65.1543,-41.16278],[-65.138,-41.22961],[-65.07361,-41.41522],[-65.05292,-41.43182],[-65.04388,-41.46252],[-65.00031,-41.48608],[-64.98779,-41.5188],[-65.00671,-41.55731],[-64.98639,-41.57678],[-64.99719,-41.57629],[-65.01648,-41.61029],[-65.03711,-41.59821],[-65.02271,-41.61841],[-65.021,-41.73322],[-64.99768,-41.7666],[-65.0127,-41.77972],[-65.01587,-41.83221],[-65.03967,-41.83087],[-65.04919,-41.8429],[-65.03711,-41.87299],[-65.05762,-41.88159],[-65.0661,-41.90558],[-65.06925,-42.0],[-71.77374,-42.0],[-71.79445,-41.96164],[-71.7944,-41.94479],[-71.77267,-41.93067],[-71.79771,-41.84294],[-71.79216,-41.83113],[-71.75151,-41.82449],[-71.77408,-41.79402],[-71.75363,-41.78672],[-71.77627,-41.76751],[-71.78446,-41.73475],[-71.81006,-41.72072],[-71.79371,-41.69503],[-71.8176,-41.68982],[-71.81779,-41.66993],[-71.8318,-41.67495],[-71.8372,-41.64718],[-71.85718,-41.64511],[-71.8854,-41.60636],[-71.84778,-41.56673],[-71.81763,-41.5756],[-71.85239,-41.51553],[-71.82862,-41.48057],[-71.84428,-41.45429],[-71.83583,-41.43258],[-71.86555,-41.4203],[-71.8651,-41.39772],[-71.90938,-41.36181],[-71.91295,-41.3404],[-71.89946,-41.34099],[-71.87638,-41.30804],[-71.89837,-41.25514],[-71.85692,-41.25749],[-71.83435,-41.27179],[-71.85647,-41.24806],[-71.84573,-41.24305],[-71.86027,-41.23332],[-71.85525,-41.21385],[-71.8736,-41.20621],[-71.88777,-41.16694],[-71.83942,-41.14952],[-71.83623,-41.11823],[-71.85212,-41.09844],[-71.81793,-41.06205],[-71.83914,-41.0359],[-71.8607,-41.03073],[-71.78528,-41.0188],[-71.6076,-41.03491],[-71.5506,-41.02319],[-71.45642,-41.04169],[-71.36072,-41.08868],[-71.30621,-41.1001],[-71.24048,-41.09509],[-71.17488,-41.0562],[-71.14165,-41.05598],[-71.1147,-41.00695],[-71.08858,-40.99721],[-71.10245,-40.9908],[-71.06033,-40.98082],[-71.03202,-40.93315],[-71.03899,-40.88902],[-71.05363,-40.88211],[-71.04684,-40.87122],[-71.09995,-40.84036],[-71.09308,-40.82594],[-71.11933,-40.80406],[-71.12079,-40.75822],[-71.09368,-40.72671],[-71.02972,-40.72443],[-71.01178,-40.67932],[-70.9765,-40.64868],[-70.87909,-40.62042],[-70.85541,-40.59338],[-70.73313,-40.58005],[-70.70087,-40.59347],[-70.65392,-40.59134],[-70.6236,-40.5531],[-70.54968,-40.521],[-70.54248,-40.5036],[-70.46509,-40.51221],[-70.42493,-40.53632],[-70.17057,-40.48301],[-70.17494,-40.42761],[-70.10302,-40.40574],[-70.06269,-40.37464],[-70.04957,-40.31778],[-70.05882,-40.24896],[-70.00209,-40.2032],[-69.99203,-40.17997],[-69.95028,-40.17898],[-69.97069,-40.12104],[-69.99479,-40.10313],[-70.00537,-40.04743],[-69.97089,-39.97774],[-69.93175,-39.94358],[-69.89458,-39.93898],[-69.86594,-39.9109],[-69.8105,-39.89906],[-69.79223,-39.88308],[-69.76184,-39.88333],[-69.69706,-39.84645],[-69.62998,-39.84291],[-69.55811,-39.80935],[-69.507,-39.81542],[-69.49362,-39.79625],[-69.42192,-39.76806],[-69.39025,-39.73163],[-69.34896,-39.7121],[-69.343,-39.68038],[-69.31396,-39.65391],[-69.28997,-39.65299],[-69.27228,-39.62903],[-69.2771,-39.59637],[-69.17712,-39.56061],[-69.11279,-39.51471],[-69.04749,-39.52667],[-68.99988,-39.5152],[-68.93073,-39.461],[-68.9125,-39.41787],[-68.82396,-39.37493],[-68.80806,-39.34736],[-68.8185,-39.31259],[-68.80239,-39.28491],[-68.66315,-39.21495],[-68.65325,-39.19918],[-68.6608,-39.17234],[-68.59471,-39.12017],[-68.56174,-39.07648],[-68.50481,-39.07148],[-68.46923,-39.04575],[-68.30745,-38.99047],[-68.30159,-38.97543],[-68.23102,-38.99133],[-68.20761,-38.97124],[-68.17671,-38.96729],[-68.16535,-38.97981],[-68.07805,-38.9951],[-68.02398,-38.97643],[-68.0035,-38.99468],[-67.99809,-38.99576],[-68.01194,-38.97925],[-68.00028,-38.97365],[-68.00738,-38.95938],[-68.03941,-38.94189],[-68.05036,-38.91207],[-68.06923,-38.90294],[-68.07151,-38.87151],[-68.09405,-38.85865],[-68.08118,-38.84829],[-68.11826,-38.79326],[-68.12061,-38.74728],[-68.16312,-38.73789],[-68.25628,-38.67955],[-68.25425,-37.57193],[-68.23829,-37.58522]]],[[[-64.76547,-40.78351],[-64.75998,-40.77439],[-64.75536,-40.77439],[-64.75413,-40.77755],[-64.76547,-40.78351]]],[[[-64.83659,-40.75222],[-64.84328,-40.75621],[-64.83683,-40.75145],[-64.83659,-40.75222]]],[[[-64.90498,-40.74001],[-64.90687,-40.74136],[-64.90688,-40.73919],[-64.90498,-40.74001]]]]}},{"type":"Feature","properties":{"nam":"Santa Cruz","nam_src":"Santa Cruz","label_lon":-70.3956,"label_lat":-49.1967},"geometry":{"type":"MultiPolygon","coordinates":[[[[-72.69933,-48.89749],[-72.68842,-48.86478],[-72.63957,-48.86616],[-72.53052,-48.79333],[-72.54263,-48.74039],[-72.53544,-48.66547],[-72.58575,-48.48732],[-72.53572,-48.48268],[-72.50242,-48.51855],[-72.44159,-48.51409],[-72.39358,-48.483],[-72.37351,-48.44982],[-72.40891,-48.43273],[-72.40641,-48.41608],[-72.34776,-48.3902],[-72.37697,-48.37154],[-72.38069,-48.35013],[-72.34355,-48.34533],[-72.27798,-48.36261],[-72.24107,-48.34832],[-72.22674,-48.32197],[-72.3167,-48.23401],[-72.32581,-48.21546],[-72.30711,-48.20121],[-72.29974,-48.15848],[-72.32774,-48.11573],[-72.35595,-48.10072],[-72.36102,-48.07332],[-72.41675,-48.07786],[-72.44445,-48.06432],[-72.41947,-48.00191],[-72.42499,-47.96884],[-72.46051,-47.95584],[-72.49837,-47.96062],[-72.52811,-47.93719],[-72.49859,-47.87445],[-72.47784,-47.87044],[-72.46813,-47.81274],[-72.49557,-47.79739],[-72.52305,-47.74086],[-72.4836,-47.75889],[-72.46632,-47.73769],[-72.44207,-47.74538],[-72.43539,-47.73291],[-72.45035,-47.70512],[-72.41764,-47.69461],[-72.40935,-47.67758],[-72.42097,-47.66172],[-72.39834,-47.65853],[-72.37987,-47.636],[-72.35306,-47.63571],[-72.30934,-47.59067],[-72.32751,-47.57234],[-72.29143,-47.512],[-72.30851,-47.47955],[-72.32705,-47.48168],[-72.34135,-47.45542],[-72.29386,-47.4459],[-72.24479,-47.40578],[-72.19756,-47.4168],[-72.16134,-47.39492],[-72.12832,-47.32872],[-72.04736,-47.3403],[-72.03624,-47.31955],[-71.99785,-47.29664],[-72.01634,-47.24814],[-72.00086,-47.21531],[-72.01889,-47.19826],[-71.86436,-47.2301],[-71.89482,-47.21092],[-71.87992,-47.20466],[-71.88931,-47.17996],[-71.85052,-47.16361],[-71.86021,-47.13086],[-71.88064,-47.10686],[-71.95441,-47.07622],[-71.90386,-47.05051],[-71.88083,-47.01092],[-71.89647,-46.99626],[-71.93213,-46.99448],[-71.91854,-46.98525],[-71.93089,-46.97717],[-71.9577,-46.97451],[-71.95149,-46.95739],[-71.9707,-46.90536],[-71.93116,-46.86794],[-71.93348,-46.83938],[-71.95538,-46.81518],[-71.91555,-46.79815],[-71.83402,-46.79703],[-71.64355,-46.68127],[-71.64688,-46.63418],[-71.66692,-46.5973],[-71.66957,-46.52855],[-71.75697,-46.34554],[-71.72822,-46.30706],[-71.72723,-46.27211],[-71.7801,-46.19723],[-71.8601,-46.19387],[-71.87761,-46.16556],[-71.875,-46.16046],[-71.86651,-46.15787],[-71.86492,-46.15672],[-71.90043,-46.16394],[-71.9152,-46.13961],[-71.82238,-46.11008],[-71.78545,-46.12213],[-71.74855,-46.09167],[-71.71531,-46.08929],[-71.64601,-45.99991],[-67.59571,-45.99987],[-67.58597,-46.02228],[-67.62402,-46.04874],[-67.61494,-46.06574],[-67.62724,-46.08363],[-67.61367,-46.23144],[-67.56737,-46.34907],[-67.44028,-46.54854],[-67.35532,-46.61884],[-67.25446,-46.64623],[-67.23052,-46.67401],[-67.20063,-46.67362],[-67.19085,-46.68682],[-67.15627,-46.68787],[-67.1488,-46.70224],[-67.12163,-46.70744],[-67.12515,-46.72322],[-67.09554,-46.73502],[-67.09977,-46.74859],[-67.08177,-46.75024],[-67.07561,-46.77403],[-67.02747,-46.81486],[-66.98494,-46.82881],[-66.97355,-46.84907],[-66.95092,-46.84698],[-66.89941,-46.91201],[-66.85886,-46.93279],[-66.85658,-46.94685],[-66.79193,-46.99914],[-66.7101,-47.03309],[-66.65916,-47.03015],[-66.63051,-47.04579],[-66.49778,-47.03828],[-66.1977,-47.0874],[-65.94069,-47.07218],[-65.90302,-47.09547],[-65.86738,-47.0921],[-65.86475,-47.10633],[-65.84668,-47.10913],[-65.84163,-47.13938],[-65.73551,-47.20216],[-65.75772,-47.22206],[-65.71785,-47.33216],[-65.7398,-47.51024],[-65.84489,-47.73462],[-65.83864,-47.74682],[-65.8996,-47.75873],[-66.0014,-47.7453],[-66.00098,-47.73297],[-66.00531,-47.73077],[-66.00232,-47.74371],[-66.03442,-47.74408],[-66.10529,-47.79901],[-66.12341,-47.80798],[-66.15039,-47.80701],[-66.19501,-47.82001],[-66.2818,-47.86877],[-66.28198,-47.8714],[-66.19019,-47.82953],[-66.0882,-47.81299],[-65.97809,-47.7627],[-65.93829,-47.76691],[-65.9104,-47.7619],[-65.88086,-47.76269],[-65.89826,-47.76709],[-65.88002,-47.77424],[-65.87909,-47.79922],[-65.86504,-47.80108],[-65.87579,-47.80916],[-65.85819,-47.87278],[-65.82098,-47.90457],[-65.76823,-47.90735],[-65.76347,-47.91936],[-65.78527,-47.92341],[-65.7904,-47.93803],[-65.76509,-47.95014],[-65.83102,-47.96539],[-65.84681,-47.93908],[-65.86751,-47.94871],[-65.87893,-47.93409],[-65.92417,-47.93969],[-65.95146,-47.97641],[-65.92412,-47.99024],[-65.94293,-48.00393],[-65.93187,-48.01721],[-65.95324,-48.01446],[-65.94087,-48.03085],[-65.98037,-48.05074],[-65.94026,-48.07505],[-65.90437,-48.08037],[-65.89643,-48.10303],[-65.91762,-48.09675],[-65.9081,-48.10561],[-65.94012,-48.11251],[-65.94091,-48.12473],[-65.9528,-48.10293],[-65.97553,-48.09999],[-66.12106,-48.12359],[-66.14462,-48.16458],[-66.16429,-48.17267],[-66.15993,-48.19046],[-66.22825,-48.2013],[-66.26265,-48.23795],[-66.33756,-48.27716],[-66.36018,-48.31472],[-66.33388,-48.35468],[-66.343,-48.3688],[-66.34986,-48.35507],[-66.44804,-48.35231],[-66.47481,-48.36615],[-66.46708,-48.40014],[-66.49435,-48.41747],[-66.64761,-48.43218],[-66.75319,-48.47317],[-66.77164,-48.49836],[-66.83105,-48.52304],[-66.87327,-48.57419],[-66.87526,-48.59338],[-66.99058,-48.61344],[-67.1297,-48.68514],[-67.15159,-48.74839],[-67.18628,-48.77271],[-67.19289,-48.81321],[-67.21993,-48.838],[-67.41309,-48.91271],[-67.55362,-49.0166],[-67.59907,-49.10355],[-67.63562,-49.13824],[-67.6329,-49.15628],[-67.61373,-49.16089],[-67.61389,-49.18518],[-67.66461,-49.20349],[-67.6748,-49.22058],[-67.6676,-49.24591],[-67.6889,-49.26178],[-67.74139,-49.27533],[-67.7157,-49.31781],[-67.7608,-49.3139],[-67.79761,-49.328],[-67.80469,-49.34277],[-67.79498,-49.36322],[-67.77209,-49.38068],[-67.8194,-49.37659],[-67.83752,-49.38678],[-67.8186,-49.40552],[-67.71381,-49.38593],[-67.68542,-49.35358],[-67.6991,-49.3089],[-67.67273,-49.29852],[-67.66809,-49.25519],[-67.61275,-49.25027],[-67.6036,-49.29567],[-67.66658,-49.40478],[-67.68758,-49.48193],[-67.72049,-49.63596],[-67.71545,-49.69943],[-67.72967,-49.7759],[-67.79381,-49.88964],[-67.85517,-49.96319],[-68.00394,-50.05156],[-68.1415,-50.10375],[-68.33879,-50.12214],[-68.41638,-50.05902],[-68.47699,-49.96741],[-68.53192,-49.93359],[-68.55829,-49.87219],[-68.63739,-49.77759],[-68.57141,-49.93683],[-68.65912,-49.9649],[-68.87451,-49.96582],[-68.89612,-49.9715],[-68.9328,-50.0],[-68.85907,-49.96918],[-68.67291,-49.99329],[-68.58069,-49.96442],[-68.50928,-50.01978],[-68.51312,-50.0531],[-68.4903,-50.08801],[-68.45172,-50.11072],[-68.4115,-50.11548],[-68.39679,-50.13141],[-68.36078,-50.13538],[-68.35491,-50.15131],[-68.40721,-50.18624],[-68.73733,-50.28955],[-68.77326,-50.28815],[-68.88001,-50.33562],[-68.87931,-50.36085],[-68.9066,-50.36346],[-68.97099,-50.41987],[-69.07931,-50.56533],[-69.09262,-50.62287],[-69.14103,-50.72724],[-69.13202,-50.89959],[-69.21401,-50.94473],[-69.22521,-50.97489],[-69.24011,-50.95782],[-69.32123,-50.9884],[-69.38239,-51.0368],[-69.3725,-51.0481],[-69.39612,-51.07971],[-69.44128,-51.08978],[-69.4649,-51.11261],[-69.44031,-51.10901],[-69.4386,-51.11029],[-69.44281,-51.11139],[-69.44232,-51.1145],[-69.43433,-51.11371],[-69.20551,-50.97528],[-69.16613,-50.98089],[-69.10858,-51.16699],[-68.99773,-51.4472],[-68.95291,-51.52801],[-68.94637,-51.5543],[-68.95853,-51.57199],[-68.97927,-51.58243],[-69.00128,-51.55988],[-69.03729,-51.56073],[-69.1347,-51.60321],[-69.34412,-51.55157],[-69.49481,-51.58508],[-69.6178,-51.62689],[-69.33521,-51.58551],[-69.10339,-51.63428],[-69.12408,-51.64178],[-69.11731,-51.65509],[-69.0141,-51.60638],[-68.96133,-51.62389],[-68.70845,-51.98125],[-68.35253,-52.32255],[-68.35473,-52.33639],[-68.4326,-52.39769],[-68.41843,-52.38641],[-68.41863,-52.33248],[-68.57348,-52.32518],[-68.58603,-52.3067],[-68.838,-52.27774],[-68.98688,-52.20358],[-69.19001,-52.1501],[-69.48596,-52.15144],[-69.9955,-52.00072],[-71.9215,-51.99998],[-71.96447,-51.97283],[-72.00427,-51.97951],[-72.02907,-51.96768],[-72.032,-51.95865],[-71.9711,-51.92749],[-71.93207,-51.91993],[-71.95101,-51.87162],[-72.02617,-51.80843],[-72.07849,-51.7824],[-72.07586,-51.77316],[-72.11299,-51.76746],[-72.12175,-51.74403],[-72.17923,-51.73825],[-72.16081,-51.72594],[-72.23112,-51.70246],[-72.29711,-51.6994],[-72.28753,-51.66907],[-72.29682,-51.64619],[-72.2833,-51.63853],[-72.31915,-51.62546],[-72.32702,-51.58734],[-72.37704,-51.58445],[-72.38871,-51.59507],[-72.44252,-51.58449],[-72.42631,-51.54686],[-72.39401,-51.52744],[-72.40518,-51.51339],[-72.34466,-51.52074],[-72.35091,-51.48454],[-72.32405,-51.47496],[-72.34087,-51.44959],[-72.33826,-51.42483],[-72.30994,-51.40315],[-72.30897,-51.36645],[-72.32608,-51.34568],[-72.3488,-51.34984],[-72.3717,-51.33626],[-72.36005,-51.31911],[-72.3078,-51.30747],[-72.30642,-51.29295],[-72.26918,-51.28325],[-72.25949,-51.25404],[-72.3036,-51.20174],[-72.32257,-51.21057],[-72.34876,-51.20361],[-72.36064,-51.16875],[-72.39575,-51.14542],[-72.40906,-51.10749],[-72.40321,-51.09198],[-72.37618,-51.07998],[-72.37417,-51.02321],[-72.26567,-51.03523],[-72.26724,-50.96365],[-72.24554,-50.90286],[-72.25669,-50.88848],[-72.24806,-50.87503],[-72.26696,-50.8629],[-72.26103,-50.8375],[-72.28034,-50.80994],[-72.34555,-50.75983],[-72.35033,-50.74022],[-72.33702,-50.71926],[-72.30112,-50.70677],[-72.28625,-50.65965],[-72.33805,-50.65046],[-72.35919,-50.61612],[-72.40779,-50.63641],[-72.41611,-50.61992],[-72.49038,-50.6003],[-72.50487,-50.61453],[-72.54844,-50.62055],[-72.57966,-50.6556],[-72.57461,-50.679],[-72.59469,-50.68166],[-72.62332,-50.65737],[-72.65578,-50.66396],[-72.68093,-50.64245],[-72.69842,-50.64552],[-72.72974,-50.61495],[-72.89144,-50.67018],[-72.90546,-50.69719],[-72.95202,-50.71838],[-72.94405,-50.72481],[-72.9547,-50.74096],[-73.00629,-50.76202],[-73.04199,-50.76129],[-73.0697,-50.78888],[-73.09692,-50.77338],[-73.20349,-50.82098],[-73.26752,-50.82397],[-73.28491,-50.7879],[-73.25598,-50.75012],[-73.28601,-50.7395],[-73.18591,-50.70038],[-73.17273,-50.6767],[-73.27081,-50.6488],[-73.2674,-50.62811],[-73.2887,-50.586],[-73.33191,-50.56842],[-73.38641,-50.51642],[-73.3656,-50.50751],[-73.3645,-50.48792],[-73.43262,-50.48309],[-73.4079,-50.46771],[-73.40369,-50.45081],[-73.42249,-50.44263],[-73.41931,-50.42963],[-73.43701,-50.42438],[-73.45538,-50.39258],[-73.48639,-50.38208],[-73.46991,-50.34448],[-73.48071,-50.32568],[-73.51678,-50.289],[-73.56543,-50.27069],[-73.54999,-50.22821],[-73.56,-50.21692],[-73.55518,-50.18439],[-73.52081,-50.15308],[-73.5415,-50.11902],[-73.4895,-50.0816],[-73.48291,-50.05408],[-73.53369,-50.0423],[-73.56659,-50.02039],[-73.50519,-49.96649],[-73.54388,-49.9494],[-73.55261,-49.92389],[-73.49048,-49.8526],[-73.49969,-49.81799],[-73.44531,-49.79388],[-73.46619,-49.77368],[-73.43878,-49.75781],[-73.47638,-49.7179],[-73.50909,-49.7052],[-73.4986,-49.69171],[-73.50458,-49.6629],[-73.46411,-49.6424],[-73.46368,-49.6189],[-73.49219,-49.57922],[-73.53601,-49.56403],[-73.54968,-49.53809],[-73.53961,-49.49823],[-73.48779,-49.50049],[-73.46381,-49.48248],[-73.47961,-49.4613],[-73.47388,-49.44128],[-73.49042,-49.42871],[-73.46002,-49.40021],[-73.42621,-49.39191],[-73.42908,-49.34399],[-73.41058,-49.3194],[-73.4967,-49.26831],[-73.47308,-49.20331],[-73.14368,-49.271],[-73.04559,-49.27368],[-73.08937,-49.25306],[-73.10355,-49.26698],[-73.13319,-49.26718],[-73.14522,-49.24722],[-73.14543,-49.19015],[-73.11009,-49.15199],[-73.06215,-49.12752],[-73.04493,-49.08087],[-73.00491,-49.06345],[-73.01384,-49.03619],[-72.98137,-49.02916],[-72.98963,-48.99022],[-72.95973,-48.98097],[-72.95083,-48.95034],[-72.92308,-48.93559],[-72.86487,-48.94663],[-72.85062,-48.96609],[-72.79459,-48.96808],[-72.76632,-48.94573],[-72.74814,-48.91029],[-72.69933,-48.89749]]],[[[-65.99021,-47.76168],[-66.00306,-47.77211],[-66.05481,-47.78642],[-66.03894,-47.76757],[-65.99021,-47.76168]]],[[[-69.4402,-51.09063],[-69.40871,-51.09489],[-69.4352,-51.11322],[-69.43945,-51.10735],[-69.45421,-51.10757],[-69.4402,-51.09063]]],[[[-67.69249,-49.26551],[-67.70476,-49.28486],[-67.73364,-49.27687],[-67.69249,-49.26551]]],[[[-67.68598,-49.2826],[-67.70103,-49.2989],[-67.70638,-49.29493],[-67.68598,-49.2826]]],[[[-65.7168,-47.90525],[-65.71069,-47.91438],[-65.72606,-47.91148],[-65.7168,-47.90525]]],[[[-66.15117,-47.81456],[-66.1603,-47.81335],[-66.14425,-47.81046],[-66.15117,-47.81456]]],[[[-65.9409,-47.75812],[-65.93855,-47.76587],[-65.94772,-47.75996],[-65.9409,-47.75812]]],[[[-66.06587,-47.77625],[-66.07326,-47.78374],[-66.08006,-47.78288],[-66.06587,-47.77625]]],[[[-66.16324,-47.81754],[-66.17701,-47.8185],[-66.16208,-47.81664],[-66.16324,-47.81754]]],[[[-67.04303,-48.751],[-67.04799,-48.75249],[-67.04432,-48.7491],[-67.04303,-48.751]]],[[[-66.05293,-47.77036],[-66.06007,-47.77339],[-66.05246,-47.76846],[-66.05293,-47.77036]]],[[[-65.89801,-48.07368],[-65.89834,-48.07916],[-65.90244,-48.07733],[-65.89801,-48.07368]]],[[[-65.73614,-47.91613],[-65.74229,-47.92091],[-65.73673,-47.91486],[-65.73614,-47.91613]]],[[[-67.13456,-48.73649],[-67.14062,-48.7361],[-67.13567,-48.73454],[-67.13456,-48.73649]]],[[[-65.96995,-47.75506],[-65.96541,-47.75198],[-65.96371,-47.75301],[-65.96995,-47.75506]]],[[[-65.8907,-48.0824],[-65.88934,-48.08633],[-65.89655,-48.08337],[-65.8907,-48.0824]]],[[[-65.86323,-47.95946],[-65.86629,-47.95895],[-65.86221,-47.9566],[-65.86323,-47.95946]]],[[[-65.9011,-48.00571],[-65.90354,-48.00422],[-65.89841,-48.00339],[-65.9011,-48.00571]]],[[[-65.98472,-48.1076],[-65.98714,-48.1107],[-65.98797,-48.10942],[-65.98472,-48.1076]]],[[[-65.89384,-48.11284],[-65.89672,-48.11502],[-65.89721,-48.11194],[-65.89384,-48.11284]]],[[[-67.05621,-48.74945],[-67.05953,-48.74798],[-67.05592,-48.74797],[-67.05621,-48.74945]]],[[[-65.99102,-48.11242],[-65.995,-48.11346],[-65.99461,-48.11157],[-65.99102,-48.11242]]],[[[-65.75947,-47.9127],[-65.75558,-47.91423],[-65.76085,-47.91339],[-65.75947,-47.9127]]],[[[-66.22004,-48.24643],[-66.22255,-48.24585],[-66.21935,-48.24466],[-66.22004,-48.24643]]],[[[-65.76256,-47.9511],[-65.76245,-47.95367],[-65.76411,-47.95226],[-65.76256,-47.9511]]],[[[-66.10792,-48.12552],[-66.10451,-48.12544],[-66.10329,-48.12577],[-66.10792,-48.12552]]],[[[-66.32396,-48.35979],[-66.32603,-48.35917],[-66.3242,-48.35807],[-66.32396,-48.35979]]],[[[-65.88979,-48.08689],[-65.89217,-48.08719],[-65.89199,-48.08613],[-65.88979,-48.08689]]],[[[-67.14325,-48.74331],[-67.14455,-48.74524],[-67.14524,-48.7438],[-67.14325,-48.74331]]],[[[-65.8704,-47.94869],[-65.87227,-47.95005],[-65.87251,-47.94886],[-65.8704,-47.94869]]],[[[-65.88905,-48.00011],[-65.88784,-48.00182],[-65.89017,-48.00145],[-65.88905,-48.00011]]],[[[-65.87012,-47.95607],[-65.87097,-47.95471],[-65.86816,-47.95477],[-65.87012,-47.95607]]],[[[-66.08429,-48.12969],[-66.08714,-48.12927],[-66.08739,-48.12857],[-66.08429,-48.12969]]],[[[-65.87003,-47.95817],[-65.87148,-47.95967],[-65.87196,-47.95943],[-65.87003,-47.95817]]],[[[-66.10891,-48.14107],[-66.10918,-48.14203],[-66.11021,-48.14148],[-66.10891,-48.14107]]],[[[-65.92471,-48.00636],[-65.92584,-48.00721],[-65.92603,-48.00663],[-65.92471,-48.00636]]]]}},{"type":"Feature","properties":{"nam":"Tierra del Fuego","nam_src":"Tierra del Fuego, Antártida e Islas del Atlántico Sur","label_lon":-68.0924,"label_lat":-53.8598},"geometry":{"type":"MultiPolygon","coordinates":[[[[-68.28767,-52.95143],[-68.2015,-53.14196],[-68.21464,-53.15281],[-68.21121,-53.1263],[-68.26868,-53.04252],[-68.26675,-53.01611],[-68.35955,-53.01789],[-68.39031,-53.03717],[-68.39096,-53.05073],[-68.41887,-53.05144],[-68.41651,-53.06386],[-68.44778,-53.07993],[-68.44613,-53.09185],[-68.50131,-53.10527],[-68.49389,-53.11605],[-68.53815,-53.14441],[-68.55606,-53.19565],[-68.54844,-53.24752],[-68.46375,-53.29369],[-68.38706,-53.31197],[-68.30787,-53.32125],[-68.2066,-53.30669],[-68.13707,-53.33134],[-68.08291,-53.38968],[-68.04418,-53.50804],[-67.99016,-53.58451],[-67.91133,-53.65267],[-67.72614,-53.75407],[-67.68174,-53.79717],[-67.73629,-53.80533],[-67.77533,-53.83573],[-67.73282,-53.81149],[-67.68144,-53.80622],[-67.67309,-53.79333],[-67.68359,-53.7879],[-67.67432,-53.78525],[-67.54567,-53.84045],[-67.54301,-53.84821],[-67.57351,-53.85077],[-67.57984,-53.86886],[-67.5352,-53.92711],[-67.48728,-53.94386],[-67.43684,-53.98436],[-67.33457,-54.01686],[-67.34503,-54.02457],[-67.32971,-54.04137],[-67.15882,-54.11161],[-67.16439,-54.1198],[-67.0813,-54.13198],[-66.95468,-54.18192],[-66.89996,-54.21751],[-66.73396,-54.26034],[-66.7421,-54.26596],[-66.73392,-54.27648],[-66.69094,-54.2829],[-66.7046,-54.2909],[-66.69247,-54.29894],[-66.70027,-54.30275],[-66.68433,-54.30608],[-66.66101,-54.34343],[-66.54413,-54.4024],[-66.55674,-54.40982],[-66.55222,-54.42053],[-66.465,-54.47873],[-66.38404,-54.48701],[-66.36441,-54.50105],[-65.9169,-54.61241],[-65.80278,-54.6519],[-65.68418,-54.66343],[-65.55117,-54.64734],[-65.52266,-54.66376],[-65.5199,-54.67756],[-65.51119,-54.65586],[-65.43081,-54.64215],[-65.44823,-54.65524],[-65.42853,-54.66319],[-65.42077,-54.64506],[-65.40188,-54.64035],[-65.23488,-54.61883],[-65.24544,-54.63053],[-65.23397,-54.63672],[-65.26148,-54.65295],[-65.25453,-54.66332],[-65.23902,-54.6589],[-65.23435,-54.64138],[-65.11676,-54.65823],[-65.19347,-54.69525],[-65.192,-54.72052],[-65.21827,-54.74565],[-65.19775,-54.76278],[-65.21293,-54.77411],[-65.20384,-54.78011],[-65.26387,-54.7959],[-65.22281,-54.81732],[-65.23229,-54.82926],[-65.31327,-54.87311],[-65.30898,-54.90298],[-65.32948,-54.92074],[-65.38214,-54.94107],[-65.4184,-54.93753],[-65.42862,-54.89356],[-65.46828,-54.88859],[-65.49941,-54.90177],[-65.49417,-54.92566],[-65.51102,-54.93494],[-65.55785,-54.9485],[-65.56456,-54.93642],[-65.60363,-54.94384],[-65.63684,-54.97001],[-65.71901,-54.97136],[-65.71182,-54.93429],[-65.73911,-54.90985],[-65.76607,-54.91305],[-65.77743,-54.90146],[-65.82455,-54.91556],[-65.84716,-54.90192],[-65.89182,-54.90037],[-65.91198,-54.91225],[-65.98239,-54.9026],[-65.99575,-54.91842],[-65.95813,-54.94101],[-65.97136,-54.96837],[-66.10766,-54.99493],[-66.33409,-54.9965],[-66.37082,-55.01073],[-66.35907,-55.02862],[-66.37216,-55.03957],[-66.45025,-55.05751],[-66.52159,-55.05675],[-66.64883,-55.02818],[-66.71867,-55.00534],[-66.76447,-54.96074],[-66.93402,-54.94178],[-67.15388,-54.89292],[-67.28219,-54.87936],[-67.276,-54.88775],[-67.28974,-54.87567],[-67.27202,-54.88013],[-67.27845,-54.86999],[-67.29518,-54.87205],[-67.28718,-54.87839],[-67.30266,-54.88735],[-67.35269,-54.86611],[-67.34224,-54.87496],[-67.36673,-54.87148],[-67.34144,-54.88273],[-67.35942,-54.87976],[-67.40951,-54.88941],[-67.41642,-54.88113],[-67.44086,-54.88119],[-67.45052,-54.86564],[-67.49506,-54.86721],[-67.49192,-54.86978],[-67.50631,-54.87463],[-67.49488,-54.86692],[-67.50576,-54.85349],[-67.60546,-54.88136],[-67.70346,-54.88603],[-67.82583,-54.85974],[-68.03331,-54.85021],[-68.10519,-54.82686],[-68.20128,-54.81651],[-68.24853,-54.79503],[-68.31521,-54.8108],[-68.29879,-54.8158],[-68.30464,-54.83208],[-68.26531,-54.83522],[-68.2606,-54.84071],[-68.31035,-54.84892],[-68.32477,-54.84136],[-68.31292,-54.83336],[-68.33027,-54.82979],[-68.44434,-54.85838],[-68.48178,-54.84668],[-68.52313,-54.8582],[-68.56983,-54.84391],[-68.57713,-54.85442],[-68.55564,-54.86281],[-68.501,-54.86691],[-68.56368,-54.89132],[-68.60942,-54.89396],[-68.59641,-54.87298],[-68.59513,-54.79962],[-68.60901,-54.42008],[-68.60623,-52.65827],[-68.56934,-52.70694],[-68.28767,-52.95143]]],[[[-58.90464,-51.27553],[-58.74426,-51.31732],[-58.75052,-51.32297],[-58.72799,-51.33696],[-58.73013,-51.34828],[-58.72053,-51.3411],[-58.72535,-51.32572],[-58.7433,-51.32265],[-58.73777,-51.31419],[-58.67224,-51.3334],[-58.64101,-51.32294],[-58.62445,-51.35428],[-58.59605,-51.34829],[-58.59522,-51.36027],[-58.57894,-51.34742],[-58.57234,-51.36016],[-58.58165,-51.33996],[-58.56816,-51.32313],[-58.58308,-51.32647],[-58.58502,-51.3423],[-58.61757,-51.35068],[-58.63632,-51.31304],[-58.61038,-51.32132],[-58.58197,-51.29838],[-58.54623,-51.30319],[-58.52934,-51.29339],[-58.50711,-51.30914],[-58.4651,-51.29789],[-58.45738,-51.31647],[-58.41256,-51.31522],[-58.37604,-51.33248],[-58.38138,-51.34726],[-58.34072,-51.35357],[-58.34711,-51.36597],[-58.33177,-51.38688],[-58.37759,-51.3923],[-58.33897,-51.39031],[-58.31468,-51.41544],[-58.32744,-51.42275],[-58.32509,-51.43626],[-58.35722,-51.43326],[-58.3305,-51.43844],[-58.34997,-51.46205],[-58.36534,-51.46519],[-58.35854,-51.45245],[-58.37246,-51.44949],[-58.36504,-51.44411],[-58.36442,-51.43551],[-58.36941,-51.43293],[-58.37784,-51.44606],[-58.45591,-51.45548],[-58.48286,-51.39856],[-58.49502,-51.39798],[-58.50605,-51.42427],[-58.51768,-51.42135],[-58.52039,-51.40711],[-58.48933,-51.38601],[-58.50451,-51.38079],[-58.52739,-51.40499],[-58.55452,-51.40163],[-58.53039,-51.41216],[-58.53774,-51.42111],[-58.59613,-51.43928],[-58.52721,-51.42369],[-58.52305,-51.42915],[-58.54239,-51.43062],[-58.55998,-51.43825],[-58.56695,-51.44795],[-58.57176,-51.44359],[-58.58265,-51.44602],[-58.62641,-51.46739],[-58.59189,-51.46126],[-58.58094,-51.44691],[-58.55887,-51.45083],[-58.55827,-51.43945],[-58.51698,-51.42891],[-58.54128,-51.44453],[-58.50713,-51.43646],[-58.51409,-51.44903],[-58.50274,-51.45345],[-58.53818,-51.45545],[-58.52429,-51.45773],[-58.52301,-51.47105],[-58.55182,-51.46927],[-58.55891,-51.47977],[-58.51768,-51.47517],[-58.51423,-51.48307],[-58.53781,-51.48946],[-58.5274,-51.51159],[-58.51219,-51.5006],[-58.52565,-51.49493],[-58.52015,-51.48611],[-58.5093,-51.49214],[-58.49135,-51.46833],[-58.46648,-51.47742],[-58.47285,-51.49101],[-58.44275,-51.46853],[-58.42459,-51.46844],[-58.43573,-51.47412],[-58.42267,-51.49184],[-58.43709,-51.50135],[-58.40922,-51.49028],[-58.43311,-51.52334],[-58.42084,-51.5344],[-58.46054,-51.54739],[-58.417,-51.56291],[-58.40387,-51.52784],[-58.39158,-51.53739],[-58.3771,-51.53015],[-58.39269,-51.54923],[-58.36787,-51.55143],[-58.37719,-51.55473],[-58.38275,-51.56562],[-58.32782,-51.5671],[-58.34544,-51.55479],[-58.32631,-51.55134],[-58.32598,-51.53756],[-58.30901,-51.54351],[-58.30818,-51.55636],[-58.27571,-51.55563],[-58.27924,-51.56463],[-58.26279,-51.57065],[-58.28321,-51.57214],[-58.26353,-51.59454],[-58.28507,-51.59173],[-58.30412,-51.60456],[-58.30851,-51.61507],[-58.28319,-51.59747],[-58.25144,-51.61443],[-58.27438,-51.62171],[-58.25555,-51.62168],[-58.26557,-51.63772],[-58.25613,-51.64596],[-58.27817,-51.66169],[-58.24107,-51.65416],[-58.25639,-51.65217],[-58.245,-51.63655],[-58.25137,-51.62162],[-58.23671,-51.62557],[-58.24007,-51.63835],[-58.21875,-51.6602],[-58.21206,-51.64932],[-58.21064,-51.65532],[-58.19871,-51.6585],[-58.22498,-51.63709],[-58.21273,-51.64287],[-58.18932,-51.64576],[-58.18992,-51.64778],[-58.17292,-51.64446],[-58.21145,-51.64151],[-58.21717,-51.63307],[-58.2049,-51.63047],[-58.22818,-51.62629],[-58.20412,-51.62274],[-58.23838,-51.61996],[-58.24079,-51.60682],[-58.26044,-51.60036],[-58.24562,-51.59395],[-58.25145,-51.5843],[-58.14554,-51.61187],[-58.21104,-51.58667],[-58.1747,-51.58233],[-58.22513,-51.5795],[-58.24171,-51.57182],[-58.22117,-51.56418],[-58.26256,-51.55345],[-58.21651,-51.54176],[-58.2015,-51.52442],[-58.27695,-51.53273],[-58.26403,-51.51876],[-58.29944,-51.52978],[-58.28366,-51.50265],[-58.29797,-51.48712],[-58.33232,-51.52054],[-58.3373,-51.5101],[-58.37796,-51.51272],[-58.35181,-51.48597],[-58.37581,-51.49155],[-58.38621,-51.4845],[-58.32774,-51.47564],[-58.33871,-51.46678],[-58.31723,-51.4564],[-58.31369,-51.44029],[-58.29728,-51.43908],[-58.28231,-51.39089],[-58.17515,-51.38666],[-58.16008,-51.38469],[-58.16148,-51.3754],[-58.09555,-51.3826],[-58.06239,-51.36887],[-58.01116,-51.38177],[-57.9623,-51.37176],[-57.94419,-51.36093],[-57.90208,-51.37833],[-57.88863,-51.40179],[-57.85138,-51.41306],[-57.87078,-51.43436],[-57.83981,-51.44836],[-57.83462,-51.47864],[-57.73894,-51.51273],[-57.78461,-51.51802],[-57.792,-51.50751],[-57.85877,-51.49706],[-57.8374,-51.48474],[-57.8436,-51.47485],[-57.86616,-51.4963],[-57.89671,-51.49854],[-57.80959,-51.50975],[-57.81148,-51.52009],[-57.76486,-51.5262],[-57.76411,-51.54043],[-57.95419,-51.54041],[-57.98849,-51.52671],[-57.99373,-51.50631],[-58.03446,-51.5089],[-58.06157,-51.49363],[-58.07629,-51.49629],[-58.01747,-51.53555],[-58.11504,-51.5117],[-58.09517,-51.53311],[-58.10269,-51.53058],[-58.11691,-51.53695],[-58.12406,-51.52646],[-58.12031,-51.53707],[-58.16496,-51.54703],[-58.10599,-51.56255],[-58.14946,-51.56748],[-58.10214,-51.57743],[-58.10585,-51.58503],[-58.07327,-51.57821],[-58.10952,-51.5719],[-58.08521,-51.56487],[-58.05853,-51.59209],[-57.97567,-51.58676],[-57.88738,-51.59938],[-57.78342,-51.61694],[-57.72384,-51.64467],[-57.75961,-51.64264],[-57.78665,-51.6615],[-57.81291,-51.64908],[-57.80638,-51.65992],[-57.86006,-51.67558],[-57.87239,-51.67005],[-57.86709,-51.66108],[-57.89045,-51.67038],[-57.92507,-51.6495],[-57.95891,-51.65253],[-57.92907,-51.65049],[-57.91863,-51.66635],[-57.89599,-51.66857],[-57.90606,-51.67316],[-57.83093,-51.68243],[-57.88148,-51.68239],[-57.9189,-51.68549],[-57.92039,-51.68694],[-57.7856,-51.69908],[-57.82706,-51.68255],[-57.78594,-51.67297],[-57.71688,-51.68308],[-57.80467,-51.70451],[-57.82126,-51.7218],[-57.8496,-51.71742],[-57.8695,-51.73011],[-57.89334,-51.72868],[-57.89268,-51.72172],[-57.89687,-51.72],[-57.91103,-51.71828],[-57.89359,-51.72421],[-57.9524,-51.72566],[-57.95434,-51.73322],[-57.9991,-51.73282],[-58.01123,-51.73786],[-57.8565,-51.73909],[-57.88171,-51.74725],[-58.03561,-51.75881],[-58.05126,-51.75567],[-58.04412,-51.75073],[-58.04606,-51.7368],[-58.08451,-51.74137],[-58.04632,-51.75053],[-58.06732,-51.7644],[-58.06467,-51.77156],[-58.15645,-51.76594],[-58.16541,-51.75315],[-58.15245,-51.74016],[-58.18435,-51.74283],[-58.16358,-51.75656],[-58.18932,-51.75516],[-58.19354,-51.76656],[-58.26635,-51.7482],[-58.29748,-51.7474],[-58.29883,-51.7503],[-58.3045,-51.75238],[-58.30533,-51.75365],[-58.2347,-51.75772],[-58.24454,-51.76416],[-58.20096,-51.77733],[-58.23207,-51.78312],[-58.10911,-51.78889],[-58.13538,-51.79141],[-58.11892,-51.7992],[-58.23915,-51.79021],[-58.22994,-51.79668],[-58.28636,-51.80052],[-58.29822,-51.82226],[-58.33377,-51.81158],[-58.32207,-51.82102],[-58.38722,-51.82438],[-58.33901,-51.82622],[-58.32209,-51.8379],[-58.33551,-51.84384],[-58.32083,-51.84385],[-58.32198,-51.83368],[-58.28713,-51.82839],[-58.2952,-51.82255],[-58.28174,-51.80691],[-58.16452,-51.816],[-58.23428,-51.82813],[-58.23579,-51.83812],[-58.21426,-51.846],[-58.22429,-51.86709],[-58.25666,-51.86803],[-58.2261,-51.85677],[-58.22579,-51.8449],[-58.26232,-51.85513],[-58.27524,-51.85005],[-58.27009,-51.85712],[-58.28936,-51.85853],[-58.27881,-51.86417],[-58.31679,-51.86846],[-58.31015,-51.88153],[-58.29968,-51.87967],[-58.3056,-51.87339],[-58.28312,-51.87902],[-58.30255,-51.88535],[-58.37516,-51.88734],[-58.40816,-51.91636],[-58.40081,-51.92258],[-58.46696,-51.92191],[-58.47067,-51.90614],[-58.42744,-51.91658],[-58.40465,-51.90951],[-58.42883,-51.90561],[-58.40318,-51.9008],[-58.50398,-51.89519],[-58.50775,-51.88522],[-58.53708,-51.87934],[-58.53643,-51.8686],[-58.54155,-51.86492],[-58.51864,-51.8601],[-58.5581,-51.85704],[-58.54874,-51.84754],[-58.56304,-51.8469],[-58.56171,-51.83936],[-58.56953,-51.83606],[-58.56593,-51.82958],[-58.59324,-51.83119],[-58.57985,-51.83138],[-58.56415,-51.84769],[-58.55192,-51.84872],[-58.56869,-51.85003],[-58.5388,-51.87204],[-58.54809,-51.88226],[-58.51239,-51.89263],[-58.59567,-51.88766],[-58.55699,-51.89753],[-58.56069,-51.90737],[-58.57348,-51.89942],[-58.62464,-51.89512],[-58.63982,-51.90526],[-58.64143,-51.89439],[-58.67829,-51.9044],[-58.68529,-51.89172],[-58.63894,-51.89312],[-58.62966,-51.88449],[-58.66859,-51.89153],[-58.69483,-51.87673],[-58.71893,-51.87261],[-58.69058,-51.88148],[-58.69158,-51.89405],[-58.74362,-51.88206],[-58.73503,-51.88783],[-58.7565,-51.88708],[-58.75364,-51.89943],[-58.78157,-51.89539],[-58.81161,-51.88215],[-58.7952,-51.88098],[-58.81087,-51.86739],[-58.80534,-51.8757],[-58.85748,-51.85727],[-58.85259,-51.85306],[-58.83639,-51.85873],[-58.8199,-51.85934],[-58.81427,-51.85686],[-58.88298,-51.83626],[-58.87267,-51.83977],[-58.88807,-51.84642],[-58.85658,-51.85276],[-58.8623,-51.86398],[-58.93265,-51.84163],[-58.93715,-51.82236],[-58.92637,-51.8235],[-58.92215,-51.81696],[-58.92104,-51.81268],[-58.93785,-51.82026],[-58.94871,-51.80508],[-58.94087,-51.78922],[-58.95019,-51.78729],[-58.95334,-51.80333],[-58.9662,-51.80205],[-58.95628,-51.80669],[-58.9728,-51.82517],[-58.96467,-51.83103],[-58.98548,-51.84199],[-58.96981,-51.83679],[-58.97701,-51.84653],[-58.97301,-51.85022],[-58.98592,-51.857],[-59.02148,-51.84917],[-59.08687,-51.85739],[-59.08275,-51.84426],[-59.09218,-51.84027],[-59.11561,-51.83593],[-59.09212,-51.85479],[-59.13428,-51.88208],[-59.11624,-51.88287],[-59.09221,-51.8586],[-59.01899,-51.85362],[-59.00601,-51.86117],[-59.0276,-51.88589],[-59.01344,-51.87937],[-59.00327,-51.85776],[-58.98733,-51.86062],[-58.99135,-51.86801],[-58.98864,-51.87365],[-58.98707,-51.86368],[-58.97481,-51.85495],[-58.97327,-51.86566],[-58.96656,-51.86121],[-58.96504,-51.86428],[-58.95555,-51.86226],[-58.94963,-51.8658],[-58.96248,-51.8674],[-58.95605,-51.87472],[-58.9107,-51.88191],[-58.89416,-51.90195],[-58.76036,-51.93666],[-58.80224,-51.94475],[-58.82784,-51.92195],[-58.88709,-51.91913],[-58.87546,-51.91161],[-58.88285,-51.90628],[-58.89066,-51.90756],[-58.8927,-51.90428],[-58.90655,-51.90249],[-58.90758,-51.89814],[-58.91458,-51.89753],[-58.91181,-51.90319],[-58.89323,-51.91009],[-58.88297,-51.9083],[-58.89422,-51.92677],[-58.8416,-51.93297],[-58.85347,-51.93616],[-58.85516,-51.94076],[-58.86224,-51.94459],[-58.8623,-51.94661],[-58.83289,-51.93428],[-58.80465,-51.94825],[-58.81604,-51.95101],[-58.80102,-51.95524],[-58.80759,-51.95992],[-58.80647,-51.96343],[-58.79537,-51.95303],[-58.76912,-51.95619],[-58.78016,-51.96186],[-58.76306,-51.97092],[-58.76736,-51.98753],[-58.75279,-51.97263],[-58.76256,-51.96197],[-58.7412,-51.95985],[-58.74431,-51.95228],[-58.72492,-51.96706],[-58.72565,-51.9515],[-58.6993,-51.95249],[-58.69314,-51.97351],[-58.67648,-51.95956],[-58.65236,-51.96159],[-58.64841,-51.97544],[-58.62625,-51.96554],[-58.62635,-51.98253],[-58.61396,-51.97497],[-58.60519,-51.9833],[-58.62286,-51.98925],[-58.60207,-51.99085],[-58.63153,-52.006],[-58.58606,-52.01503],[-58.68801,-52.02376],[-58.67243,-52.04103],[-58.66531,-52.03096],[-58.64597,-52.03608],[-58.63586,-52.05115],[-58.66301,-52.05472],[-58.64471,-52.09116],[-58.65346,-52.10143],[-58.63914,-52.11095],[-58.65547,-52.11714],[-58.65963,-52.14148],[-58.66876,-52.12232],[-58.6935,-52.12305],[-58.67471,-52.09586],[-58.70148,-52.08769],[-58.7053,-52.0687],[-58.72046,-52.06382],[-58.73837,-52.07944],[-58.73622,-52.05011],[-58.78037,-52.04754],[-58.82258,-52.02394],[-58.81373,-52.05678],[-58.85729,-52.05333],[-58.86734,-52.04212],[-58.87832,-52.04657],[-58.8803,-52.04242],[-58.89043,-52.04021],[-58.89564,-52.03449],[-58.89634,-52.03419],[-58.89704,-52.03438],[-58.89024,-52.04879],[-58.86776,-52.05703],[-58.87283,-52.07429],[-58.85975,-52.08456],[-58.88702,-52.07464],[-58.92821,-52.11736],[-58.95284,-52.06051],[-58.98865,-52.09752],[-59.00463,-52.04604],[-58.98486,-52.04513],[-59.01817,-52.04391],[-59.01555,-52.0203],[-59.059,-52.04306],[-59.07336,-52.01548],[-59.1008,-52.03044],[-59.11748,-52.01641],[-59.11043,-52.00177],[-59.13817,-51.99739],[-59.13407,-51.98244],[-59.13678,-51.97714],[-59.15447,-51.99631],[-59.17809,-51.97609],[-59.18954,-51.97225],[-59.15749,-51.9994],[-59.17093,-52.01289],[-59.23893,-52.01098],[-59.24629,-51.9983],[-59.27825,-51.99026],[-59.26998,-52.00349],[-59.28154,-52.0118],[-59.31891,-52.01306],[-59.28602,-52.01357],[-59.29459,-52.02928],[-59.26576,-52.00682],[-59.18845,-52.02822],[-59.19068,-52.04418],[-59.23558,-52.05381],[-59.19877,-52.05262],[-59.19065,-52.06519],[-59.2127,-52.0808],[-59.17126,-52.05648],[-59.16578,-52.06387],[-59.13894,-52.03471],[-59.14476,-52.06333],[-59.13642,-52.05588],[-59.09975,-52.07949],[-59.17843,-52.09176],[-59.1778,-52.10269],[-59.15667,-52.0952],[-59.14925,-52.1086],[-59.13333,-52.09414],[-59.115,-52.10953],[-59.06798,-52.10295],[-59.07359,-52.11769],[-59.10222,-52.12623],[-59.116,-52.11817],[-59.13817,-52.13981],[-59.14928,-52.13791],[-59.18008,-52.14513],[-59.16141,-52.14305],[-59.1715,-52.15367],[-59.15965,-52.14432],[-59.14352,-52.14367],[-59.15787,-52.16214],[-59.11047,-52.13547],[-59.10165,-52.14898],[-59.11868,-52.16514],[-59.07339,-52.13712],[-59.02383,-52.14408],[-59.02546,-52.15607],[-59.0465,-52.15823],[-59.04103,-52.16658],[-59.07347,-52.16913],[-59.05955,-52.18105],[-59.08705,-52.18087],[-59.10385,-52.1982],[-59.08922,-52.19667],[-59.09234,-52.21466],[-59.07171,-52.19879],[-59.02311,-52.20455],[-59.05461,-52.2189],[-59.05059,-52.23548],[-59.02649,-52.23115],[-59.05428,-52.2425],[-59.01137,-52.25561],[-59.06817,-52.24372],[-59.06398,-52.23304],[-59.10496,-52.24197],[-59.12846,-52.22219],[-59.15047,-52.22465],[-59.15753,-52.21019],[-59.19979,-52.20328],[-59.22301,-52.22643],[-59.24118,-52.219],[-59.23628,-52.21135],[-59.25945,-52.19128],[-59.24615,-52.18836],[-59.24781,-52.17392],[-59.26599,-52.17617],[-59.26774,-52.1636],[-59.28335,-52.17119],[-59.29813,-52.16267],[-59.31372,-52.18461],[-59.32556,-52.17947],[-59.29219,-52.14051],[-59.34931,-52.1612],[-59.36772,-52.11102],[-59.37103,-52.1447],[-59.3955,-52.13766],[-59.39189,-52.129],[-59.40441,-52.11638],[-59.40942,-52.11523],[-59.40112,-52.14856],[-59.38042,-52.1572],[-59.41476,-52.16137],[-59.41505,-52.14155],[-59.45473,-52.12459],[-59.44139,-52.13458],[-59.4543,-52.14002],[-59.43767,-52.14025],[-59.43564,-52.15263],[-59.491,-52.16627],[-59.4534,-52.16114],[-59.39922,-52.17718],[-59.40623,-52.18716],[-59.42191,-52.18102],[-59.46627,-52.19608],[-59.42313,-52.19286],[-59.46146,-52.22448],[-59.40849,-52.20422],[-59.405,-52.21325],[-59.43311,-52.22311],[-59.417,-52.2208],[-59.434,-52.24386],[-59.37788,-52.20512],[-59.36361,-52.21454],[-59.33,-52.21127],[-59.38782,-52.22638],[-59.34356,-52.23839],[-59.34181,-52.25372],[-59.41466,-52.28399],[-59.39703,-52.28796],[-59.34803,-52.26788],[-59.33602,-52.28352],[-59.37475,-52.29265],[-59.38778,-52.30428],[-59.38435,-52.31853],[-59.33544,-52.3352],[-59.33611,-52.34623],[-59.31568,-52.32983],[-59.29782,-52.3325],[-59.3082,-52.35066],[-59.36408,-52.35937],[-59.36718,-52.34848],[-59.39179,-52.34596],[-59.3702,-52.34285],[-59.37352,-52.33409],[-59.42591,-52.33115],[-59.40702,-52.32589],[-59.4149,-52.31027],[-59.49771,-52.31189],[-59.47832,-52.2754],[-59.51091,-52.27367],[-59.49278,-52.26427],[-59.51478,-52.25494],[-59.50861,-52.24284],[-59.54654,-52.25985],[-59.56255,-52.25149],[-59.5838,-52.25987],[-59.59427,-52.24468],[-59.5523,-52.20499],[-59.63091,-52.20916],[-59.6138,-52.1884],[-59.646,-52.18239],[-59.62422,-52.17439],[-59.64354,-52.15973],[-59.66153,-52.16931],[-59.69126,-52.1368],[-59.70275,-52.1424],[-59.73519,-52.12604],[-59.70706,-52.10757],[-59.73155,-52.09713],[-59.69497,-52.09637],[-59.68517,-52.10898],[-59.66931,-52.09982],[-59.66401,-52.10857],[-59.67987,-52.12429],[-59.66609,-52.12734],[-59.64044,-52.1117],[-59.63786,-52.12893],[-59.60739,-52.12205],[-59.64074,-52.08404],[-59.61472,-52.07912],[-59.61619,-52.09123],[-59.60394,-52.093],[-59.55034,-52.06748],[-59.61375,-52.0486],[-59.62005,-52.03409],[-59.59073,-52.02987],[-59.64548,-52.01816],[-59.65394,-52.00582],[-59.54564,-52.00516],[-59.58859,-51.99936],[-59.60959,-51.9779],[-59.62357,-51.97955],[-59.62139,-51.96852],[-59.64825,-51.96513],[-59.60954,-51.96887],[-59.59499,-51.98536],[-59.51946,-51.97281],[-59.52766,-51.96908],[-59.51821,-51.96253],[-59.61472,-51.95062],[-59.60955,-51.91665],[-59.59146,-51.90439],[-59.57114,-51.9134],[-59.57396,-51.92293],[-59.53876,-51.93121],[-59.52837,-51.92312],[-59.51592,-51.93889],[-59.49772,-51.93763],[-59.50518,-51.92408],[-59.4701,-51.92837],[-59.47477,-51.91638],[-59.52762,-51.90295],[-59.52696,-51.88453],[-59.53804,-51.88197],[-59.52107,-51.87141],[-59.49895,-51.89428],[-59.4421,-51.89162],[-59.48681,-51.88456],[-59.45862,-51.86568],[-59.5154,-51.85765],[-59.49587,-51.84895],[-59.50475,-51.84463],[-59.49803,-51.83606],[-59.44862,-51.82387],[-59.45545,-51.84728],[-59.41079,-51.81293],[-59.40351,-51.82472],[-59.41457,-51.84014],[-59.39312,-51.83327],[-59.3987,-51.84257],[-59.37858,-51.85931],[-59.37725,-51.83326],[-59.35369,-51.82732],[-59.36116,-51.80006],[-59.35148,-51.78918],[-59.33793,-51.78644],[-59.34145,-51.79772],[-59.32702,-51.79564],[-59.32457,-51.81082],[-59.30347,-51.79084],[-59.29052,-51.79299],[-59.30172,-51.80777],[-59.2925,-51.79644],[-59.27221,-51.79838],[-59.29153,-51.7766],[-59.30226,-51.78078],[-59.30533,-51.76042],[-59.2693,-51.74334],[-59.25378,-51.75854],[-59.2625,-51.76625],[-59.24888,-51.76666],[-59.23905,-51.75231],[-59.25354,-51.74755],[-59.2321,-51.72174],[-59.21057,-51.72125],[-59.22411,-51.76507],[-59.1979,-51.72199],[-59.1752,-51.73748],[-59.17544,-51.7428],[-59.17444,-51.7451],[-59.17272,-51.74511],[-59.16678,-51.74334],[-59.18003,-51.73344],[-59.1576,-51.7211],[-59.15662,-51.70643],[-59.05585,-51.69039],[-59.04331,-51.71241],[-59.05868,-51.72383],[-59.04028,-51.74175],[-59.05314,-51.74499],[-59.03422,-51.74524],[-59.05242,-51.75335],[-59.02958,-51.75571],[-59.02506,-51.77463],[-59.04537,-51.7734],[-59.07135,-51.78466],[-59.04366,-51.7862],[-59.02921,-51.80942],[-59.042,-51.80843],[-59.04976,-51.82645],[-59.0285,-51.8313],[-59.02017,-51.82857],[-59.03367,-51.82597],[-59.02942,-51.8164],[-59.00922,-51.82387],[-59.01349,-51.81416],[-58.98553,-51.80146],[-58.98429,-51.78513],[-58.97645,-51.78841],[-58.94942,-51.77394],[-58.97875,-51.78455],[-59.00508,-51.77448],[-59.00199,-51.76274],[-58.99294,-51.77219],[-58.98658,-51.76819],[-59.00355,-51.75958],[-58.99611,-51.74869],[-59.007,-51.74881],[-59.00852,-51.71113],[-59.02591,-51.71202],[-59.02356,-51.71839],[-59.0241,-51.72722],[-59.04095,-51.69867],[-59.01877,-51.6877],[-59.03502,-51.6783],[-59.03435,-51.67701],[-59.01697,-51.67785],[-59.01949,-51.68129],[-59.01076,-51.68722],[-59.00524,-51.68918],[-59.0066,-51.68142],[-59.02493,-51.67191],[-58.99675,-51.68586],[-58.99807,-51.67613],[-59.04836,-51.6532],[-58.97964,-51.67597],[-58.97718,-51.67065],[-59.04256,-51.6425],[-59.07363,-51.64397],[-59.10827,-51.61286],[-59.17886,-51.5844],[-59.11311,-51.52885],[-59.12833,-51.49622],[-59.08684,-51.52913],[-59.07326,-51.55448],[-59.07977,-51.56812],[-59.06563,-51.57226],[-59.07758,-51.58339],[-59.07737,-51.58817],[-59.05921,-51.57987],[-59.04179,-51.60091],[-59.01434,-51.6059],[-59.03736,-51.59037],[-59.02912,-51.57728],[-59.05033,-51.57446],[-59.03736,-51.57268],[-59.04543,-51.56012],[-59.02674,-51.5611],[-59.06532,-51.51971],[-59.04527,-51.50498],[-58.92493,-51.52184],[-58.94003,-51.54053],[-58.93503,-51.54559],[-58.93015,-51.53209],[-58.91526,-51.53009],[-58.91644,-51.52442],[-58.87821,-51.53202],[-58.85038,-51.52124],[-58.8562,-51.51124],[-58.84346,-51.51559],[-58.85748,-51.51038],[-58.85366,-51.52078],[-58.8796,-51.53038],[-58.8991,-51.52156],[-58.92005,-51.52174],[-58.92016,-51.52745],[-58.92513,-51.51903],[-58.94846,-51.51649],[-58.95174,-51.50814],[-59.00264,-51.50436],[-59.09497,-51.46778],[-59.11488,-51.47912],[-59.14455,-51.46149],[-59.13954,-51.44322],[-59.11568,-51.4369],[-59.09654,-51.40995],[-59.05011,-51.43305],[-58.9799,-51.42648],[-58.98191,-51.44348],[-58.96156,-51.44479],[-58.96973,-51.42298],[-59.0209,-51.41908],[-58.99851,-51.4079],[-59.00559,-51.38522],[-58.86814,-51.37862],[-58.85903,-51.35388],[-58.91826,-51.31337],[-58.91734,-51.29724],[-58.96445,-51.26255],[-58.94769,-51.25602],[-58.96955,-51.23321],[-58.90464,-51.27553]]],[[[-59.31009,-51.37639],[-59.24063,-51.3895],[-59.22842,-51.40206],[-59.18909,-51.39937],[-59.29296,-51.43145],[-59.26661,-51.44517],[-59.28936,-51.45026],[-59.27192,-51.45813],[-59.28605,-51.45743],[-59.29288,-51.46448],[-59.20023,-51.43828],[-59.28666,-51.4835],[-59.33508,-51.52511],[-59.34403,-51.51836],[-59.33044,-51.49296],[-59.36722,-51.4861],[-59.35381,-51.50769],[-59.37321,-51.49826],[-59.41684,-51.51278],[-59.45924,-51.52006],[-59.47931,-51.52646],[-59.48073,-51.52],[-59.4864,-51.51782],[-59.49665,-51.52021],[-59.47659,-51.5282],[-59.37688,-51.50254],[-59.35387,-51.50972],[-59.36655,-51.526],[-59.37138,-51.52127],[-59.40273,-51.53636],[-59.36805,-51.52761],[-59.38745,-51.54996],[-59.34643,-51.52104],[-59.33856,-51.52851],[-59.38578,-51.57963],[-59.38973,-51.60522],[-59.44027,-51.63411],[-59.48078,-51.63341],[-59.44146,-51.58529],[-59.5363,-51.64779],[-59.5334,-51.63297],[-59.49952,-51.60878],[-59.50225,-51.60195],[-59.59131,-51.66088],[-59.60385,-51.68717],[-59.54347,-51.64668],[-59.60751,-51.73095],[-59.63316,-51.74138],[-59.63683,-51.73186],[-59.6655,-51.74433],[-59.6195,-51.74381],[-59.63082,-51.75537],[-59.72655,-51.81352],[-59.72629,-51.80489],[-59.75377,-51.80558],[-59.76548,-51.81246],[-59.77269,-51.82011],[-59.7469,-51.81613],[-59.80721,-51.87217],[-59.78588,-51.86369],[-59.83585,-51.89841],[-59.85881,-51.96356],[-59.9003,-51.97965],[-59.91977,-51.96672],[-59.95719,-51.99253],[-60.00509,-52.00518],[-60.01867,-52.0],[-59.99672,-51.98183],[-60.01774,-51.96753],[-60.01042,-51.96632],[-60.00304,-51.97043],[-59.99814,-51.96931],[-60.01579,-51.95977],[-60.03846,-51.96957],[-60.0767,-51.96151],[-60.05589,-51.95163],[-60.05245,-51.94184],[-60.06656,-51.95008],[-60.07918,-51.93805],[-60.09175,-51.95508],[-60.08747,-51.96453],[-60.10343,-51.95952],[-60.10937,-51.96044],[-60.11338,-51.96548],[-60.11716,-51.96524],[-60.08782,-51.9708],[-60.09978,-51.9851],[-60.0871,-51.99674],[-60.10007,-52.00828],[-60.16245,-52.00376],[-60.23905,-52.01676],[-60.15924,-51.96476],[-60.22053,-51.99451],[-60.20729,-51.9803],[-60.24217,-51.99374],[-60.23549,-51.9837],[-60.22261,-51.98015],[-60.20775,-51.96801],[-60.2065,-51.96655],[-60.20572,-51.96271],[-60.26663,-51.99808],[-60.28495,-51.99119],[-60.27371,-52.00206],[-60.2905,-52.01508],[-60.29375,-52.00655],[-60.3267,-51.99741],[-60.32981,-51.97922],[-60.33067,-51.9943],[-60.33462,-51.99252],[-60.34233,-51.99495],[-60.35762,-52.00737],[-60.33492,-51.99351],[-60.32802,-52.00006],[-60.29728,-52.00997],[-60.31154,-52.00847],[-60.29217,-52.01701],[-60.29512,-52.02637],[-60.2845,-52.01762],[-60.27872,-52.03678],[-60.28873,-52.04636],[-60.2739,-52.0413],[-60.28251,-52.08201],[-60.26963,-52.0789],[-60.25803,-52.0239],[-60.24235,-52.01859],[-60.25651,-52.0286],[-60.26609,-52.08989],[-60.2878,-52.09924],[-60.33284,-52.15368],[-60.37046,-52.15884],[-60.3844,-52.13667],[-60.37919,-52.12785],[-60.3825,-52.1184],[-60.37554,-52.11891],[-60.37003,-52.11643],[-60.37662,-52.10752],[-60.34739,-52.11411],[-60.32789,-52.10138],[-60.40739,-52.09195],[-60.38091,-52.11252],[-60.3931,-52.13643],[-60.40859,-52.12022],[-60.45066,-52.1143],[-60.4583,-52.10277],[-60.50439,-52.11287],[-60.40458,-52.12485],[-60.36718,-52.17551],[-60.40725,-52.17321],[-60.4156,-52.14466],[-60.46519,-52.15977],[-60.44321,-52.16965],[-60.46628,-52.17857],[-60.47837,-52.1724],[-60.47336,-52.14966],[-60.49102,-52.1557],[-60.48583,-52.16634],[-60.5084,-52.15812],[-60.54349,-52.13084],[-60.54551,-52.11301],[-60.58597,-52.12608],[-60.55772,-52.13798],[-60.57719,-52.16404],[-60.54471,-52.13651],[-60.52415,-52.15513],[-60.53892,-52.15788],[-60.53513,-52.16721],[-60.51932,-52.15922],[-60.48948,-52.17777],[-60.51278,-52.17913],[-60.51224,-52.18998],[-60.551,-52.18418],[-60.5514,-52.18899],[-60.50346,-52.20345],[-60.57252,-52.23657],[-60.59501,-52.2349],[-60.60442,-52.25153],[-60.62247,-52.23234],[-60.61466,-52.25767],[-60.65055,-52.25986],[-60.68143,-52.23545],[-60.66648,-52.22275],[-60.69663,-52.21079],[-60.67319,-52.19981],[-60.63193,-52.21464],[-60.64207,-52.2078],[-60.63383,-52.2078],[-60.63126,-52.20493],[-60.66508,-52.19297],[-60.63255,-52.18318],[-60.62931,-52.17539],[-60.67209,-52.19242],[-60.69694,-52.17924],[-60.66786,-52.16426],[-60.66141,-52.15434],[-60.70287,-52.17364],[-60.71104,-52.16489],[-60.70078,-52.15085],[-60.70157,-52.1417],[-60.71751,-52.16044],[-60.74393,-52.14799],[-60.71568,-52.12979],[-60.66342,-52.14102],[-60.71282,-52.1179],[-60.71226,-52.10685],[-60.72338,-52.1076],[-60.71516,-52.10544],[-60.71587,-52.10311],[-60.72578,-52.10694],[-60.72418,-52.11587],[-60.7473,-52.12468],[-60.76495,-52.11001],[-60.81101,-52.11234],[-60.81467,-52.09794],[-60.85052,-52.10762],[-60.84458,-52.12754],[-60.79534,-52.14071],[-60.76979,-52.16784],[-60.71934,-52.17672],[-60.73118,-52.18125],[-60.71993,-52.18644],[-60.79948,-52.18943],[-60.82584,-52.17336],[-60.81156,-52.1627],[-60.81785,-52.1514],[-60.8594,-52.14608],[-60.85886,-52.12431],[-60.93366,-52.11671],[-60.947,-52.09025],[-60.97863,-52.08743],[-60.97361,-52.07804],[-60.99778,-52.07346],[-60.99869,-52.05726],[-61.02283,-52.04302],[-61.03044,-52.04599],[-61.01045,-52.0636],[-61.01279,-52.07535],[-61.04763,-52.07297],[-61.04309,-52.01361],[-61.07926,-52.01645],[-61.02408,-52.00761],[-61.00433,-52.0186],[-61.00449,-52.03995],[-60.97592,-52.0494],[-60.8967,-52.03709],[-60.89329,-52.05875],[-60.91752,-52.06779],[-60.8823,-52.07328],[-60.92014,-52.08329],[-60.87669,-52.0734],[-60.85655,-52.08517],[-60.80497,-52.0582],[-60.87052,-52.0709],[-60.89628,-52.02842],[-60.85963,-52.04203],[-60.7455,-52.01771],[-60.74802,-52.00105],[-60.79116,-52.00041],[-60.79119,-51.9898],[-60.82511,-52.00008],[-60.82104,-51.9872],[-60.83855,-51.98465],[-60.82676,-51.98333],[-60.82844,-51.97609],[-60.85647,-51.96462],[-60.84604,-51.95403],[-60.7453,-51.96172],[-60.75519,-51.97904],[-60.73129,-51.96259],[-60.70432,-51.96421],[-60.72835,-51.98556],[-60.70753,-51.98558],[-60.71182,-51.99833],[-60.73215,-52.00211],[-60.71226,-52.0051],[-60.72184,-52.01237],[-60.69181,-52.00413],[-60.70248,-51.97485],[-60.69051,-51.96995],[-60.68131,-52.01365],[-60.69675,-52.02018],[-60.67538,-52.03723],[-60.68979,-52.03941],[-60.68345,-52.04697],[-60.68619,-52.0405],[-60.64494,-52.04164],[-60.63907,-52.03776],[-60.67685,-52.03227],[-60.65366,-52.02256],[-60.6712,-52.01538],[-60.65395,-52.00904],[-60.66964,-52.004],[-60.67331,-51.97528],[-60.64928,-51.96883],[-60.624,-51.97868],[-60.63135,-51.98036],[-60.6401,-51.99399],[-60.63443,-51.99943],[-60.62805,-51.98116],[-60.57758,-51.98691],[-60.58803,-52.00549],[-60.60744,-52.00479],[-60.59494,-52.00827],[-60.60786,-52.02651],[-60.59218,-52.02473],[-60.58542,-52.0093],[-60.56775,-52.02316],[-60.5558,-52.02592],[-60.58085,-52.00592],[-60.57078,-51.98948],[-60.53663,-52.00265],[-60.54955,-52.00787],[-60.54499,-52.02727],[-60.53364,-52.00728],[-60.50736,-52.02418],[-60.52746,-52.00604],[-60.51912,-52.00347],[-60.57034,-51.98433],[-60.46124,-51.97204],[-60.43642,-51.95716],[-60.43565,-51.96697],[-60.39714,-51.92587],[-60.5428,-51.95426],[-60.56286,-51.93822],[-60.64835,-51.92627],[-60.62908,-51.91825],[-60.54891,-51.94141],[-60.50575,-51.93605],[-60.48485,-51.91162],[-60.49798,-51.90841],[-60.44998,-51.876],[-60.47777,-51.87238],[-60.44567,-51.85113],[-60.47773,-51.82536],[-60.45244,-51.79527],[-60.46031,-51.78787],[-60.41565,-51.77017],[-60.43732,-51.79038],[-60.42064,-51.79276],[-60.40735,-51.77264],[-60.40313,-51.78073],[-60.37463,-51.76495],[-60.38667,-51.77887],[-60.37253,-51.77073],[-60.37212,-51.78597],[-60.41777,-51.80238],[-60.41866,-51.82338],[-60.39942,-51.79902],[-60.40367,-51.80798],[-60.39107,-51.81154],[-60.37068,-51.79741],[-60.35671,-51.81528],[-60.37295,-51.81648],[-60.36924,-51.82738],[-60.38635,-51.84149],[-60.4092,-51.84132],[-60.39738,-51.84551],[-60.41746,-51.86816],[-60.38333,-51.84577],[-60.38373,-51.85588],[-60.3598,-51.85488],[-60.35053,-51.86675],[-60.35784,-51.86666],[-60.36402,-51.876],[-60.36855,-51.89042],[-60.36228,-51.87523],[-60.33791,-51.86913],[-60.34447,-51.85978],[-60.32696,-51.86535],[-60.34395,-51.85461],[-60.32731,-51.83273],[-60.33389,-51.81913],[-60.30416,-51.84042],[-60.27647,-51.83106],[-60.29521,-51.83054],[-60.29837,-51.81432],[-60.32848,-51.8047],[-60.29445,-51.77925],[-60.31872,-51.77932],[-60.32044,-51.76834],[-60.33141,-51.77974],[-60.32384,-51.76079],[-60.26729,-51.74896],[-60.28449,-51.76075],[-60.27249,-51.76568],[-60.28082,-51.77171],[-60.25564,-51.76522],[-60.26954,-51.77862],[-60.25852,-51.78783],[-60.22749,-51.77296],[-60.22195,-51.77696],[-60.21819,-51.78857],[-60.21372,-51.79288],[-60.18167,-51.74586],[-60.18992,-51.7208],[-60.18119,-51.70937],[-60.19472,-51.70068],[-60.24752,-51.69631],[-60.2894,-51.72107],[-60.31081,-51.71515],[-60.31806,-51.69646],[-60.34266,-51.71714],[-60.36084,-51.71088],[-60.38232,-51.71745],[-60.38851,-51.73139],[-60.37152,-51.73123],[-60.37585,-51.74329],[-60.35847,-51.75608],[-60.41088,-51.74512],[-60.44285,-51.77114],[-60.47591,-51.77474],[-60.47968,-51.75973],[-60.49932,-51.77003],[-60.52168,-51.7607],[-60.55035,-51.77837],[-60.53523,-51.78451],[-60.55292,-51.79778],[-60.52462,-51.79403],[-60.53966,-51.80748],[-60.57112,-51.79931],[-60.5614,-51.77222],[-60.59165,-51.77527],[-60.64124,-51.72826],[-60.66325,-51.68471],[-60.65021,-51.66725],[-60.61091,-51.69637],[-60.61647,-51.67615],[-60.52114,-51.7125],[-60.36767,-51.67146],[-60.28696,-51.68063],[-60.23123,-51.65664],[-60.16947,-51.69204],[-60.1003,-51.70668],[-60.08667,-51.72322],[-60.08191,-51.71782],[-60.05733,-51.72959],[-60.02496,-51.7355],[-59.99164,-51.7338],[-59.98164,-51.74125],[-59.97415,-51.7419],[-59.98966,-51.73226],[-60.02045,-51.73449],[-60.08634,-51.71363],[-60.09408,-51.69996],[-60.0426,-51.70518],[-60.02551,-51.69925],[-60.07077,-51.68872],[-60.07256,-51.70073],[-60.09425,-51.69841],[-60.07545,-51.6951],[-60.0779,-51.68084],[-60.08936,-51.69137],[-60.09442,-51.68174],[-60.08568,-51.67194],[-60.08398,-51.66036],[-60.09248,-51.67779],[-60.09925,-51.67127],[-60.10572,-51.67034],[-60.13573,-51.6835],[-60.18353,-51.66537],[-60.22296,-51.63073],[-60.25881,-51.62561],[-60.22143,-51.62003],[-60.23164,-51.60882],[-60.27385,-51.61013],[-60.30499,-51.59772],[-60.30822,-51.58002],[-60.28489,-51.57915],[-60.26561,-51.57357],[-60.25884,-51.56055],[-60.2694,-51.57368],[-60.3138,-51.57742],[-60.29697,-51.56095],[-60.29985,-51.55888],[-60.29391,-51.55904],[-60.28998,-51.55344],[-60.321,-51.54516],[-60.32811,-51.52533],[-60.32599,-51.54162],[-60.34679,-51.54],[-60.3498,-51.54443],[-60.30201,-51.5615],[-60.33293,-51.58106],[-60.39797,-51.5676],[-60.3862,-51.54904],[-60.39042,-51.54401],[-60.406,-51.56213],[-60.43255,-51.54155],[-60.48744,-51.53225],[-60.48484,-51.5428],[-60.49503,-51.54007],[-60.51371,-51.52671],[-60.5031,-51.52275],[-60.515,-51.50971],[-60.50864,-51.50014],[-60.48208,-51.4906],[-60.38717,-51.50488],[-60.38247,-51.48655],[-60.42098,-51.45664],[-60.4483,-51.45388],[-60.45508,-51.4377],[-60.52073,-51.4517],[-60.6001,-51.43956],[-60.6166,-51.42001],[-60.65036,-51.41448],[-60.62837,-51.40377],[-60.6313,-51.37641],[-60.64528,-51.3789],[-60.66475,-51.36082],[-60.61031,-51.36031],[-60.66434,-51.3402],[-60.56482,-51.36529],[-60.57095,-51.37327],[-60.5231,-51.37361],[-60.51494,-51.3855],[-60.45114,-51.40169],[-60.45458,-51.41194],[-60.44608,-51.40316],[-60.40553,-51.41958],[-60.35793,-51.45431],[-60.24438,-51.49402],[-60.20043,-51.49828],[-60.16469,-51.48298],[-60.15555,-51.487],[-60.17135,-51.49014],[-60.16771,-51.50006],[-60.13095,-51.50724],[-60.12333,-51.49766],[-60.13407,-51.49504],[-60.11343,-51.49696],[-60.10654,-51.50466],[-60.08118,-51.48408],[-60.0524,-51.49346],[-60.03941,-51.47952],[-59.97242,-51.47556],[-60.01536,-51.45383],[-60.09142,-51.45086],[-60.10005,-51.43822],[-60.06763,-51.42097],[-60.08119,-51.408],[-60.03045,-51.41598],[-60.05164,-51.38821],[-60.00877,-51.38056],[-59.983,-51.38838],[-60.02005,-51.40337],[-60.00221,-51.42158],[-59.97974,-51.42617],[-59.98372,-51.41051],[-59.9647,-51.4111],[-59.95958,-51.3953],[-59.91622,-51.39661],[-59.90245,-51.3916],[-59.91634,-51.38381],[-59.89113,-51.38183],[-59.85991,-51.39152],[-59.9006,-51.39544],[-59.87354,-51.40057],[-59.90849,-51.4029],[-59.88831,-51.40697],[-59.90053,-51.41496],[-59.89888,-51.4235],[-59.89066,-51.41074],[-59.8208,-51.39524],[-59.81024,-51.39621],[-59.8752,-51.41349],[-59.77063,-51.42049],[-59.76965,-51.41489],[-59.75769,-51.40556],[-59.76031,-51.41446],[-59.73027,-51.42093],[-59.77047,-51.43079],[-59.77694,-51.44817],[-59.77835,-51.43062],[-59.84145,-51.44354],[-59.81363,-51.44352],[-59.8165,-51.45542],[-59.75767,-51.4498],[-59.73342,-51.46063],[-59.63488,-51.43709],[-59.62664,-51.46859],[-59.61895,-51.43476],[-59.57357,-51.43433],[-59.52153,-51.39981],[-59.4902,-51.39564],[-59.49532,-51.4047],[-59.48244,-51.41477],[-59.54192,-51.44],[-59.5478,-51.43705],[-59.58849,-51.44471],[-59.60121,-51.44208],[-59.6068,-51.445],[-59.52042,-51.48081],[-59.5416,-51.4531],[-59.54288,-51.44216],[-59.46749,-51.46465],[-59.43943,-51.44706],[-59.38466,-51.43945],[-59.39908,-51.42112],[-59.4768,-51.40467],[-59.43583,-51.38788],[-59.4541,-51.35518],[-59.39827,-51.36767],[-59.41686,-51.3418],[-59.38695,-51.33699],[-59.31009,-51.37639]]],[[[-64.27866,-54.72896],[-64.24354,-54.74523],[-64.21632,-54.73386],[-64.13851,-54.77041],[-64.14541,-54.74509],[-64.16492,-54.74019],[-64.1495,-54.73034],[-64.10944,-54.73798],[-64.10611,-54.7497],[-64.12645,-54.75755],[-64.10843,-54.76433],[-64.08321,-54.75184],[-64.07292,-54.7284],[-64.04728,-54.73036],[-64.04984,-54.74208],[-64.03032,-54.75136],[-64.05097,-54.77409],[-64.04258,-54.77813],[-64.02426,-54.75249],[-63.98987,-54.73566],[-63.95805,-54.74125],[-63.93919,-54.72566],[-63.87631,-54.7168],[-63.8784,-54.73066],[-63.85484,-54.73173],[-63.88851,-54.7516],[-63.87875,-54.75523],[-63.82593,-54.72061],[-63.79589,-54.72715],[-63.81028,-54.73685],[-63.80148,-54.75101],[-63.82902,-54.76058],[-63.84568,-54.7892],[-63.88601,-54.79324],[-63.8828,-54.77968],[-63.95341,-54.81335],[-63.95674,-54.80056],[-63.94508,-54.79592],[-63.96751,-54.79366],[-63.9549,-54.76683],[-64.03657,-54.80172],[-64.05216,-54.80098],[-64.0612,-54.77974],[-64.08458,-54.7908],[-64.07113,-54.79497],[-64.07524,-54.80805],[-64.10094,-54.8165],[-64.10986,-54.83328],[-64.12063,-54.81436],[-64.14817,-54.83006],[-64.17232,-54.82328],[-64.17964,-54.83893],[-64.20058,-54.8284],[-64.22076,-54.85768],[-64.22371,-54.84197],[-64.23913,-54.84036],[-64.23109,-54.8355],[-64.2379,-54.82422],[-64.22747,-54.8208],[-64.23468,-54.78196],[-64.26365,-54.80454],[-64.27016,-54.79057],[-64.30613,-54.7881],[-64.29909,-54.80644],[-64.33345,-54.83002],[-64.39442,-54.82733],[-64.41251,-54.85874],[-64.44967,-54.87568],[-64.44863,-54.86464],[-64.4846,-54.87464],[-64.49431,-54.85813],[-64.47818,-54.85165],[-64.48594,-54.84766],[-64.44434,-54.83895],[-64.47147,-54.83519],[-64.4581,-54.82586],[-64.46614,-54.82343],[-64.51823,-54.85463],[-64.52667,-54.86783],[-64.51561,-54.87021],[-64.53905,-54.88842],[-64.56627,-54.88277],[-64.60615,-54.91085],[-64.62096,-54.90295],[-64.70424,-54.91546],[-64.64387,-54.88914],[-64.68366,-54.86108],[-64.66438,-54.85055],[-64.68633,-54.84276],[-64.73904,-54.85916],[-64.74863,-54.85648],[-64.73824,-54.84414],[-64.75657,-54.83649],[-64.72493,-54.81165],[-64.73784,-54.80451],[-64.67502,-54.8008],[-64.69615,-54.7843],[-64.68713,-54.78058],[-64.64789,-54.77681],[-64.63961,-54.79714],[-64.5865,-54.82081],[-64.55687,-54.79592],[-64.51142,-54.79806],[-64.52674,-54.7883],[-64.52146,-54.77312],[-64.5415,-54.76855],[-64.54464,-54.72525],[-64.48991,-54.76375],[-64.43223,-54.76103],[-64.43923,-54.76417],[-64.41243,-54.78273],[-64.40315,-54.76441],[-64.42152,-54.75489],[-64.3914,-54.74914],[-64.3954,-54.7825],[-64.36661,-54.78483],[-64.36737,-54.81091],[-64.35761,-54.78511],[-64.37574,-54.75147],[-64.35276,-54.74433],[-64.3418,-54.71466],[-64.33358,-54.73219],[-64.27866,-54.72896]]],[[[-60.86292,-51.76424],[-60.85681,-51.78969],[-60.86966,-51.80253],[-60.86525,-51.8161],[-60.88165,-51.82216],[-60.88123,-51.87715],[-60.89774,-51.88354],[-60.87185,-51.89024],[-60.91554,-51.89633],[-60.90944,-51.91125],[-60.87011,-51.90109],[-60.87035,-51.91651],[-60.8883,-51.92146],[-60.89109,-51.93723],[-60.9255,-51.93673],[-60.89614,-51.95138],[-60.9666,-51.96474],[-60.97596,-51.98421],[-61.00067,-51.9897],[-61.03131,-51.96552],[-61.05704,-51.96663],[-61.03788,-51.9582],[-61.07383,-51.94141],[-61.03894,-51.92563],[-61.06712,-51.93584],[-61.08011,-51.93098],[-61.08016,-51.91566],[-61.09851,-51.93187],[-61.11045,-51.92354],[-61.10101,-51.90099],[-61.13752,-51.90407],[-61.1183,-51.88046],[-61.1364,-51.88088],[-61.13383,-51.85962],[-61.09915,-51.85912],[-61.09374,-51.84798],[-61.1657,-51.84709],[-61.16605,-51.83079],[-61.15049,-51.83788],[-61.13138,-51.82507],[-61.14071,-51.81903],[-61.10201,-51.80895],[-61.09347,-51.81681],[-61.11708,-51.83695],[-61.09164,-51.82428],[-61.03864,-51.84522],[-61.06385,-51.8256],[-61.04847,-51.81005],[-61.03373,-51.81513],[-61.04461,-51.80327],[-61.03364,-51.79783],[-61.03854,-51.78468],[-60.98014,-51.77823],[-60.97493,-51.79563],[-60.98834,-51.80541],[-60.95329,-51.79847],[-60.93378,-51.81349],[-60.96308,-51.81534],[-60.96409,-51.82844],[-61.03469,-51.85889],[-61.02873,-51.87226],[-61.052,-51.89012],[-61.01315,-51.86976],[-60.95486,-51.86619],[-60.95012,-51.84284],[-60.93507,-51.8513],[-60.91918,-51.83159],[-60.90266,-51.85597],[-60.90554,-51.83086],[-60.8757,-51.8055],[-60.891,-51.81159],[-60.91109,-51.79004],[-60.91045,-51.77192],[-60.89077,-51.77166],[-60.90008,-51.76218],[-60.86292,-51.76424]]],[[[-60.28596,-51.26219],[-60.26511,-51.27083],[-60.24808,-51.30051],[-60.18328,-51.31536],[-60.0857,-51.30375],[-60.09094,-51.31086],[-60.06127,-51.31631],[-60.09529,-51.32807],[-60.04479,-51.33801],[-60.0823,-51.3623],[-60.07601,-51.37216],[-60.08915,-51.37615],[-60.07972,-51.38234],[-60.10735,-51.37939],[-60.09891,-51.38446],[-60.12714,-51.39569],[-60.10829,-51.40445],[-60.17125,-51.3981],[-60.19745,-51.40581],[-60.1995,-51.39611],[-60.26524,-51.41305],[-60.31609,-51.38921],[-60.27506,-51.39709],[-60.28492,-51.3694],[-60.24062,-51.35964],[-60.2347,-51.33761],[-60.1686,-51.38095],[-60.18422,-51.38341],[-60.17589,-51.39653],[-60.13842,-51.39148],[-60.14658,-51.38121],[-60.12832,-51.38764],[-60.12111,-51.36221],[-60.15111,-51.36371],[-60.13939,-51.36078],[-60.14646,-51.35231],[-60.20045,-51.34362],[-60.24103,-51.30785],[-60.28559,-51.30432],[-60.32086,-51.28203],[-60.32603,-51.2635],[-60.28596,-51.26219]]],[[[-59.7437,-51.2649],[-59.72648,-51.25703],[-59.72573,-51.26843],[-59.69613,-51.27273],[-59.60317,-51.2613],[-59.58753,-51.26976],[-59.60333,-51.28489],[-59.58825,-51.28261],[-59.60053,-51.30534],[-59.5877,-51.3114],[-59.54628,-51.30225],[-59.5529,-51.29106],[-59.53863,-51.28609],[-59.54941,-51.27807],[-59.51532,-51.2858],[-59.51777,-51.27504],[-59.49872,-51.27399],[-59.42338,-51.33514],[-59.45942,-51.32777],[-59.4793,-51.30267],[-59.47207,-51.31934],[-59.48534,-51.33258],[-59.46142,-51.35109],[-59.58626,-51.34378],[-59.61949,-51.30509],[-59.68036,-51.29415],[-59.71814,-51.30254],[-59.72094,-51.28939],[-59.72752,-51.30054],[-59.83788,-51.26435],[-59.76505,-51.24804],[-59.7437,-51.2649]]],[[[-58.44925,-51.99517],[-58.4465,-52.00553],[-58.41756,-52.00299],[-58.42488,-51.99307],[-58.40328,-52.00455],[-58.42044,-52.02428],[-58.42433,-52.0139],[-58.45867,-52.00917],[-58.44584,-52.01456],[-58.45962,-52.01742],[-58.44,-52.02773],[-58.44577,-52.03343],[-58.47017,-52.02722],[-58.45905,-52.03379],[-58.46565,-52.04023],[-58.44626,-52.04096],[-58.43477,-52.02327],[-58.42329,-52.02627],[-58.44224,-52.05011],[-58.42549,-52.06695],[-58.43382,-52.08812],[-58.41419,-52.09766],[-58.46265,-52.09815],[-58.46684,-52.08998],[-58.44428,-52.087],[-58.44619,-52.07542],[-58.47443,-52.08481],[-58.48101,-52.07065],[-58.52927,-52.05889],[-58.51332,-52.05547],[-58.52476,-52.03625],[-58.55394,-52.02802],[-58.49063,-51.99674],[-58.4698,-52.00305],[-58.48414,-51.98942],[-58.44925,-51.99517]]],[[[-59.76805,-52.17394],[-59.69745,-52.16828],[-59.68457,-52.18857],[-59.69381,-52.21772],[-59.67015,-52.22215],[-59.68948,-52.22906],[-59.68316,-52.24584],[-59.7176,-52.26666],[-59.73053,-52.26171],[-59.74333,-52.29542],[-59.76214,-52.2667],[-59.76067,-52.24978],[-59.73962,-52.24481],[-59.75401,-52.22908],[-59.73973,-52.22284],[-59.74166,-52.19134],[-59.80785,-52.17037],[-59.78521,-52.14205],[-59.76805,-52.17394]]],[[[-61.19546,-51.82109],[-61.21102,-51.83007],[-61.23962,-51.82062],[-61.25337,-51.83183],[-61.22967,-51.84297],[-61.26452,-51.86154],[-61.20419,-51.84993],[-61.23334,-51.87698],[-61.28135,-51.86883],[-61.32097,-51.83903],[-61.34902,-51.8353],[-61.34735,-51.82425],[-61.32513,-51.81944],[-61.31249,-51.8218],[-61.30685,-51.81802],[-61.29762,-51.83055],[-61.31416,-51.80748],[-61.30629,-51.80014],[-61.26153,-51.83082],[-61.25548,-51.81945],[-61.2658,-51.80867],[-61.23888,-51.81393],[-61.24453,-51.80247],[-61.23381,-51.79504],[-61.19546,-51.82109]]],[[[-59.9228,-51.31513],[-59.89968,-51.31239],[-59.91655,-51.32652],[-59.93005,-51.31623],[-59.95001,-51.31759],[-59.92039,-51.33637],[-59.92878,-51.35591],[-59.98873,-51.34518],[-60.04523,-51.30551],[-59.95536,-51.28216],[-59.9228,-51.31513]]],[[[-59.68956,-52.3153],[-59.71697,-52.31598],[-59.72154,-52.33587],[-59.75377,-52.34857],[-59.73562,-52.35957],[-59.76003,-52.38327],[-59.78678,-52.37723],[-59.78658,-52.36365],[-59.81646,-52.36141],[-59.78458,-52.34062],[-59.76365,-52.34378],[-59.7644,-52.31776],[-59.75114,-52.30873],[-59.74032,-52.31736],[-59.68301,-52.30138],[-59.68956,-52.3153]]],[[[-67.47161,-54.8844],[-67.44712,-54.87906],[-67.4361,-54.89293],[-67.40792,-54.90004],[-67.42203,-54.89949],[-67.41428,-54.91225],[-67.46207,-54.9016],[-67.48765,-54.91797],[-67.53614,-54.90192],[-67.54033,-54.87979],[-67.47161,-54.8844]]],[[[-58.85034,-52.17049],[-58.82626,-52.19916],[-58.83545,-52.2107],[-58.93579,-52.24319],[-59.00449,-52.24725],[-58.99016,-52.22272],[-58.96898,-52.23643],[-58.94904,-52.22435],[-58.93664,-52.23491],[-58.91474,-52.21377],[-58.85658,-52.2142],[-58.86318,-52.17745],[-58.82618,-52.13308],[-58.82529,-52.15568],[-58.85034,-52.17049]]],[[[-61.24957,-51.69062],[-61.21161,-51.69007],[-61.21085,-51.7018],[-61.25606,-51.69974],[-61.24004,-51.71803],[-61.26986,-51.69848],[-61.29347,-51.70645],[-61.27967,-51.72151],[-61.30016,-51.72152],[-61.29217,-51.7277],[-61.30468,-51.73979],[-61.27519,-51.74534],[-61.29637,-51.76415],[-61.31625,-51.74676],[-61.30964,-51.72249],[-61.33299,-51.69235],[-61.27624,-51.69542],[-61.2597,-51.67673],[-61.24957,-51.69062]]],[[[-59.74505,-51.33627],[-59.66032,-51.37061],[-59.72227,-51.35662],[-59.74475,-51.38188],[-59.74616,-51.37117],[-59.7663,-51.36566],[-59.74396,-51.36407],[-59.783,-51.3521],[-59.81493,-51.36029],[-59.79504,-51.36243],[-59.80039,-51.37408],[-59.8319,-51.3594],[-59.78119,-51.34378],[-59.74964,-51.34824],[-59.7816,-51.32224],[-59.75177,-51.33346],[-59.75043,-51.32016],[-59.74505,-51.33627]]],[[[-60.52524,-51.28554],[-60.50962,-51.3057],[-60.52409,-51.3185],[-60.53643,-51.29642],[-60.58486,-51.28972],[-60.6064,-51.27026],[-60.59681,-51.24741],[-60.52524,-51.28554]]],[[[-60.85729,-51.97201],[-60.86664,-51.98265],[-60.85372,-51.99341],[-60.87062,-52.0008],[-60.84733,-52.00392],[-60.85198,-52.01378],[-60.95075,-51.9963],[-60.9087,-51.98963],[-60.90304,-51.97891],[-60.8869,-51.9845],[-60.8826,-51.96359],[-60.85729,-51.97201]]],[[[-61.09088,-51.03453],[-61.09407,-51.04306],[-61.04709,-51.08213],[-61.12693,-51.07235],[-61.13733,-51.06165],[-61.10944,-51.0491],[-61.13372,-51.02715],[-61.09088,-51.03453]]],[[[-59.55916,-51.80613],[-59.62062,-51.81272],[-59.63045,-51.79759],[-59.53586,-51.75671],[-59.55659,-51.78119],[-59.55916,-51.80613]]],[[[-60.68221,-51.34228],[-60.68272,-51.354],[-60.66374,-51.35242],[-60.70698,-51.38041],[-60.71396,-51.35084],[-60.73591,-51.33564],[-60.73108,-51.32606],[-60.68221,-51.34228]]],[[[-59.68124,-51.9452],[-59.70135,-51.95982],[-59.66648,-51.97326],[-59.69766,-51.99184],[-59.69869,-51.97992],[-59.72436,-51.97504],[-59.70899,-51.96488],[-59.71486,-51.94199],[-59.69193,-51.93594],[-59.68124,-51.9452]]],[[[-59.64699,-52.36893],[-59.68539,-52.37636],[-59.69864,-52.39662],[-59.72887,-52.39784],[-59.74442,-52.3834],[-59.71992,-52.37934],[-59.7178,-52.36823],[-59.69277,-52.37603],[-59.66595,-52.36107],[-59.68321,-52.36172],[-59.65613,-52.35087],[-59.66411,-52.35606],[-59.64699,-52.36893]]],[[[-59.03643,-52.43213],[-59.12365,-52.44946],[-59.15255,-52.43757],[-59.07626,-52.42117],[-59.03643,-52.43213]]],[[[-61.22685,-51.01842],[-61.16495,-51.05569],[-61.19349,-51.05632],[-61.21348,-51.03597],[-61.24796,-51.02989],[-61.25718,-51.01072],[-61.22685,-51.01842]]],[[[-59.68758,-51.3903],[-59.69656,-51.39887],[-59.68401,-51.40791],[-59.72478,-51.42206],[-59.74007,-51.40666],[-59.71792,-51.38912],[-59.68758,-51.3903]]],[[[-60.65679,-51.65916],[-60.68279,-51.67622],[-60.69407,-51.66747],[-60.68453,-51.62529],[-60.70017,-51.60374],[-60.65679,-51.65916]]],[[[-60.76129,-51.57128],[-60.73125,-51.58684],[-60.80336,-51.58293],[-60.81902,-51.57423],[-60.76129,-51.57128]]],[[[-59.74549,-52.09135],[-59.74909,-52.07904],[-59.71816,-52.0444],[-59.72825,-52.09054],[-59.74549,-52.09135]]],[[[-59.62287,-51.36903],[-59.59013,-51.3716],[-59.66835,-51.38471],[-59.67229,-51.37417],[-59.62287,-51.36903]]],[[[-59.69315,-51.35011],[-59.67545,-51.3358],[-59.63394,-51.34831],[-59.64949,-51.35856],[-59.65085,-51.34407],[-59.6778,-51.34966],[-59.6654,-51.35755],[-59.70042,-51.35238],[-59.71439,-51.33649],[-59.69315,-51.35011]]],[[[-61.17231,-51.88765],[-61.21585,-51.91086],[-61.18948,-51.87552],[-61.16967,-51.87545],[-61.17231,-51.88765]]],[[[-60.47724,-51.82743],[-60.47092,-51.85166],[-60.49554,-51.85793],[-60.51065,-51.83577],[-60.47724,-51.82743]]],[[[-59.87437,-51.24213],[-59.84029,-51.26178],[-59.88863,-51.25806],[-59.90179,-51.23996],[-59.87437,-51.24213]]],[[[-64.10911,-54.6512],[-64.13968,-54.6688],[-64.16241,-54.65066],[-64.10911,-54.6512]]],[[[-59.5926,-51.42536],[-59.64205,-51.41913],[-59.6383,-51.40909],[-59.60457,-51.40474],[-59.5926,-51.42536]]],[[[-60.84038,-51.19435],[-60.88013,-51.20923],[-60.94134,-51.21472],[-60.84038,-51.19435]]],[[[-60.85922,-51.11346],[-60.86018,-51.12193],[-60.92018,-51.0883],[-60.85922,-51.11346]]],[[[-61.14605,-51.89573],[-61.15841,-51.90866],[-61.19425,-51.90979],[-61.16439,-51.89112],[-61.16535,-51.90521],[-61.14605,-51.89573]]],[[[-60.43325,-51.6057],[-60.41787,-51.62755],[-60.44487,-51.62414],[-60.45648,-51.60513],[-60.43325,-51.6057]]],[[[-60.37436,-51.14594],[-60.39469,-51.1545],[-60.44566,-51.15113],[-60.37436,-51.14594]]],[[[-58.60061,-52.1343],[-58.59642,-52.14467],[-58.61544,-52.15024],[-58.60911,-52.14037],[-58.62776,-52.13247],[-58.62465,-52.11267],[-58.60061,-52.1343]]],[[[-58.05718,-51.55283],[-58.03859,-51.56162],[-58.09546,-51.5532],[-58.05718,-51.55283]]],[[[-60.82771,-51.15926],[-60.85505,-51.16964],[-60.87936,-51.17107],[-60.83896,-51.14911],[-60.82771,-51.15926]]],[[[-58.4399,-51.97743],[-58.43137,-51.98472],[-58.49834,-51.97642],[-58.48868,-51.97168],[-58.4399,-51.97743]]],[[[-59.63553,-51.78481],[-59.6639,-51.799],[-59.66469,-51.79061],[-59.62562,-51.76859],[-59.63553,-51.78481]]],[[[-59.82396,-51.36999],[-59.83424,-51.37922],[-59.87126,-51.37325],[-59.82396,-51.36999]]],[[[-61.1677,-51.85562],[-61.20616,-51.86601],[-61.19108,-51.84447],[-61.1677,-51.85562]]],[[[-60.38378,-51.35954],[-60.36965,-51.37171],[-60.38797,-51.37074],[-60.40675,-51.3553],[-60.38378,-51.35954]]],[[[-59.6084,-51.87796],[-59.62283,-51.8686],[-59.58747,-51.85688],[-59.6084,-51.87796]]],[[[-59.67778,-51.38671],[-59.75419,-51.3881],[-59.7184,-51.38087],[-59.67469,-51.37757],[-59.67778,-51.38671]]],[[[-60.69887,-51.47194],[-60.69116,-51.47671],[-60.69707,-51.4828],[-60.70351,-51.48387],[-60.73018,-51.46338],[-60.69887,-51.47194]]],[[[-58.51951,-51.89784],[-58.53675,-51.90058],[-58.50659,-51.9074],[-58.52526,-51.9134],[-58.55438,-51.89787],[-58.51951,-51.89784]]],[[[-60.48166,-51.5535],[-60.49143,-51.56988],[-60.50725,-51.55584],[-60.48166,-51.5535]]],[[[-61.03562,-51.77866],[-61.06316,-51.79403],[-61.07547,-51.78683],[-61.03562,-51.77866]]],[[[-60.45115,-52.22213],[-60.46156,-52.21006],[-60.41459,-52.19999],[-60.45115,-52.22213]]],[[[-58.35457,-51.99679],[-58.34818,-52.00451],[-58.36936,-52.00902],[-58.38712,-51.99508],[-58.35457,-51.99679]]],[[[-58.70753,-52.13779],[-58.73469,-52.13108],[-58.73292,-52.12722],[-58.71228,-52.12609],[-58.70753,-52.13779]]],[[[-67.45717,-54.87118],[-67.44608,-54.87585],[-67.46958,-54.8803],[-67.47329,-54.86919],[-67.45717,-54.87118]]],[[[-59.19218,-52.91814],[-59.19555,-52.91999],[-59.1904,-52.89205],[-59.18154,-52.89322],[-59.19218,-52.91814]]],[[[-59.55036,-52.27052],[-59.52983,-52.27381],[-59.54834,-52.28245],[-59.56101,-52.26306],[-59.55036,-52.27052]]],[[[-61.13754,-51.78415],[-61.13874,-51.79673],[-61.16308,-51.7942],[-61.13754,-51.78415]]],[[[-58.17347,-51.80623],[-58.22593,-51.80491],[-58.21572,-51.80312],[-58.17347,-51.80623]]],[[[-60.3536,-51.64173],[-60.36162,-51.63634],[-60.34266,-51.63097],[-60.3402,-51.6421],[-60.3536,-51.64173]]],[[[-60.86806,-51.55869],[-60.85552,-51.56401],[-60.87531,-51.56805],[-60.88907,-51.55586],[-60.86806,-51.55869]]],[[[-59.8994,-51.22446],[-59.93658,-51.21541],[-59.91951,-51.2085],[-59.8994,-51.22446]]],[[[-64.25741,-54.67288],[-64.24747,-54.67607],[-64.26103,-54.68811],[-64.25741,-54.67288]]],[[[-58.99922,-52.1484],[-59.01368,-52.15048],[-59.01463,-52.1437],[-58.99149,-52.13633],[-58.99922,-52.1484]]],[[[-58.72507,-51.9278],[-58.70962,-51.92382],[-58.70084,-51.92606],[-58.72083,-51.93536],[-58.73592,-51.93289],[-58.72469,-51.92939],[-58.73363,-51.92199],[-58.72507,-51.9278]]],[[[-58.46429,-51.96211],[-58.4934,-51.95451],[-58.4717,-51.9536],[-58.45689,-51.95048],[-58.46429,-51.96211]]],[[[-59.51704,-51.73321],[-59.506,-51.73198],[-59.51045,-51.74052],[-59.52869,-51.75123],[-59.51704,-51.73321]]],[[[-59.66694,-51.89703],[-59.68651,-51.89721],[-59.676,-51.88915],[-59.66694,-51.89703]]],[[[-59.63607,-51.92482],[-59.63887,-51.93005],[-59.65792,-51.92298],[-59.65013,-51.91522],[-59.63607,-51.92482]]],[[[-60.12513,-51.41402],[-60.10638,-51.42765],[-60.15896,-51.4136],[-60.12513,-51.41402]]],[[[-59.66616,-52.01884],[-59.66866,-52.02734],[-59.68407,-52.02788],[-59.68025,-52.01631],[-59.66616,-52.01884]]],[[[-60.21659,-51.76566],[-60.21413,-51.77957],[-60.2292,-51.76776],[-60.22111,-51.75758],[-60.21659,-51.76566]]],[[[-60.99809,-52.02431],[-61.00522,-52.01295],[-60.99589,-52.00462],[-60.99809,-52.02431]]],[[[-58.04862,-51.78752],[-58.04755,-51.78853],[-58.08705,-51.78817],[-58.04862,-51.78752]]],[[[-60.51267,-51.49437],[-60.52856,-51.5008],[-60.53301,-51.49177],[-60.51267,-51.49437]]],[[[-60.90961,-52.17064],[-60.94003,-52.16911],[-60.92397,-52.16189],[-60.90961,-52.17064]]],[[[-61.09064,-51.78822],[-61.10002,-51.79405],[-61.10977,-51.78038],[-61.09064,-51.78822]]],[[[-59.66765,-51.39161],[-59.66611,-51.39955],[-59.67481,-51.40468],[-59.67037,-51.3893],[-59.64283,-51.38874],[-59.66765,-51.39161]]],[[[-59.83027,-51.35261],[-59.85501,-51.34915],[-59.85299,-51.34696],[-59.83027,-51.35261]]],[[[-60.77404,-52.14552],[-60.78035,-52.13997],[-60.76799,-52.13524],[-60.76324,-52.14678],[-60.77404,-52.14552]]],[[[-59.64704,-51.98754],[-59.64477,-51.99431],[-59.66356,-51.99804],[-59.64704,-51.98754]]],[[[-59.31616,-52.25247],[-59.3269,-52.2519],[-59.31941,-52.23803],[-59.31616,-52.25247]]],[[[-58.35677,-52.01356],[-58.35082,-52.0174],[-58.37606,-52.01803],[-58.38065,-52.01117],[-58.35677,-52.01356]]],[[[-59.89683,-51.37855],[-59.90705,-51.37386],[-59.89231,-51.36554],[-59.89683,-51.37855]]],[[[-60.95047,-52.01613],[-60.97586,-52.02267],[-60.96542,-52.01084],[-60.95047,-52.01613]]],[[[-60.83209,-51.57502],[-60.8485,-51.57658],[-60.84638,-51.56641],[-60.83209,-51.57502]]],[[[-60.74411,-51.13273],[-60.7627,-51.12831],[-60.75516,-51.12953],[-60.73583,-51.12374],[-60.74411,-51.13273]]],[[[-59.84678,-52.12576],[-59.84612,-52.13439],[-59.85779,-52.13567],[-59.84678,-52.12576]]],[[[-60.45508,-51.33803],[-60.47058,-51.34171],[-60.47336,-51.33224],[-60.45508,-51.33803]]],[[[-61.2262,-51.65357],[-61.22741,-51.6634],[-61.23782,-51.6542],[-61.2262,-51.65357]]],[[[-60.47491,-52.23161],[-60.50013,-52.23423],[-60.49459,-52.22897],[-60.47491,-52.23161]]],[[[-59.65568,-51.42261],[-59.6621,-51.41571],[-59.64278,-51.40994],[-59.65568,-51.42261]]],[[[-61.07421,-51.77711],[-61.073,-51.7797],[-61.08757,-51.78367],[-61.07421,-51.77711]]],[[[-61.10793,-51.79788],[-61.12768,-51.80776],[-61.12163,-51.7933],[-61.10793,-51.79788]]],[[[-58.25787,-51.87011],[-58.25693,-51.87356],[-58.28614,-51.87125],[-58.25787,-51.87011]]],[[[-61.31067,-51.81511],[-61.31142,-51.81764],[-61.3242,-51.81462],[-61.31067,-51.81511]]],[[[-58.89742,-52.45002],[-58.91291,-52.44886],[-58.89412,-52.43892],[-58.89742,-52.45002]]],[[[-68.24573,-54.86913],[-68.23288,-54.87037],[-68.26704,-54.86966],[-68.24573,-54.86913]]],[[[-59.07886,-52.07894],[-59.09157,-52.07778],[-59.09046,-52.07188],[-59.08045,-52.06854],[-59.07886,-52.07894]]],[[[-58.3617,-51.53449],[-58.34767,-51.52971],[-58.34656,-51.53355],[-58.3617,-51.53449]]],[[[-59.86172,-52.03246],[-59.85666,-52.02127],[-59.85202,-52.02703],[-59.86172,-52.03246]]],[[[-58.66648,-51.94123],[-58.64877,-51.94501],[-58.68586,-51.94426],[-58.66648,-51.94123]]],[[[-59.2043,-51.58378],[-59.2023,-51.58575],[-59.21653,-51.59332],[-59.2043,-51.58378]]],[[[-59.66951,-51.4279],[-59.66399,-51.43496],[-59.67654,-51.43758],[-59.68088,-51.43699],[-59.66951,-51.4279]]],[[[-60.68861,-52.18694],[-60.68666,-52.18999],[-60.70998,-52.18775],[-60.68861,-52.18694]]],[[[-59.72563,-51.30742],[-59.71361,-51.30841],[-59.73309,-51.31462],[-59.72563,-51.30742]]],[[[-64.23669,-54.70505],[-64.24869,-54.7039],[-64.24769,-54.69981],[-64.23669,-54.70505]]],[[[-59.25916,-52.2072],[-59.27094,-52.20332],[-59.26745,-52.20121],[-59.25916,-52.2072]]],[[[-61.08447,-51.80365],[-61.09052,-51.79955],[-61.08692,-51.79585],[-61.07784,-51.79554],[-61.08447,-51.80365]]],[[[-61.25465,-51.74418],[-61.26493,-51.73943],[-61.25835,-51.73452],[-61.25465,-51.74418]]],[[[-58.27609,-51.54741],[-58.28521,-51.54807],[-58.28604,-51.54012],[-58.27609,-51.54741]]],[[[-59.67535,-52.26927],[-59.69421,-52.26944],[-59.68758,-52.26474],[-59.67535,-52.26927]]],[[[-59.76386,-51.3944],[-59.77683,-51.39335],[-59.76063,-51.38832],[-59.76386,-51.3944]]],[[[-60.74382,-52.19489],[-60.74313,-52.1972],[-60.75438,-52.20002],[-60.75488,-52.19029],[-60.74382,-52.19489]]],[[[-59.95697,-51.37443],[-59.97335,-51.37766],[-59.96515,-51.37096],[-59.95697,-51.37443]]],[[[-59.62865,-51.88493],[-59.63594,-51.88861],[-59.63708,-51.87945],[-59.62865,-51.88493]]],[[[-61.06143,-51.81045],[-61.06895,-51.81002],[-61.05398,-51.79952],[-61.06143,-51.81045]]],[[[-59.75946,-51.84054],[-59.76788,-51.84879],[-59.77652,-51.85199],[-59.7508,-51.82978],[-59.75946,-51.84054]]],[[[-67.3747,-54.90361],[-67.37387,-54.90802],[-67.39174,-54.90776],[-67.40097,-54.90206],[-67.3747,-54.90361]]],[[[-60.50355,-51.48439],[-60.49853,-51.4867],[-60.52011,-51.48407],[-60.50355,-51.48439]]],[[[-67.34304,-54.89901],[-67.34917,-54.89279],[-67.33582,-54.89663],[-67.34304,-54.89901]]],[[[-58.76646,-51.94512],[-58.75385,-51.94589],[-58.78311,-51.94715],[-58.76646,-51.94512]]],[[[-68.47971,-54.86084],[-68.47495,-54.86559],[-68.4864,-54.86656],[-68.47971,-54.86084]]],[[[-64.16304,-54.85582],[-64.16191,-54.8513],[-64.15061,-54.84636],[-64.16304,-54.85582]]],[[[-59.62568,-51.34792],[-59.63351,-51.34479],[-59.62646,-51.33766],[-59.62568,-51.34792]]],[[[-58.49188,-51.45786],[-58.4963,-51.45562],[-58.49211,-51.44942],[-58.49188,-51.45786]]],[[[-59.66809,-52.03694],[-59.65102,-52.028],[-59.65991,-52.03782],[-59.66809,-52.03694]]],[[[-59.75124,-51.39518],[-59.75534,-51.40501],[-59.75905,-51.39525],[-59.75124,-51.39518]]],[[[-59.1848,-51.58678],[-59.18296,-51.59087],[-59.1935,-51.58698],[-59.1848,-51.58678]]],[[[-58.65309,-51.95186],[-58.65202,-51.95415],[-58.67101,-51.9519],[-58.65309,-51.95186]]],[[[-59.71536,-51.43819],[-59.71838,-51.43001],[-59.70937,-51.42933],[-59.71536,-51.43819]]],[[[-59.05924,-51.48492],[-59.09397,-51.48867],[-59.07568,-51.48287],[-59.05924,-51.48492]]],[[[-58.9332,-51.85314],[-58.92916,-51.85843],[-58.9429,-51.85135],[-58.9332,-51.85314]]],[[[-61.23595,-51.66659],[-61.23542,-51.67091],[-61.24735,-51.66795],[-61.23595,-51.66659]]],[[[-59.86751,-52.12895],[-59.86765,-52.13552],[-59.87826,-52.13163],[-59.86751,-52.12895]]],[[[-59.00047,-52.08195],[-59.00517,-52.0875],[-59.01065,-52.08166],[-59.00047,-52.08195]]],[[[-58.92713,-51.86657],[-58.91884,-51.87205],[-58.94454,-51.8603],[-58.92713,-51.86657]]],[[[-61.15226,-51.05857],[-61.15402,-51.06235],[-61.16306,-51.0589],[-61.15226,-51.05857]]],[[[-60.4777,-52.18622],[-60.48486,-52.18215],[-60.48309,-52.1799],[-60.4777,-52.18622]]],[[[-60.30254,-51.65141],[-60.30784,-51.64964],[-60.30476,-51.64512],[-60.30254,-51.65141]]],[[[-59.84603,-51.33697],[-59.86147,-51.34111],[-59.85504,-51.33647],[-59.84603,-51.33697]]],[[[-57.74205,-51.62286],[-57.74214,-51.62521],[-57.76045,-51.62258],[-57.74205,-51.62286]]],[[[-61.09,-52.00312],[-61.08972,-52.00525],[-61.10451,-52.00426],[-61.09,-52.00312]]],[[[-59.00271,-52.44039],[-58.99648,-52.44248],[-59.00464,-52.44616],[-59.00271,-52.44039]]],[[[-61.20559,-51.80239],[-61.20347,-51.79762],[-61.19819,-51.79946],[-61.20559,-51.80239]]],[[[-58.59545,-51.97224],[-58.59391,-51.97411],[-58.60821,-51.97338],[-58.59545,-51.97224]]],[[[-58.80741,-52.1939],[-58.80334,-52.19006],[-58.79883,-52.19396],[-58.80741,-52.1939]]],[[[-58.49056,-51.98004],[-58.4822,-51.98244],[-58.50021,-51.98153],[-58.49056,-51.98004]]],[[[-59.5571,-51.67129],[-59.53811,-51.65885],[-59.54361,-51.66441],[-59.5571,-51.67129]]],[[[-60.98666,-51.85836],[-60.98083,-51.85609],[-60.98056,-51.85979],[-60.98666,-51.85836]]],[[[-61.19338,-51.80981],[-61.20102,-51.80523],[-61.19229,-51.80297],[-61.19338,-51.80981]]],[[[-61.21889,-51.83894],[-61.22069,-51.8365],[-61.21303,-51.83651],[-61.21889,-51.83894]]],[[[-58.90879,-51.86852],[-58.89976,-51.87337],[-58.91732,-51.86824],[-58.90879,-51.86852]]],[[[-61.21244,-51.87451],[-61.21614,-51.87317],[-61.2149,-51.86953],[-61.20312,-51.87156],[-61.21244,-51.87451]]],[[[-58.60005,-52.03956],[-58.60929,-52.03699],[-58.6077,-52.03551],[-58.60005,-52.03956]]],[[[-58.24744,-51.85413],[-58.24291,-51.85641],[-58.26097,-51.85593],[-58.24744,-51.85413]]],[[[-68.24251,-54.85826],[-68.23171,-54.85957],[-68.23341,-54.86158],[-68.24251,-54.85826]]],[[[-58.95082,-51.83972],[-58.9607,-51.83636],[-58.94873,-51.83483],[-58.95082,-51.83972]]],[[[-59.59249,-52.23139],[-59.59766,-52.22839],[-59.5908,-52.22575],[-59.59249,-52.23139]]],[[[-58.91254,-52.12444],[-58.92404,-52.12053],[-58.92123,-52.11898],[-58.91254,-52.12444]]],[[[-61.30654,-51.00127],[-61.29644,-51.0071],[-61.30257,-51.00783],[-61.30654,-51.00127]]],[[[-61.13941,-51.81313],[-61.13975,-51.81677],[-61.14822,-51.81111],[-61.13941,-51.81313]]],[[[-58.85202,-52.14361],[-58.86231,-52.14263],[-58.86061,-52.13917],[-58.85202,-52.14361]]],[[[-58.08503,-51.54012],[-58.07619,-51.54286],[-58.09284,-51.53832],[-58.08503,-51.54012]]],[[[-59.75425,-51.37592],[-59.76736,-51.37595],[-59.76248,-51.37255],[-59.75425,-51.37592]]],[[[-61.16443,-51.86675],[-61.16656,-51.86384],[-61.16073,-51.86339],[-61.16443,-51.86675]]],[[[-64.3845,-54.85262],[-64.39188,-54.85248],[-64.39093,-54.84687],[-64.3845,-54.85262]]],[[[-58.30429,-51.42469],[-58.31053,-51.42884],[-58.31473,-51.4242],[-58.30429,-51.42469]]],[[[-60.84696,-51.25896],[-60.84038,-51.2614],[-60.8516,-51.25847],[-60.84696,-51.25896]]],[[[-59.66103,-51.35411],[-59.66198,-51.35022],[-59.65729,-51.34766],[-59.66103,-51.35411]]],[[[-60.97871,-51.04944],[-60.97703,-51.05757],[-60.98493,-51.05342],[-60.97871,-51.04944]]],[[[-59.05923,-51.68851],[-59.06987,-51.6802],[-59.06731,-51.67934],[-59.05923,-51.68851]]],[[[-67.03487,-54.95082],[-67.03342,-54.94729],[-67.0275,-54.9514],[-67.03487,-54.95082]]],[[[-59.90715,-51.36915],[-59.90917,-51.36789],[-59.89782,-51.3627],[-59.90715,-51.36915]]],[[[-59.13893,-52.00973],[-59.14506,-52.01182],[-59.14511,-52.007],[-59.13893,-52.00973]]],[[[-64.25156,-54.69458],[-64.25627,-54.69825],[-64.25641,-54.69221],[-64.25156,-54.69458]]],[[[-58.38675,-51.46668],[-58.38087,-51.46883],[-58.39798,-51.46805],[-58.38675,-51.46668]]],[[[-59.01844,-51.80638],[-59.01423,-51.8124],[-59.02626,-51.80747],[-59.01844,-51.80638]]],[[[-61.44548,-51.00004],[-61.4432,-51.00218],[-61.45493,-51.00061],[-61.44548,-51.00004]]],[[[-60.52539,-51.86679],[-60.53063,-51.86516],[-60.52496,-51.86116],[-60.52539,-51.86679]]],[[[-60.76157,-51.3209],[-60.76538,-51.32325],[-60.76984,-51.32008],[-60.76157,-51.3209]]],[[[-60.81284,-51.11035],[-60.79946,-51.11743],[-60.81931,-51.10858],[-60.81284,-51.11035]]],[[[-60.87953,-51.93719],[-60.87499,-51.93079],[-60.8735,-51.93163],[-60.87953,-51.93719]]],[[[-60.9667,-51.98783],[-60.97374,-51.98518],[-60.9685,-51.98177],[-60.9667,-51.98783]]],[[[-58.93695,-51.8383],[-58.93878,-51.84515],[-58.94673,-51.83378],[-58.93695,-51.8383]]],[[[-60.47163,-52.21174],[-60.47172,-52.20421],[-60.46608,-52.21047],[-60.47163,-52.21174]]],[[[-59.07661,-51.68641],[-59.07509,-51.69078],[-59.07977,-51.69027],[-59.07661,-51.68641]]],[[[-58.77655,-51.90701],[-58.77469,-51.9078],[-58.79784,-51.90589],[-58.77655,-51.90701]]],[[[-59.65281,-51.90702],[-59.6493,-51.90859],[-59.66098,-51.91023],[-59.65281,-51.90702]]],[[[-59.66342,-51.33613],[-59.65666,-51.33501],[-59.66062,-51.33777],[-59.67099,-51.33414],[-59.66342,-51.33613]]],[[[-60.76594,-52.19151],[-60.77662,-52.19202],[-60.77627,-52.19091],[-60.76594,-52.19151]]],[[[-60.20177,-51.40481],[-60.21194,-51.4076],[-60.20868,-51.4028],[-60.20177,-51.40481]]],[[[-60.56584,-51.47952],[-60.5686,-51.47625],[-60.56395,-51.47487],[-60.56584,-51.47952]]],[[[-60.55582,-51.8172],[-60.54853,-51.81455],[-60.54928,-51.8179],[-60.55582,-51.8172]]],[[[-60.6418,-51.24968],[-60.64693,-51.24407],[-60.64439,-51.24267],[-60.6418,-51.24968]]],[[[-59.81203,-51.39319],[-59.83245,-51.39502],[-59.83112,-51.394],[-59.81203,-51.39319]]],[[[-59.0365,-52.18961],[-59.03132,-52.1899],[-59.03185,-52.1921],[-59.0365,-52.18961]]],[[[-68.25304,-54.8749],[-68.23821,-54.87603],[-68.23827,-54.87623],[-68.25304,-54.8749]]],[[[-58.89888,-51.89106],[-58.90255,-51.88747],[-58.89589,-51.88714],[-58.89888,-51.89106]]],[[[-59.71241,-51.3706],[-59.70164,-51.37241],[-59.71198,-51.37273],[-59.71241,-51.3706]]],[[[-60.50703,-52.21303],[-60.50774,-52.21029],[-60.50133,-52.20959],[-60.50703,-52.21303]]],[[[-66.30455,-55.01662],[-66.30672,-55.01062],[-66.30199,-55.01162],[-66.30455,-55.01662]]],[[[-59.64555,-51.87673],[-59.6584,-51.87688],[-59.65252,-51.87256],[-59.64555,-51.87673]]],[[[-68.17303,-54.86081],[-68.17402,-54.85942],[-68.16818,-54.85703],[-68.17303,-54.86081]]],[[[-59.77105,-51.364],[-59.76605,-51.36353],[-59.77411,-51.36678],[-59.77105,-51.364]]],[[[-58.95716,-51.84703],[-58.97365,-51.84688],[-58.95886,-51.84503],[-58.95846,-51.84185],[-58.95716,-51.84703]]],[[[-59.84399,-52.16012],[-59.8355,-52.15505],[-59.83953,-52.15774],[-59.84399,-52.16012]]],[[[-59.87641,-51.37965],[-59.88625,-51.38002],[-59.87337,-51.37492],[-59.87641,-51.37965]]],[[[-60.64404,-52.20476],[-60.64273,-52.20645],[-60.64845,-52.20687],[-60.64404,-52.20476]]],[[[-58.84651,-51.8975],[-58.85211,-51.89564],[-58.8506,-51.89398],[-58.84651,-51.8975]]],[[[-58.98247,-52.44275],[-58.98197,-52.44528],[-58.99148,-52.44305],[-58.98247,-52.44275]]],[[[-58.31219,-51.39594],[-58.32037,-51.39572],[-58.31741,-51.39245],[-58.31219,-51.39594]]],[[[-58.95291,-51.84454],[-58.95491,-51.84235],[-58.94725,-51.84399],[-58.95291,-51.84454]]],[[[-58.52228,-51.9984],[-58.53252,-51.99425],[-58.52774,-51.99301],[-58.52228,-51.9984]]],[[[-58.70765,-52.1511],[-58.71026,-52.15182],[-58.70841,-52.14458],[-58.70765,-52.1511]]],[[[-60.75972,-52.19],[-60.75838,-52.19105],[-60.76323,-52.19402],[-60.75972,-52.19]]],[[[-59.82472,-52.16197],[-59.82946,-52.16612],[-59.83192,-52.16244],[-59.82472,-52.16197]]],[[[-59.73298,-51.43656],[-59.7308,-51.4377],[-59.73823,-51.43963],[-59.74458,-51.4387],[-59.73298,-51.43656]]],[[[-58.18973,-51.77526],[-58.18777,-51.77627],[-58.19801,-51.77703],[-58.18973,-51.77526]]],[[[-68.45067,-54.86296],[-68.45996,-54.86552],[-68.46004,-54.86503],[-68.45067,-54.86296]]],[[[-59.03648,-52.16904],[-59.03684,-52.16825],[-59.03109,-52.16664],[-59.03648,-52.16904]]],[[[-60.45832,-51.85559],[-60.46569,-51.85387],[-60.46073,-51.85173],[-60.45832,-51.85559]]],[[[-67.3847,-54.89291],[-67.39401,-54.89235],[-67.38254,-54.88865],[-67.3847,-54.89291]]],[[[-59.89525,-51.27152],[-59.89916,-51.26737],[-59.89034,-51.27124],[-59.89525,-51.27152]]],[[[-58.39126,-52.00538],[-58.38906,-52.00402],[-58.38653,-52.00742],[-58.39126,-52.00538]]],[[[-59.50766,-52.28419],[-59.50213,-52.28426],[-59.50212,-52.28503],[-59.50766,-52.28419]]],[[[-58.60923,-51.905],[-58.62354,-51.90404],[-58.62225,-51.90285],[-58.60923,-51.905]]],[[[-67.01045,-54.95629],[-67.00535,-54.95381],[-67.00421,-54.95568],[-67.01045,-54.95629]]],[[[-58.46543,-51.98714],[-58.46493,-51.98786],[-58.47468,-51.98762],[-58.46543,-51.98714]]],[[[-64.34018,-54.70382],[-64.33697,-54.70299],[-64.33727,-54.70801],[-64.34018,-54.70382]]],[[[-68.25029,-54.84684],[-68.24786,-54.84821],[-68.24966,-54.84948],[-68.25829,-54.84762],[-68.25029,-54.84684]]],[[[-58.50647,-51.9744],[-58.50774,-51.97359],[-58.50072,-51.97163],[-58.50647,-51.9744]]],[[[-59.79783,-52.12598],[-59.79416,-52.12382],[-59.79242,-52.12603],[-59.79783,-52.12598]]],[[[-59.90782,-51.3753],[-59.91132,-51.37638],[-59.92069,-51.36999],[-59.90782,-51.3753]]],[[[-64.49739,-54.8601],[-64.50695,-54.86111],[-64.50459,-54.85886],[-64.49739,-54.8601]]],[[[-59.01734,-51.7508],[-59.02381,-51.75068],[-59.02309,-51.74806],[-59.01734,-51.7508]]],[[[-67.40153,-54.89505],[-67.40114,-54.89393],[-67.39578,-54.89394],[-67.40153,-54.89505]]],[[[-60.56037,-51.97572],[-60.55922,-51.97687],[-60.56462,-51.97874],[-60.56037,-51.97572]]],[[[-59.74077,-51.32054],[-59.74486,-51.31962],[-59.74055,-51.3157],[-59.74077,-51.32054]]],[[[-68.2452,-54.86204],[-68.25375,-54.86258],[-68.25303,-54.86092],[-68.2452,-54.86204]]],[[[-68.17772,-54.87124],[-68.16855,-54.87176],[-68.17807,-54.87314],[-68.17772,-54.87124]]],[[[-59.36214,-51.78085],[-59.36188,-51.77779],[-59.35658,-51.7791],[-59.36214,-51.78085]]],[[[-58.30899,-51.82847],[-58.32004,-51.82695],[-58.31163,-51.8266],[-58.30899,-51.82847]]],[[[-61.2765,-51.72846],[-61.27062,-51.72613],[-61.27063,-51.72741],[-61.2765,-51.72846]]],[[[-59.63272,-52.2393],[-59.63301,-52.23649],[-59.62778,-52.23807],[-59.63272,-52.2393]]],[[[-57.7424,-51.67097],[-57.74019,-51.67262],[-57.74968,-51.67324],[-57.7424,-51.67097]]],[[[-59.6813,-51.42533],[-59.68308,-51.42491],[-59.67925,-51.4215],[-59.6813,-51.42533]]],[[[-59.82783,-52.01775],[-59.8306,-52.01679],[-59.82645,-52.01312],[-59.82783,-52.01775]]],[[[-59.70527,-52.36283],[-59.71132,-52.36448],[-59.71096,-52.36178],[-59.70527,-52.36283]]],[[[-60.96291,-51.77709],[-60.96796,-51.77847],[-60.96814,-51.77625],[-60.96291,-51.77709]]],[[[-67.42838,-54.88484],[-67.42722,-54.88702],[-67.4322,-54.88873],[-67.42838,-54.88484]]],[[[-58.60297,-52.15807],[-58.60474,-52.15601],[-58.60026,-52.15501],[-58.60297,-52.15807]]],[[[-64.16833,-54.8744],[-64.16591,-54.87521],[-64.17463,-54.87645],[-64.16833,-54.8744]]],[[[-59.25779,-51.45407],[-59.25947,-51.45379],[-59.24754,-51.4492],[-59.25779,-51.45407]]],[[[-60.97536,-51.06081],[-60.97603,-51.05767],[-60.97327,-51.05691],[-60.97536,-51.06081]]],[[[-61.09419,-51.02432],[-61.09237,-51.0269],[-61.09721,-51.02807],[-61.09419,-51.02432]]],[[[-60.87159,-51.87023],[-60.87135,-51.87282],[-60.87548,-51.87215],[-60.87159,-51.87023]]],[[[-58.85007,-51.88891],[-58.84632,-51.89099],[-58.85195,-51.89055],[-58.85007,-51.88891]]],[[[-58.88157,-52.18748],[-58.8815,-52.18543],[-58.87752,-52.18729],[-58.88157,-52.18748]]],[[[-61.28107,-51.71072],[-61.28169,-51.70857],[-61.27699,-51.70862],[-61.28107,-51.71072]]],[[[-59.69044,-51.32488],[-59.68128,-51.32424],[-59.68134,-51.3247],[-59.69044,-51.32488]]],[[[-60.64619,-51.23622],[-60.65302,-51.23944],[-60.65025,-51.23481],[-60.64619,-51.23622]]],[[[-64.0372,-54.80373],[-64.0334,-54.802],[-64.03192,-54.80434],[-64.0372,-54.80373]]],[[[-58.70677,-52.15702],[-58.70241,-52.15353],[-58.70171,-52.15581],[-58.70677,-52.15702]]],[[[-59.50392,-51.82459],[-59.50422,-51.82762],[-59.5084,-51.82693],[-59.50392,-51.82459]]],[[[-58.68182,-51.9561],[-58.6802,-51.95765],[-58.68882,-51.9571],[-58.68182,-51.9561]]],[[[-64.09638,-54.74577],[-64.09507,-54.74648],[-64.10316,-54.74922],[-64.09638,-54.74577]]],[[[-58.51089,-51.46767],[-58.5094,-51.46936],[-58.51766,-51.46739],[-58.51089,-51.46767]]],[[[-64.71061,-54.79091],[-64.70856,-54.78985],[-64.707,-54.79335],[-64.71061,-54.79091]]],[[[-58.34662,-51.52643],[-58.34907,-51.52546],[-58.34716,-51.52295],[-58.34662,-51.52643]]],[[[-61.13818,-51.88959],[-61.14072,-51.88995],[-61.13971,-51.88616],[-61.13818,-51.88959]]],[[[-59.29985,-52.24985],[-59.30217,-52.2481],[-59.29855,-52.24639],[-59.29985,-52.24985]]],[[[-58.59008,-51.9002],[-58.58725,-51.90164],[-58.59361,-51.90182],[-58.59008,-51.9002]]],[[[-57.72236,-51.51534],[-57.71813,-51.51736],[-57.73289,-51.51475],[-57.72236,-51.51534]]],[[[-59.66098,-51.35913],[-59.663,-51.35751],[-59.65868,-51.35592],[-59.66098,-51.35913]]],[[[-58.5061,-51.96281],[-58.5174,-51.96243],[-58.51557,-51.96231],[-58.5061,-51.96281]]],[[[-59.99381,-51.38242],[-59.99934,-51.38116],[-59.99551,-51.37888],[-59.99381,-51.38242]]],[[[-59.89084,-51.35824],[-59.89355,-51.35769],[-59.88687,-51.35441],[-59.89084,-51.35824]]],[[[-58.61087,-51.97207],[-58.61843,-51.9743],[-58.61597,-51.97171],[-58.61087,-51.97207]]],[[[-59.72121,-51.37475],[-59.72274,-51.37285],[-59.71478,-51.37496],[-59.72121,-51.37475]]],[[[-60.38292,-52.21782],[-60.38541,-52.22237],[-60.38887,-52.2178],[-60.38292,-52.21782]]],[[[-60.88169,-51.17113],[-60.87993,-51.17163],[-60.89465,-51.17219],[-60.88169,-51.17113]]],[[[-59.69216,-52.03121],[-59.68712,-52.02945],[-59.68711,-52.03124],[-59.69216,-52.03121]]],[[[-59.68229,-51.39551],[-59.68471,-51.39524],[-59.67647,-51.39164],[-59.68229,-51.39551]]],[[[-59.01333,-51.72079],[-59.014,-51.71282],[-59.01161,-51.71723],[-59.01333,-51.72079]]],[[[-59.01741,-51.7324],[-59.02183,-51.73427],[-59.02275,-51.73062],[-59.01741,-51.7324]]],[[[-59.73522,-51.3306],[-59.7338,-51.3274],[-59.73109,-51.33087],[-59.73522,-51.3306]]],[[[-60.11854,-51.68679],[-60.12212,-51.68203],[-60.12168,-51.68187],[-60.11854,-51.68679]]],[[[-61.19472,-51.8268],[-61.19524,-51.82323],[-61.19254,-51.82343],[-61.19472,-51.8268]]],[[[-59.01403,-52.26736],[-59.00834,-52.26493],[-59.01021,-52.26767],[-59.01403,-52.26736]]],[[[-60.57236,-51.97977],[-60.57177,-51.98041],[-60.57888,-51.98206],[-60.57236,-51.97977]]],[[[-59.48256,-51.82448],[-59.48363,-51.82433],[-59.48066,-51.81812],[-59.48256,-51.82448]]],[[[-60.51134,-51.8694],[-60.51083,-51.86444],[-60.50764,-51.86592],[-60.51134,-51.8694]]],[[[-60.4989,-51.85397],[-60.5011,-51.85611],[-60.50273,-51.85538],[-60.4989,-51.85397]]],[[[-64.24088,-54.84068],[-64.24416,-54.83945],[-64.23686,-54.83705],[-64.24088,-54.84068]]],[[[-59.74893,-52.10485],[-59.74463,-52.10148],[-59.74309,-52.10304],[-59.74893,-52.10485]]],[[[-60.48044,-51.58939],[-60.48229,-51.5842],[-60.47915,-51.58626],[-60.48044,-51.58939]]],[[[-60.38666,-51.76314],[-60.39338,-51.76376],[-60.39067,-51.76152],[-60.38666,-51.76314]]],[[[-59.79943,-52.00315],[-59.79846,-51.9988],[-59.79639,-52.00257],[-59.79943,-52.00315]]],[[[-59.48717,-52.28542],[-59.48537,-52.28717],[-59.49162,-52.28726],[-59.48717,-52.28542]]],[[[-59.97674,-51.38325],[-59.97533,-51.38443],[-59.98057,-51.38526],[-59.97674,-51.38325]]],[[[-64.66624,-54.89091],[-64.67128,-54.89136],[-64.66364,-54.88839],[-64.66624,-54.89091]]],[[[-59.68628,-52.20985],[-59.68959,-52.20804],[-59.68433,-52.2062],[-59.68628,-52.20985]]],[[[-64.74844,-54.85485],[-64.75565,-54.85668],[-64.75296,-54.85386],[-64.74844,-54.85485]]],[[[-59.09487,-52.03437],[-59.09356,-52.03278],[-59.09117,-52.03335],[-59.09487,-52.03437]]],[[[-59.66916,-51.90993],[-59.66854,-51.91061],[-59.67858,-51.91045],[-59.66916,-51.90993]]],[[[-59.39782,-52.35129],[-59.39902,-52.34972],[-59.39348,-52.34887],[-59.39782,-52.35129]]],[[[-61.2872,-51.78465],[-61.29124,-51.78369],[-61.29567,-51.78003],[-61.2872,-51.78465]]],[[[-60.48301,-51.58164],[-60.48238,-51.57592],[-60.4808,-51.57743],[-60.48301,-51.58164]]],[[[-59.02402,-52.26236],[-59.02634,-52.26004],[-59.02348,-52.25962],[-59.02402,-52.26236]]],[[[-59.88638,-51.40641],[-59.8875,-51.4058],[-59.87683,-51.40303],[-59.88638,-51.40641]]],[[[-67.431,-54.88147],[-67.42793,-54.88243],[-67.43929,-54.88213],[-67.431,-54.88147]]],[[[-58.88682,-51.88947],[-58.88258,-51.88933],[-58.88229,-51.88995],[-58.88682,-51.88947]]],[[[-59.61398,-51.34644],[-59.61309,-51.34758],[-59.61729,-51.34765],[-59.61398,-51.34644]]],[[[-68.24326,-54.87917],[-68.24645,-54.87847],[-68.24237,-54.87758],[-68.24326,-54.87917]]],[[[-57.72481,-51.67427],[-57.73332,-51.67303],[-57.72701,-51.67303],[-57.72481,-51.67427]]],[[[-59.78639,-51.39355],[-59.77929,-51.39405],[-59.78806,-51.39484],[-59.78639,-51.39355]]],[[[-58.60733,-52.00155],[-58.6033,-52.00133],[-58.60323,-52.00351],[-58.60733,-52.00155]]],[[[-58.62073,-51.96765],[-58.62269,-51.96695],[-58.61769,-51.96455],[-58.62073,-51.96765]]],[[[-60.98018,-51.85375],[-60.97566,-51.85292],[-60.97576,-51.85429],[-60.98018,-51.85375]]],[[[-59.3974,-52.33864],[-59.39329,-52.34046],[-59.39772,-52.34195],[-59.3974,-52.33864]]],[[[-59.20052,-51.71899],[-59.20046,-51.71387],[-59.19857,-51.71587],[-59.20052,-51.71899]]],[[[-59.61777,-51.39701],[-59.61329,-51.39476],[-59.61223,-51.3963],[-59.61777,-51.39701]]],[[[-59.01284,-51.78044],[-59.01883,-51.77521],[-59.01686,-51.77504],[-59.01284,-51.78044]]],[[[-64.33069,-54.84397],[-64.33318,-54.84321],[-64.32873,-54.84163],[-64.32654,-54.84262],[-64.33069,-54.84397]]],[[[-61.22425,-51.87327],[-61.22656,-51.87221],[-61.22409,-51.87039],[-61.22425,-51.87327]]],[[[-59.75516,-51.37681],[-59.76317,-51.37734],[-59.76114,-51.37645],[-59.75516,-51.37681]]],[[[-57.78887,-51.60504],[-57.78399,-51.60689],[-57.79462,-51.60418],[-57.78887,-51.60504]]],[[[-60.24275,-51.15926],[-60.24126,-51.16048],[-60.25131,-51.15946],[-60.24275,-51.15926]]],[[[-60.04602,-51.19935],[-60.04592,-51.19825],[-60.04282,-51.19835],[-60.04602,-51.19935]]],[[[-60.31837,-51.57983],[-60.32084,-51.57896],[-60.31486,-51.57769],[-60.31837,-51.57983]]],[[[-60.52519,-51.84087],[-60.52826,-51.84551],[-60.52983,-51.84236],[-60.52519,-51.84087]]],[[[-60.02587,-51.20573],[-60.02488,-51.2071],[-60.02942,-51.2063],[-60.02587,-51.20573]]],[[[-65.57561,-54.94975],[-65.57281,-54.95193],[-65.57397,-54.95248],[-65.57561,-54.94975]]],[[[-68.2654,-54.86798],[-68.26627,-54.86748],[-68.26248,-54.86636],[-68.2654,-54.86798]]],[[[-59.87403,-51.34506],[-59.86682,-51.34275],[-59.87112,-51.34498],[-59.87403,-51.34506]]],[[[-59.08482,-52.44714],[-59.07645,-52.44404],[-59.07936,-52.4464],[-59.08482,-52.44714]]],[[[-59.77955,-51.23208],[-59.77972,-51.23089],[-59.7737,-51.2315],[-59.77955,-51.23208]]],[[[-60.09256,-51.38649],[-60.08872,-51.38878],[-60.09182,-51.38893],[-60.09256,-51.38649]]],[[[-59.47976,-51.80822],[-59.4851,-51.80896],[-59.48371,-51.80774],[-59.47976,-51.80822]]],[[[-58.25768,-51.85781],[-58.25765,-51.85846],[-58.26455,-51.85969],[-58.25768,-51.85781]]],[[[-60.25855,-51.65992],[-60.26294,-51.66085],[-60.26325,-51.6595],[-60.25855,-51.65992]]],[[[-59.76342,-51.38011],[-59.75856,-51.38054],[-59.76032,-51.38171],[-59.76342,-51.38011]]],[[[-64.3224,-54.84144],[-64.32091,-54.84376],[-64.32721,-54.84159],[-64.3224,-54.84144]]],[[[-59.93563,-51.36655],[-59.93255,-51.36729],[-59.93259,-51.36833],[-59.93563,-51.36655]]],[[[-59.63708,-51.33817],[-59.63142,-51.33244],[-59.6354,-51.33882],[-59.63708,-51.33817]]],[[[-58.34647,-51.54589],[-58.34733,-51.54321],[-58.34344,-51.54536],[-58.34647,-51.54589]]],[[[-64.61778,-54.91927],[-64.61365,-54.91839],[-64.61716,-54.92134],[-64.61778,-54.91927]]],[[[-60.10955,-51.43037],[-60.10912,-51.43073],[-60.11289,-51.43217],[-60.10955,-51.43037]]],[[[-60.11142,-51.40146],[-60.11435,-51.39878],[-60.10946,-51.40079],[-60.11142,-51.40146]]],[[[-64.09263,-54.73982],[-64.09126,-54.74071],[-64.09412,-54.74202],[-64.09263,-54.73982]]],[[[-59.30924,-51.78938],[-59.3136,-51.79287],[-59.312,-51.78883],[-59.30924,-51.78938]]],[[[-60.46805,-51.60007],[-60.46908,-51.59835],[-60.46571,-51.59909],[-60.46805,-51.60007]]],[[[-58.53475,-52.06648],[-58.53615,-52.06587],[-58.53392,-52.06231],[-58.53475,-52.06648]]],[[[-59.02844,-51.80313],[-59.02833,-51.80544],[-59.0315,-51.80482],[-59.02844,-51.80313]]],[[[-59.79021,-51.36693],[-59.79087,-51.36629],[-59.7858,-51.36577],[-59.79021,-51.36693]]],[[[-60.72525,-51.589],[-60.72486,-51.58947],[-60.72795,-51.5909],[-60.72525,-51.589]]],[[[-60.08935,-51.4011],[-60.08908,-51.4019],[-60.09415,-51.4021],[-60.08935,-51.4011]]],[[[-59.3562,-51.78472],[-59.35453,-51.78744],[-59.35912,-51.78736],[-59.3562,-51.78472]]],[[[-61.20698,-51.83286],[-61.20855,-51.83223],[-61.20567,-51.83113],[-61.20698,-51.83286]]],[[[-64.52287,-54.87763],[-64.51957,-54.87745],[-64.52036,-54.87894],[-64.52287,-54.87763]]],[[[-59.3077,-52.25031],[-59.30938,-52.24971],[-59.30794,-52.2483],[-59.3077,-52.25031]]],[[[-59.78374,-51.39675],[-59.7794,-51.39709],[-59.78914,-51.39673],[-59.78374,-51.39675]]],[[[-60.01088,-51.3782],[-60.01142,-51.37654],[-60.00911,-51.37542],[-60.01088,-51.3782]]],[[[-58.45318,-52.03325],[-58.45222,-52.03565],[-58.45958,-52.03151],[-58.45318,-52.03325]]],[[[-64.59254,-54.80893],[-64.58938,-54.80785],[-64.58939,-54.80924],[-64.59254,-54.80893]]],[[[-64.48527,-54.87711],[-64.48023,-54.87635],[-64.48137,-54.87768],[-64.48527,-54.87711]]],[[[-59.81877,-51.40858],[-59.81902,-51.41062],[-59.82223,-51.4093],[-59.81877,-51.40858]]],[[[-59.7912,-51.36628],[-59.79441,-51.36561],[-59.79394,-51.36436],[-59.7912,-51.36628]]],[[[-65.58704,-54.94918],[-65.59251,-54.94987],[-65.59102,-54.94899],[-65.58704,-54.94918]]],[[[-60.16086,-51.36151],[-60.15924,-51.36213],[-60.16343,-51.3631],[-60.16086,-51.36151]]],[[[-58.81092,-51.89756],[-58.81086,-51.89817],[-58.81565,-51.89649],[-58.81092,-51.89756]]],[[[-59.82973,-51.33502],[-59.83417,-51.33511],[-59.82785,-51.33302],[-59.82973,-51.33502]]],[[[-58.14183,-51.80427],[-58.13861,-51.8063],[-58.14328,-51.80535],[-58.14183,-51.80427]]],[[[-60.50979,-51.32634],[-60.5082,-51.32729],[-60.51089,-51.32758],[-60.50979,-51.32634]]],[[[-60.74615,-51.32362],[-60.74789,-51.3228],[-60.74551,-51.32181],[-60.74615,-51.32362]]],[[[-61.08483,-51.94344],[-61.08905,-51.9446],[-61.08712,-51.94257],[-61.08483,-51.94344]]],[[[-58.36525,-51.46738],[-58.36444,-51.46947],[-58.36944,-51.46587],[-58.36525,-51.46738]]],[[[-60.69042,-52.19673],[-60.69231,-52.1954],[-60.68911,-52.19453],[-60.69042,-52.19673]]],[[[-59.84006,-51.97557],[-59.83519,-51.97227],[-59.83728,-51.97413],[-59.84006,-51.97557]]],[[[-64.3312,-54.84768],[-64.33066,-54.84495],[-64.32801,-54.84737],[-64.3312,-54.84768]]],[[[-61.07242,-51.79889],[-61.07579,-51.79953],[-61.07565,-51.79861],[-61.07242,-51.79889]]],[[[-58.50366,-51.91671],[-58.50284,-51.91736],[-58.50825,-51.91731],[-58.50366,-51.91671]]],[[[-60.38141,-51.75666],[-60.37799,-51.75711],[-60.38214,-51.759],[-60.38141,-51.75666]]],[[[-61.29828,-51.77756],[-61.2962,-51.77994],[-61.30082,-51.77823],[-61.29828,-51.77756]]],[[[-59.9121,-51.37127],[-59.90788,-51.37068],[-59.9082,-51.3715],[-59.9121,-51.37127]]],[[[-61.16911,-51.84876],[-61.16918,-51.84741],[-61.16712,-51.84762],[-61.16911,-51.84876]]],[[[-64.1701,-54.87962],[-64.17384,-54.88027],[-64.17269,-54.8781],[-64.1701,-54.87962]]],[[[-60.03919,-51.69852],[-60.03807,-51.69949],[-60.0436,-51.69935],[-60.03919,-51.69852]]],[[[-64.32757,-54.84402],[-64.3251,-54.84365],[-64.32421,-54.84506],[-64.32757,-54.84402]]],[[[-58.85899,-51.9054],[-58.85723,-51.90671],[-58.86448,-51.90502],[-58.85899,-51.9054]]],[[[-60.78447,-52.1295],[-60.78261,-52.1299],[-60.78504,-52.13185],[-60.78447,-52.1295]]],[[[-60.27162,-51.75682],[-60.26739,-51.75568],[-60.26852,-51.75699],[-60.27162,-51.75682]]],[[[-58.38166,-52.00676],[-58.37697,-52.00941],[-58.37842,-52.01027],[-58.38166,-52.00676]]],[[[-60.5135,-51.78678],[-60.5167,-51.78576],[-60.5165,-51.78408],[-60.5135,-51.78678]]],[[[-60.95426,-51.83981],[-60.95066,-51.8387],[-60.95105,-51.84008],[-60.95426,-51.83981]]],[[[-59.71861,-52.3648],[-59.71783,-52.36642],[-59.72205,-52.36592],[-59.71861,-52.3648]]],[[[-59.88563,-51.39883],[-59.89073,-51.3984],[-59.88894,-51.39773],[-59.88563,-51.39883]]],[[[-59.6732,-52.01226],[-59.67104,-52.01156],[-59.672,-52.01336],[-59.6732,-52.01226]]],[[[-59.63758,-52.20445],[-59.63848,-52.2031],[-59.63532,-52.20276],[-59.63758,-52.20445]]],[[[-58.56838,-51.94601],[-58.56972,-51.94482],[-58.56686,-51.94425],[-58.56838,-51.94601]]],[[[-59.9142,-51.36752],[-59.91414,-51.36605],[-59.91094,-51.36705],[-59.9142,-51.36752]]],[[[-60.87577,-51.86651],[-60.87776,-51.86791],[-60.8782,-51.8666],[-60.87577,-51.86651]]],[[[-60.98619,-52.02431],[-60.98204,-52.02164],[-60.9832,-52.024],[-60.98619,-52.02431]]],[[[-60.25983,-51.75686],[-60.2592,-51.75349],[-60.25697,-51.75559],[-60.25983,-51.75686]]],[[[-59.37472,-52.16175],[-59.37437,-52.16197],[-59.3784,-52.16267],[-59.37472,-52.16175]]],[[[-58.97521,-52.14449],[-58.96882,-52.14176],[-58.96952,-52.14231],[-58.97521,-52.14449]]],[[[-60.25814,-51.15861],[-60.2528,-51.15888],[-60.25868,-51.15945],[-60.25814,-51.15861]]],[[[-59.15379,-51.53715],[-59.15615,-51.53892],[-59.15563,-51.53575],[-59.15379,-51.53715]]],[[[-57.68873,-51.67524],[-57.68697,-51.67643],[-57.69405,-51.67604],[-57.68873,-51.67524]]],[[[-61.14972,-51.82426],[-61.14776,-51.82487],[-61.15023,-51.82631],[-61.14972,-51.82426]]],[[[-60.78804,-51.12031],[-60.78621,-51.12181],[-60.79318,-51.11991],[-60.78804,-51.12031]]],[[[-58.26438,-51.86666],[-58.26516,-51.86632],[-58.26067,-51.86592],[-58.26438,-51.86666]]],[[[-59.72335,-51.36391],[-59.72384,-51.36218],[-59.72022,-51.36313],[-59.72335,-51.36391]]],[[[-64.44701,-54.87868],[-64.4434,-54.87694],[-64.44508,-54.87878],[-64.44701,-54.87868]]],[[[-58.48279,-51.9857],[-58.48172,-51.98661],[-58.48722,-51.98627],[-58.48279,-51.9857]]],[[[-59.18978,-51.59507],[-59.19062,-51.59427],[-59.18841,-51.59338],[-59.18978,-51.59507]]],[[[-58.87057,-51.89366],[-58.87019,-51.89418],[-58.87366,-51.89466],[-58.87057,-51.89366]]],[[[-59.54005,-51.92059],[-59.53962,-51.91844],[-59.53779,-51.91934],[-59.54005,-51.92059]]],[[[-60.26489,-51.15765],[-60.26339,-51.15871],[-60.26873,-51.15744],[-60.26489,-51.15765]]],[[[-60.44801,-51.34388],[-60.44895,-51.34181],[-60.4472,-51.34171],[-60.44801,-51.34388]]],[[[-59.01725,-52.13127],[-59.01427,-52.1299],[-59.01374,-52.13074],[-59.01725,-52.13127]]],[[[-60.89979,-51.17039],[-60.89865,-51.17112],[-60.90414,-51.17034],[-60.89979,-51.17039]]],[[[-58.26714,-51.85989],[-58.27248,-51.86045],[-58.26931,-51.85906],[-58.26714,-51.85989]]],[[[-59.75413,-52.02384],[-59.75254,-52.02388],[-59.75507,-52.02577],[-59.75413,-52.02384]]],[[[-58.8693,-52.2071],[-58.8704,-52.20589],[-58.86856,-52.20521],[-58.8693,-52.2071]]],[[[-60.08122,-51.94673],[-60.08053,-51.94457],[-60.07927,-51.94589],[-60.08122,-51.94673]]],[[[-58.8762,-52.20303],[-58.87536,-52.20434],[-58.87876,-52.20369],[-58.8762,-52.20303]]],[[[-58.86095,-52.21116],[-58.86364,-52.20999],[-58.86179,-52.20916],[-58.86095,-52.21116]]],[[[-68.20536,-54.87214],[-68.20849,-54.87161],[-68.20695,-54.87084],[-68.20536,-54.87214]]],[[[-58.99374,-52.18633],[-58.99197,-52.18679],[-58.99219,-52.18762],[-58.99374,-52.18633]]],[[[-58.19968,-51.87088],[-58.20268,-51.87097],[-58.20429,-51.86984],[-58.19968,-51.87088]]],[[[-58.69125,-51.94252],[-58.69093,-51.94317],[-58.69486,-51.94256],[-58.69125,-51.94252]]],[[[-58.83139,-52.1908],[-58.83317,-52.19063],[-58.83128,-52.18829],[-58.83139,-52.1908]]],[[[-58.16403,-51.80057],[-58.16246,-51.80234],[-58.15451,-51.80329],[-58.16029,-51.80327],[-58.16285,-51.80239],[-58.16423,-51.80078],[-58.16403,-51.80057]]],[[[-68.2613,-54.87369],[-68.2615,-54.87322],[-68.25708,-54.87315],[-68.2613,-54.87369]]],[[[-59.1487,-51.60339],[-59.14575,-51.60393],[-59.14865,-51.60527],[-59.1487,-51.60339]]],[[[-58.96067,-51.844],[-58.96318,-51.84243],[-58.96224,-51.8421],[-58.96067,-51.844]]],[[[-64.61276,-54.91596],[-64.60986,-54.91511],[-64.60986,-54.91611],[-64.61276,-54.91596]]],[[[-64.27962,-54.82589],[-64.27766,-54.8233],[-64.2767,-54.82418],[-64.27962,-54.82589]]],[[[-59.01263,-51.72409],[-59.01188,-51.72207],[-59.01128,-51.72247],[-59.01263,-51.72409]]],[[[-60.50706,-52.22717],[-60.50679,-52.22552],[-60.50411,-52.22695],[-60.50706,-52.22717]]],[[[-58.23138,-51.84877],[-58.23033,-51.84905],[-58.23118,-51.84978],[-58.23138,-51.84877]]],[[[-59.6926,-51.32679],[-59.69059,-51.32742],[-59.69125,-51.3278],[-59.6926,-51.32679]]],[[[-58.09553,-51.79709],[-58.09378,-51.79784],[-58.09765,-51.79802],[-58.09553,-51.79709]]],[[[-59.67999,-51.38877],[-59.67856,-51.389],[-59.68301,-51.3897],[-59.67999,-51.38877]]],[[[-58.45534,-51.97673],[-58.45487,-51.97738],[-58.45898,-51.97778],[-58.45534,-51.97673]]],[[[-64.55884,-54.79242],[-64.55454,-54.79138],[-64.55552,-54.79258],[-64.55884,-54.79242]]],[[[-58.80159,-51.90523],[-58.80537,-51.90412],[-58.80512,-51.90386],[-58.80159,-51.90523]]],[[[-64.24247,-54.83104],[-64.24169,-54.83144],[-64.24367,-54.83267],[-64.24247,-54.83104]]],[[[-59.1859,-52.02932],[-59.18675,-52.02926],[-59.18642,-52.02775],[-59.1859,-52.02932]]],[[[-59.74254,-52.30928],[-59.74209,-52.30601],[-59.74066,-52.31009],[-59.74254,-52.30928]]],[[[-60.21931,-51.75209],[-60.22333,-51.7507],[-60.22269,-51.75034],[-60.21931,-51.75209]]],[[[-58.04728,-51.79406],[-58.04558,-51.79474],[-58.05118,-51.79397],[-58.04728,-51.79406]]],[[[-59.80508,-51.39306],[-59.80384,-51.39315],[-59.80558,-51.39446],[-59.80508,-51.39306]]],[[[-61.23504,-51.72067],[-61.23386,-51.71963],[-61.23313,-51.72122],[-61.23504,-51.72067]]],[[[-60.79526,-51.11832],[-60.79368,-51.11997],[-60.79496,-51.1198],[-60.79526,-51.11832]]],[[[-59.02089,-51.7374],[-59.02059,-51.7369],[-59.01888,-51.73766],[-59.02089,-51.7374]]],[[[-64.43115,-54.7672],[-64.42699,-54.76587],[-64.42799,-54.76666],[-64.43115,-54.7672]]],[[[-59.13206,-51.62071],[-59.13529,-51.61947],[-59.13132,-51.6191],[-59.13206,-51.62071]]],[[[-60.11128,-51.67782],[-60.11048,-51.67712],[-60.10896,-51.68023],[-60.11128,-51.67782]]],[[[-64.02925,-54.80287],[-64.02953,-54.80181],[-64.02711,-54.80222],[-64.02925,-54.80287]]],[[[-68.25439,-54.83552],[-68.25238,-54.8363],[-68.25863,-54.83528],[-68.25439,-54.83552]]],[[[-60.68959,-52.20327],[-60.68959,-52.2025],[-60.68763,-52.2022],[-60.68959,-52.20327]]],[[[-64.35519,-54.84258],[-64.35343,-54.84296],[-64.35552,-54.84468],[-64.35519,-54.84258]]],[[[-58.92308,-52.12819],[-58.92364,-52.12677],[-58.92197,-52.127],[-58.92308,-52.12819]]],[[[-58.32188,-51.39085],[-58.31881,-51.39026],[-58.31963,-51.39124],[-58.32188,-51.39085]]],[[[-59.83299,-52.14948],[-59.83109,-52.15002],[-59.8338,-52.15153],[-59.83299,-52.14948]]],[[[-67.35804,-54.88407],[-67.35869,-54.88355],[-67.35476,-54.88387],[-67.35804,-54.88407]]],[[[-59.6994,-51.438],[-59.69958,-51.43726],[-59.697,-51.43678],[-59.6994,-51.438]]],[[[-60.89948,-51.82387],[-60.89793,-51.82176],[-60.8972,-51.82255],[-60.89948,-51.82387]]],[[[-60.3945,-51.79819],[-60.394,-51.79696],[-60.39201,-51.79734],[-60.3945,-51.79819]]],[[[-59.00461,-52.19882],[-59.00461,-52.19788],[-59.00304,-52.19773],[-59.00461,-52.19882]]],[[[-58.18677,-51.85468],[-58.19238,-51.85464],[-58.1918,-51.8543],[-58.18677,-51.85468]]],[[[-60.3957,-51.7666],[-60.3926,-51.76542],[-60.39266,-51.76615],[-60.3957,-51.7666]]],[[[-64.3619,-54.83107],[-64.36099,-54.83149],[-64.36337,-54.83283],[-64.3619,-54.83107]]],[[[-59.25378,-52.00623],[-59.25034,-52.00434],[-59.25183,-52.00602],[-59.25378,-52.00623]]],[[[-61.04339,-51.79007],[-61.04014,-51.78893],[-61.04027,-51.78957],[-61.04339,-51.79007]]],[[[-68.19858,-54.87309],[-68.20069,-54.87207],[-68.19714,-54.87217],[-68.19858,-54.87309]]],[[[-58.87723,-51.89342],[-58.87581,-51.89404],[-58.87635,-51.89471],[-58.87723,-51.89342]]],[[[-60.61601,-52.2492],[-60.61702,-52.24818],[-60.6141,-52.24795],[-60.61601,-52.2492]]],[[[-61.29692,-51.79841],[-61.29775,-51.79707],[-61.29548,-51.79756],[-61.29692,-51.79841]]],[[[-59.82317,-52.15905],[-59.82371,-52.15964],[-59.82563,-52.157],[-59.82317,-52.15905]]],[[[-60.27514,-52.10537],[-60.27313,-52.10454],[-60.27254,-52.10513],[-60.27514,-52.10537]]],[[[-66.54889,-55.06259],[-66.546,-55.06291],[-66.54639,-55.06325],[-66.54889,-55.06259]]],[[[-60.10549,-51.4977],[-60.10792,-51.49771],[-60.10783,-51.49717],[-60.10549,-51.4977]]],[[[-60.63577,-51.2314],[-60.63982,-51.23242],[-60.63957,-51.2318],[-60.63577,-51.2314]]],[[[-59.04814,-51.48936],[-59.04777,-51.4899],[-59.05027,-51.49003],[-59.04814,-51.48936]]],[[[-60.18091,-51.4052],[-60.17834,-51.40453],[-60.17871,-51.4056],[-60.18091,-51.4052]]],[[[-58.23117,-51.85291],[-58.22962,-51.85197],[-58.22893,-51.85237],[-58.23117,-51.85291]]],[[[-60.51713,-51.32546],[-60.51608,-51.32611],[-60.51996,-51.3259],[-60.51713,-51.32546]]],[[[-59.05847,-52.07784],[-59.05675,-52.07777],[-59.05692,-52.07861],[-59.05847,-52.07784]]],[[[-58.32751,-51.83101],[-58.32555,-51.83185],[-58.33064,-51.8312],[-58.32751,-51.83101]]],[[[-68.18617,-54.8545],[-68.18291,-54.85425],[-68.18323,-54.85473],[-68.18617,-54.8545]]],[[[-64.42961,-54.75994],[-64.42641,-54.75892],[-64.42664,-54.75944],[-64.42961,-54.75994]]],[[[-59.2543,-51.44547],[-59.24764,-51.44301],[-59.24778,-51.44338],[-59.2543,-51.44547]]],[[[-64.46023,-54.87586],[-64.46035,-54.87548],[-64.45733,-54.87517],[-64.46023,-54.87586]]],[[[-60.11353,-51.6836],[-60.11297,-51.68463],[-60.11469,-51.68517],[-60.11353,-51.6836]]],[[[-59.82611,-51.33195],[-59.82725,-51.33016],[-59.82499,-51.33026],[-59.82611,-51.33195]]],[[[-64.39607,-54.74889],[-64.39697,-54.74815],[-64.39523,-54.74741],[-64.39607,-54.74889]]],[[[-60.98022,-52.02352],[-60.9782,-52.02092],[-60.97806,-52.02173],[-60.98022,-52.02352]]],[[[-59.37288,-52.35832],[-59.37428,-52.35746],[-59.37417,-52.35695],[-59.37288,-52.35832]]],[[[-57.9575,-51.36495],[-57.95759,-51.36475],[-57.9554,-51.36396],[-57.9575,-51.36495]]],[[[-60.54381,-51.30465],[-60.54497,-51.3033],[-60.54299,-51.30361],[-60.54381,-51.30465]]],[[[-60.33262,-51.79627],[-60.33194,-51.7955],[-60.3308,-51.7961],[-60.33262,-51.79627]]],[[[-60.88415,-51.28197],[-60.8834,-51.28272],[-60.88606,-51.28296],[-60.88415,-51.28197]]],[[[-58.53776,-51.47427],[-58.53789,-51.47347],[-58.5353,-51.47357],[-58.53776,-51.47427]]],[[[-60.0845,-51.95724],[-60.08549,-51.95626],[-60.08418,-51.95546],[-60.0845,-51.95724]]],[[[-59.82569,-51.35156],[-59.82397,-51.35195],[-59.82388,-51.35243],[-59.82569,-51.35156]]],[[[-58.93653,-51.84817],[-58.93766,-51.84577],[-58.93549,-51.84746],[-58.93653,-51.84817]]],[[[-59.87157,-51.39884],[-59.87288,-51.39877],[-59.8685,-51.39822],[-59.87157,-51.39884]]],[[[-64.09441,-54.74285],[-64.09453,-54.74357],[-64.09757,-54.74315],[-64.09441,-54.74285]]],[[[-58.76634,-51.95415],[-58.7642,-51.9541],[-58.76458,-51.95463],[-58.76634,-51.95415]]],[[[-58.4353,-51.9512],[-58.43617,-51.95052],[-58.43324,-51.95074],[-58.4353,-51.9512]]],[[[-58.10594,-51.53768],[-58.11012,-51.53701],[-58.10775,-51.53509],[-58.10594,-51.53768]]],[[[-58.40517,-52.01761],[-58.40474,-52.01824],[-58.40676,-52.01814],[-58.40517,-52.01761]]],[[[-64.60543,-54.91344],[-64.60872,-54.91387],[-64.60819,-54.91335],[-64.60543,-54.91344]]],[[[-59.774,-51.36943],[-59.77441,-51.36916],[-59.77284,-51.36742],[-59.774,-51.36943]]],[[[-58.09905,-51.78896],[-58.10001,-51.78814],[-58.09736,-51.78816],[-58.09905,-51.78896]]],[[[-61.06969,-51.05519],[-61.07118,-51.0546],[-61.07055,-51.05357],[-61.06969,-51.05519]]],[[[-59.00958,-51.74914],[-59.00939,-51.74725],[-59.00874,-51.74725],[-59.00958,-51.74914]]],[[[-58.0821,-51.79259],[-58.08511,-51.79223],[-58.08496,-51.79188],[-58.0821,-51.79259]]],[[[-58.20025,-51.86544],[-58.2005,-51.86512],[-58.19752,-51.86501],[-58.20025,-51.86544]]],[[[-58.46164,-52.10426],[-58.46176,-52.1035],[-58.45984,-52.10291],[-58.46164,-52.10426]]],[[[-61.06983,-51.05584],[-61.06956,-51.05607],[-61.07081,-51.05699],[-61.06983,-51.05584]]],[[[-58.52615,-52.00921],[-58.52671,-52.01015],[-58.52804,-52.00885],[-58.52615,-52.00921]]],[[[-60.04518,-51.69866],[-60.04391,-51.69918],[-60.0477,-51.69892],[-60.04518,-51.69866]]],[[[-60.69786,-52.19441],[-60.6981,-52.19405],[-60.69702,-52.1934],[-60.69786,-52.19441]]],[[[-61.2205,-51.87062],[-61.22027,-51.86934],[-61.21878,-51.87009],[-61.2205,-51.87062]]],[[[-59.36261,-52.20695],[-59.36199,-52.20593],[-59.3613,-52.20707],[-59.36261,-52.20695]]],[[[-58.44902,-51.95008],[-58.44474,-51.94985],[-58.4455,-51.95008],[-58.44902,-51.95008]]],[[[-60.57262,-51.97863],[-60.57282,-51.97823],[-60.57008,-51.97883],[-60.57262,-51.97863]]],[[[-58.33212,-51.44761],[-58.32981,-51.44703],[-58.32984,-51.44765],[-58.33212,-51.44761]]],[[[-58.06786,-51.54324],[-58.06905,-51.54312],[-58.06706,-51.54303],[-58.06786,-51.54324]]],[[[-64.17554,-54.83622],[-64.1755,-54.8356],[-64.17354,-54.83555],[-64.17554,-54.83622]]],[[[-61.22076,-51.84499],[-61.22083,-51.84463],[-61.21977,-51.84383],[-61.22076,-51.84499]]],[[[-59.0343,-51.69006],[-59.03418,-51.69122],[-59.03538,-51.69087],[-59.0343,-51.69006]]],[[[-60.10042,-51.40691],[-60.09955,-51.40754],[-60.10035,-51.40785],[-60.10042,-51.40691]]],[[[-61.15457,-51.86848],[-61.15476,-51.86957],[-61.15629,-51.86917],[-61.15457,-51.86848]]],[[[-61.26222,-51.0089],[-61.26133,-51.01005],[-61.26344,-51.00926],[-61.26222,-51.0089]]],[[[-60.59263,-51.97539],[-60.59326,-51.97448],[-60.59158,-51.97458],[-60.59263,-51.97539]]],[[[-61.02144,-51.85625],[-61.02337,-51.85665],[-61.023,-51.85608],[-61.02144,-51.85625]]],[[[-59.0356,-51.8134],[-59.03746,-51.81399],[-59.03777,-51.81322],[-59.0356,-51.8134]]],[[[-60.50649,-52.23266],[-60.50628,-52.23154],[-60.50536,-52.23183],[-60.50649,-52.23266]]],[[[-60.08664,-51.41652],[-60.08703,-51.41621],[-60.08415,-51.41677],[-60.08664,-51.41652]]],[[[-58.96021,-51.841],[-58.96008,-51.84047],[-58.95855,-51.8407],[-58.96021,-51.841]]],[[[-68.08621,-54.87243],[-68.08404,-54.87232],[-68.08437,-54.87285],[-68.08621,-54.87243]]],[[[-60.08833,-51.40603],[-60.0884,-51.40569],[-60.08627,-51.40588],[-60.08833,-51.40603]]],[[[-60.52127,-51.32478],[-60.52092,-51.32537],[-60.52371,-51.32485],[-60.52127,-51.32478]]],[[[-61.19234,-51.83096],[-61.1932,-51.8304],[-61.19056,-51.83047],[-61.19234,-51.83096]]],[[[-59.69127,-52.31882],[-59.69063,-52.319],[-59.69135,-52.31963],[-59.69127,-52.31882]]],[[[-59.37452,-52.16746],[-59.37315,-52.1674],[-59.37312,-52.16797],[-59.37452,-52.16746]]],[[[-60.14351,-51.48092],[-60.14287,-51.48154],[-60.14384,-51.48204],[-60.14351,-51.48092]]],[[[-60.64569,-52.2116],[-60.64468,-52.21166],[-60.64467,-52.21268],[-60.64569,-52.2116]]],[[[-58.35264,-51.89677],[-58.35232,-51.89587],[-58.35144,-51.89602],[-58.35264,-51.89677]]],[[[-59.02993,-51.78083],[-59.03123,-51.78123],[-59.03114,-51.77996],[-59.02993,-51.78083]]],[[[-60.66601,-52.19641],[-60.66611,-52.19561],[-60.66488,-52.19573],[-60.66601,-52.19641]]],[[[-60.55281,-51.47322],[-60.55248,-51.47379],[-60.5537,-51.47417],[-60.55281,-51.47322]]],[[[-58.39044,-51.92306],[-58.38988,-51.92382],[-58.39102,-51.92384],[-58.39044,-51.92306]]],[[[-58.23243,-51.56612],[-58.23161,-51.56493],[-58.23192,-51.56616],[-58.23243,-51.56612]]],[[[-60.73694,-52.19687],[-60.73699,-52.196],[-60.73563,-52.19625],[-60.73694,-52.19687]]],[[[-60.13744,-51.44231],[-60.13757,-51.44148],[-60.13655,-51.44167],[-60.13744,-51.44231]]],[[[-61.28818,-51.73381],[-61.28831,-51.73333],[-61.28696,-51.7338],[-61.28818,-51.73381]]],[[[-59.13061,-51.61671],[-59.13187,-51.6174],[-59.13206,-51.61656],[-59.13061,-51.61671]]],[[[-64.37991,-54.74645],[-64.38067,-54.74621],[-64.38052,-54.74566],[-64.37991,-54.74645]]],[[[-59.05815,-51.19012],[-59.05851,-51.18943],[-59.05791,-51.18907],[-59.05815,-51.19012]]],[[[-59.33847,-52.29088],[-59.33947,-52.29026],[-59.33749,-52.29036],[-59.33847,-52.29088]]],[[[-61.03229,-52.00718],[-61.0333,-52.00694],[-61.03241,-52.00593],[-61.03229,-52.00718]]],[[[-60.33038,-51.80197],[-60.33155,-51.80029],[-60.3308,-51.8006],[-60.33038,-51.80197]]],[[[-64.19209,-54.84257],[-64.19081,-54.84276],[-64.19116,-54.84319],[-64.19209,-54.84257]]],[[[-60.46664,-51.84529],[-60.46504,-51.8446],[-60.46491,-51.84498],[-60.46664,-51.84529]]],[[[-58.54409,-52.0652],[-58.545,-52.06443],[-58.54401,-52.064],[-58.54409,-52.0652]]],[[[-60.47016,-52.21758],[-60.47037,-52.21648],[-60.46949,-52.21701],[-60.47016,-52.21758]]],[[[-59.26905,-52.25473],[-59.26903,-52.25429],[-59.26748,-52.25445],[-59.26905,-52.25473]]],[[[-59.72422,-52.01309],[-59.72245,-52.01233],[-59.72254,-52.01288],[-59.72422,-52.01309]]],[[[-59.82678,-52.00957],[-59.82392,-52.00885],[-59.8243,-52.00926],[-59.82678,-52.00957]]],[[[-59.98625,-51.38468],[-59.98571,-51.38622],[-59.98644,-51.38565],[-59.98625,-51.38468]]],[[[-59.06358,-52.25444],[-59.06269,-52.25404],[-59.06236,-52.25472],[-59.06358,-52.25444]]],[[[-61.11511,-51.94147],[-61.11527,-51.94127],[-61.11379,-51.94056],[-61.11511,-51.94147]]],[[[-57.76271,-51.67357],[-57.75993,-51.67336],[-57.76006,-51.67359],[-57.76271,-51.67357]]],[[[-58.2357,-51.85253],[-58.23801,-51.85232],[-58.23761,-51.852],[-58.2357,-51.85253]]],[[[-58.95865,-51.82456],[-58.95802,-51.82369],[-58.95724,-51.82416],[-58.95865,-51.82456]]],[[[-60.68358,-52.2022],[-60.68251,-52.20291],[-60.68328,-52.20315],[-60.68358,-52.2022]]],[[[-64.02545,-54.75136],[-64.02445,-54.75165],[-64.02525,-54.75222],[-64.02545,-54.75136]]],[[[-59.82767,-51.35278],[-59.82772,-51.35242],[-59.82626,-51.35226],[-59.82767,-51.35278]]],[[[-64.25961,-54.80306],[-64.25885,-54.80233],[-64.25835,-54.80311],[-64.25961,-54.80306]]],[[[-58.11332,-51.57391],[-58.11072,-51.57359],[-58.11187,-51.57385],[-58.11332,-51.57391]]],[[[-63.80829,-54.71737],[-63.80798,-54.71794],[-63.80954,-54.71791],[-63.80829,-54.71737]]],[[[-61.20632,-51.79543],[-61.20683,-51.79494],[-61.20547,-51.79498],[-61.20632,-51.79543]]],[[[-58.09091,-51.5474],[-58.09013,-51.54801],[-58.09251,-51.54758],[-58.09091,-51.5474]]],[[[-60.29971,-51.599],[-60.29977,-51.59847],[-60.29883,-51.59815],[-60.29971,-51.599]]],[[[-64.42424,-54.75705],[-64.4243,-54.75623],[-64.42343,-54.75629],[-64.42424,-54.75705]]],[[[-57.85228,-51.73851],[-57.85287,-51.73811],[-57.85116,-51.73809],[-57.85228,-51.73851]]],[[[-60.10069,-51.67397],[-60.1008,-51.67358],[-60.09986,-51.67336],[-60.10069,-51.67397]]],[[[-60.21928,-51.78324],[-60.21908,-51.78217],[-60.21856,-51.78335],[-60.21928,-51.78324]]],[[[-60.27295,-52.10912],[-60.27351,-52.10758],[-60.27264,-52.10789],[-60.27295,-52.10912]]],[[[-60.05566,-51.69682],[-60.05566,-51.69626],[-60.05469,-51.6963],[-60.05566,-51.69682]]],[[[-61.28269,-51.81651],[-61.28239,-51.81765],[-61.28275,-51.81759],[-61.28269,-51.81651]]],[[[-60.2762,-52.03072],[-60.2746,-52.03],[-60.27515,-52.03068],[-60.2762,-52.03072]]],[[[-64.26044,-54.6696],[-64.26176,-54.67005],[-64.26152,-54.66917],[-64.26044,-54.6696]]],[[[-58.32586,-51.82703],[-58.32586,-51.82677],[-58.32441,-51.82652],[-58.32586,-51.82703]]],[[[-64.36263,-54.83548],[-64.36299,-54.83521],[-64.36213,-54.83458],[-64.36263,-54.83548]]],[[[-61.07476,-51.05119],[-61.07477,-51.05084],[-61.07372,-51.05066],[-61.07476,-51.05119]]],[[[-58.26809,-51.86771],[-58.27038,-51.86787],[-58.27016,-51.86771],[-58.26809,-51.86771]]],[[[-58.94723,-52.10193],[-58.94814,-52.10192],[-58.94804,-52.10132],[-58.94723,-52.10193]]],[[[-58.0987,-51.53465],[-58.09787,-51.53401],[-58.09767,-51.53498],[-58.0987,-51.53465]]],[[[-60.67906,-52.19976],[-60.68007,-52.19935],[-60.67912,-52.19869],[-60.67906,-52.19976]]],[[[-60.65617,-52.20184],[-60.65626,-52.20111],[-60.65539,-52.20145],[-60.65617,-52.20184]]],[[[-59.39992,-52.20453],[-59.40196,-52.20486],[-59.39918,-52.20393],[-59.39992,-52.20453]]],[[[-59.48862,-51.82618],[-59.48873,-51.82591],[-59.48752,-51.82577],[-59.48862,-51.82618]]],[[[-59.02775,-51.77585],[-59.02644,-51.77584],[-59.02661,-51.77628],[-59.02775,-51.77585]]],[[[-58.29518,-51.87004],[-58.29391,-51.86939],[-58.29374,-51.87007],[-58.29518,-51.87004]]],[[[-60.78565,-51.12227],[-60.78587,-51.12177],[-60.78458,-51.12214],[-60.78565,-51.12227]]],[[[-59.49197,-51.82858],[-59.49058,-51.82889],[-59.49103,-51.8291],[-59.49197,-51.82858]]],[[[-59.04413,-51.75178],[-59.04268,-51.75204],[-59.04394,-51.75243],[-59.04413,-51.75178]]],[[[-60.50661,-52.23022],[-60.50655,-52.22992],[-60.50536,-52.22974],[-60.50661,-52.23022]]],[[[-58.48073,-51.98295],[-58.4808,-51.98266],[-58.47952,-51.98242],[-58.48073,-51.98295]]],[[[-58.23783,-51.84629],[-58.23738,-51.8465],[-58.23877,-51.8466],[-58.23783,-51.84629]]],[[[-58.42108,-51.55482],[-58.42255,-51.55441],[-58.42225,-51.5541],[-58.42108,-51.55482]]],[[[-59.83813,-52.14715],[-59.83865,-52.14696],[-59.83789,-52.14615],[-59.83813,-52.14715]]],[[[-58.24417,-51.80012],[-58.24456,-51.80004],[-58.24285,-51.79955],[-58.24417,-51.80012]]],[[[-60.29522,-52.00937],[-60.29421,-52.00916],[-60.29455,-52.0097],[-60.29522,-52.00937]]],[[[-57.89113,-51.38579],[-57.89074,-51.38635],[-57.89212,-51.38635],[-57.89113,-51.38579]]],[[[-64.16783,-54.87683],[-64.16596,-54.87648],[-64.16633,-54.87681],[-64.16783,-54.87683]]],[[[-58.13702,-51.54643],[-58.139,-51.54671],[-58.13898,-51.54656],[-58.13702,-51.54643]]],[[[-59.79675,-51.35808],[-59.79588,-51.35802],[-59.79581,-51.35825],[-59.79675,-51.35808]]],[[[-59.68314,-51.78768],[-59.68079,-51.78621],[-59.6815,-51.78693],[-59.68314,-51.78768]]],[[[-60.64277,-52.21255],[-60.64176,-52.21249],[-60.64176,-52.21297],[-60.64277,-52.21255]]],[[[-58.22939,-51.84912],[-58.22996,-51.84857],[-58.22926,-51.84845],[-58.22939,-51.84912]]],[[[-60.247,-51.65554],[-60.24671,-51.65629],[-60.24742,-51.65625],[-60.247,-51.65554]]],[[[-58.546,-52.01193],[-58.54617,-52.01155],[-58.54486,-52.01177],[-58.546,-52.01193]]],[[[-60.08187,-51.97317],[-60.08143,-51.9739],[-60.08242,-51.97358],[-60.08187,-51.97317]]],[[[-58.14342,-51.78364],[-58.14399,-51.78333],[-58.14356,-51.78292],[-58.14342,-51.78364]]],[[[-61.12111,-51.06996],[-61.12131,-51.06942],[-61.12075,-51.06936],[-61.12111,-51.06996]]],[[[-60.13905,-51.68605],[-60.13897,-51.68571],[-60.13827,-51.68582],[-60.13905,-51.68605]]],[[[-58.9875,-52.17862],[-58.98701,-52.17834],[-58.98691,-52.1789],[-58.9875,-52.17862]]],[[[-58.95952,-51.81991],[-58.95918,-51.82006],[-58.96052,-51.81989],[-58.95952,-51.81991]]],[[[-60.18389,-51.6702],[-60.18403,-51.66987],[-60.18343,-51.66949],[-60.18389,-51.6702]]],[[[-64.3501,-54.84363],[-64.34948,-54.84396],[-64.34986,-54.84444],[-64.3501,-54.84363]]],[[[-58.39619,-52.00553],[-58.39628,-52.00508],[-58.3956,-52.00506],[-58.39619,-52.00553]]],[[[-60.05947,-51.69295],[-60.05939,-51.69251],[-60.05873,-51.69268],[-60.05947,-51.69295]]],[[[-58.39016,-52.01306],[-58.39073,-52.01266],[-58.3905,-52.01237],[-58.39016,-52.01306]]],[[[-60.41445,-51.77164],[-60.41369,-51.77162],[-60.41397,-51.77198],[-60.41445,-51.77164]]],[[[-60.11734,-51.68037],[-60.11711,-51.68061],[-60.11775,-51.681],[-60.11734,-51.68037]]],[[[-57.91773,-51.66408],[-57.91749,-51.66485],[-57.91784,-51.66474],[-57.91773,-51.66408]]],[[[-58.34991,-51.43758],[-58.35005,-51.43718],[-58.34961,-51.43715],[-58.34991,-51.43758]]],[[[-58.95713,-51.82131],[-58.95709,-51.82088],[-58.95649,-51.82122],[-58.95713,-51.82131]]],[[[-61.2219,-51.79017],[-61.22214,-51.78966],[-61.22158,-51.78977],[-61.2219,-51.79017]]],[[[-60.21738,-51.78719],[-60.21751,-51.78755],[-60.21787,-51.78674],[-60.21738,-51.78719]]],[[[-59.29558,-52.32945],[-59.29626,-52.32898],[-59.29566,-52.32886],[-59.29558,-52.32945]]],[[[-61.07184,-51.05714],[-61.07159,-51.05754],[-61.07192,-51.05762],[-61.07184,-51.05714]]],[[[-61.22205,-51.79077],[-61.2219,-51.79036],[-61.22146,-51.79055],[-61.22205,-51.79077]]],[[[-60.06274,-51.69219],[-60.06252,-51.69179],[-60.06225,-51.69201],[-60.06274,-51.69219]]],[[[-59.0193,-51.78377],[-59.01863,-51.78364],[-59.01869,-51.78377],[-59.0193,-51.78377]]],[[[-60.21834,-51.7854],[-60.21844,-51.78484],[-60.2181,-51.78503],[-60.21834,-51.7854]]],[[[-58.4217,-51.55098],[-58.4214,-51.55118],[-58.42248,-51.55111],[-58.4217,-51.55098]]],[[[-58.98753,-52.18595],[-58.98758,-52.18568],[-58.98712,-52.18581],[-58.98753,-52.18595]]],[[[-60.09704,-51.68197],[-60.09703,-51.68225],[-60.09734,-51.68236],[-60.09704,-51.68197]]],[[[-61.25999,-51.00985],[-61.2597,-51.01023],[-61.25995,-51.0102],[-61.25999,-51.00985]]],[[[-60.11204,-51.68314],[-60.11189,-51.68345],[-60.11223,-51.68352],[-60.11204,-51.68314]]],[[[-59.03723,-51.6891],[-59.03716,-51.68926],[-59.03768,-51.68907],[-59.03723,-51.6891]]],[[[-59.02021,-51.78492],[-59.02,-51.78509],[-59.02088,-51.78513],[-59.02021,-51.78492]]],[[[-59.72393,-52.01374],[-59.72386,-52.01411],[-59.72406,-52.0142],[-59.72393,-52.01374]]],[[[-59.66132,-52.02857],[-59.66136,-52.02848],[-59.66099,-52.02844],[-59.66132,-52.02857]]]]}}]}