{"type":"FeatureCollection","name":"atlas-quemado","months":["2022-01","2022-02","2022-03","2022-04","2022-05","2022-06","2022-07","2022-08","2022-09","2022-10","2022-11","2022-12","2023-01","2023-02","2023-03","2023-04","2023-05","2023-06","2023-07","2023-08","2023-09","2023-10","2023-11","2023-12","2024-01","2024-02","2024-03","2024-04","2024-05","2024-06","2024-07","2024-08","2024-09","2024-10","2024-11","2024-12","2025-01","2025-02","2025-03","2025-04","2025-05","2025-06","2025-07","2025-08","2025-09","2025-10","2025-11","2025-12","2026-01","2026-02","2026-03","2026-04","2026-05","2026-06"],"crs":{"type":"name","properties":{"name":"urn:ogc:def:crs:OGC:1.3:CRS84"}},"features":[{"type":"Feature","properties":{"in1":26007,"provincia":"Chubut","nam":"Biedma","ha":{"2022-01":0.0,"2022-02":0.0,"2022-03":0.0,"2022-04":0.0,"2022-05":0.0,"2022-06":0.0,"2022-07":0.0,"2022-08":0.0,"2022-09":0.0,"2022-10":0.0,"2022-11":0.0,"2022-12":0.0,"2023-01":52.08,"2023-02":4531.25,"2023-03":0.0,"2023-04":0.0,"2023-05":0.0,"2023-06":0.0,"2023-07":0.0,"2023-08":0.0,"2023-09":0.0,"2023-10":0.0,"2023-11":0.0,"2023-12":10150.53,"2024-01":0.0,"2024-02":0.0,"2024-03":0.0,"2024-04":0.0,"2024-05":0.0,"2024-06":0.0,"2024-07":0.0,"2024-08":0.0,"2024-09":0.0,"2024-10":0.0,"2024-11":0.0,"2024-12":0.0,"2025-01":25277.78,"2025-02":815.97,"2025-03":0.0,"2025-04":0.0,"2025-05":0.0,"2025-06":0.0,"2025-07":0.0,"2025-08":0.0,"2025-09":0.0,"2025-10":0.0,"2025-11":42.63,"2025-12":0.0,"2026-01":0.0,"2026-02":0.0,"2026-03":0.0,"2026-04":0.0,"2026-05":0.0,"2026-06":0.0}},"geometry":{"type":"MultiPolygon","coordinates":[[[[-65.9736,-42.0],[-65.06925,-42.0],[-65.06057,-42.0317],[-65.01399,-42.09338],[-64.88028,-42.1808],[-64.74,-42.2141],[-64.46421,-42.23952],[-64.55738,-42.30613],[-64.57093,-42.34832],[-64.6201,-42.40299],[-64.6101,-42.42638],[-64.57287,-42.42135],[-64.55617,-42.43198],[-64.54028,-42.41928],[-64.49831,-42.4302],[-64.48557,-42.41546],[-64.47593,-42.43862],[-64.35479,-42.4263],[-64.30154,-42.40394],[-64.28935,-42.41509],[-64.12029,-42.42827],[-64.05684,-42.38266],[-64.04304,-42.3513],[-64.07016,-42.33308],[-64.04437,-42.31285],[-64.0723,-42.26345],[-64.13491,-42.23933],[-64.185,-42.24846],[-64.2469,-42.23418],[-64.31296,-42.25215],[-64.37875,-42.23834],[-64.07511,-42.17833],[-63.98755,-42.13745],[-63.9648,-42.11461],[-63.87614,-42.08415],[-63.75945,-42.07611],[-63.68488,-42.20726],[-63.60303,-42.31543],[-63.60412,-42.54719],[-63.5828,-42.60735],[-63.63981,-42.69976],[-63.62996,-42.76463],[-63.67875,-42.79275],[-63.73285,-42.81279],[-64.12893,-42.87726],[-64.19409,-42.83279],[-64.26004,-42.747],[-64.24525,-42.71247],[-64.24941,-42.68305],[-64.21383,-42.62194],[-64.27341,-42.61773],[-64.25956,-42.58967],[-64.28246,-42.57325],[-64.30896,-42.58594],[-64.31046,-42.55577],[-64.3399,-42.53284],[-64.5802,-42.49084],[-64.68556,-42.51259],[-64.76239,-42.55249],[-64.83361,-42.61055],[-64.92316,-42.61684],[-64.98504,-42.65365],[-64.99553,-42.69775],[-65.03607,-42.73056],[-65.03084,-42.76854],[-64.9727,-42.79312],[-64.95336,-42.78539],[-64.91555,-42.81159],[-64.89097,-42.81268],[-64.87912,-42.83388],[-64.85725,-42.83641],[-65.94274,-42.86229],[-65.9736,-42.0]]],[[[-64.51366,-42.41949],[-64.51668,-42.42102],[-64.51855,-42.41808],[-64.51366,-42.41949]]]]}},{"type":"Feature","properties":{"in1":26014,"provincia":"Chubut","nam":"Cushamen","ha":{"2022-01":0.0,"2022-02":0.0,"2022-03":0.0,"2022-04":0.0,"2022-05":0.0,"2022-06":0.0,"2022-07":0.0,"2022-08":0.0,"2022-09":0.0,"2022-10":0.0,"2022-11":0.0,"2022-12":0.0,"2023-01":17.36,"2023-02":0.0,"2023-03":0.0,"2023-04":0.0,"2023-05":0.0,"2023-06":0.0,"2023-07":0.0,"2023-08":0.0,"2023-09":0.0,"2023-10":0.0,"2023-11":0.0,"2023-12":0.0,"2024-01":86.81,"2024-02":902.78,"2024-03":0.0,"2024-04":0.0,"2024-05":0.0,"2024-06":0.0,"2024-07":0.0,"2024-08":0.0,"2024-09":0.0,"2024-10":0.0,"2024-11":0.0,"2024-12":0.0,"2025-01":3541.67,"2025-02":0.0,"2025-03":0.0,"2025-04":0.0,"2025-05":0.0,"2025-06":0.0,"2025-07":0.0,"2025-08":0.0,"2025-09":0.0,"2025-10":0.0,"2025-11":381.94,"2025-12":1562.5,"2026-01":43757.49,"2026-02":6581.26,"2026-03":0.0,"2026-04":0.0,"2026-05":0.0,"2026-06":0.0}},"geometry":{"type":"MultiPolygon","coordinates":[[[[-69.42811,-42.0],[-69.50529,-42.79676],[-69.56617,-42.71347],[-69.59595,-42.6937],[-69.66274,-42.67973],[-69.73643,-42.68136],[-69.8475,-42.62442],[-69.89288,-42.63601],[-69.95715,-42.63156],[-69.98869,-42.64067],[-70.01699,-42.67249],[-70.04178,-42.67303],[-70.09784,-42.64022],[-70.14835,-42.62926],[-70.2103,-42.62396],[-70.26632,-42.64131],[-70.29355,-42.63262],[-70.30859,-42.60361],[-70.34932,-42.59602],[-70.43487,-42.6478],[-70.51662,-42.73769],[-70.58852,-42.85061],[-70.58451,-42.86651],[-70.9363,-42.86356],[-71.04655,-42.9468],[-71.16719,-42.86194],[-71.29164,-42.85825],[-71.32796,-42.83124],[-71.3228,-42.82337],[-71.35619,-42.79401],[-71.3484,-42.78286],[-71.38914,-42.75847],[-71.3974,-42.73833],[-71.43797,-42.70855],[-71.44264,-42.68783],[-71.4875,-42.66097],[-71.48022,-42.61317],[-71.59859,-42.60522],[-71.62722,-42.48528],[-72.02288,-42.47725],[-72.04813,-42.45236],[-72.02849,-42.40752],[-72.07722,-42.38247],[-72.11272,-42.3983],[-72.13186,-42.38432],[-72.13834,-42.32703],[-72.12084,-42.32399],[-72.1681,-42.25987],[-72.1536,-42.24342],[-72.16632,-42.21383],[-72.15681,-42.19373],[-72.18414,-42.17737],[-72.18826,-42.16097],[-72.17153,-42.13936],[-72.1229,-42.15501],[-72.06651,-42.14674],[-72.07909,-42.12953],[-72.05295,-42.1139],[-72.00686,-42.14008],[-71.95755,-42.14125],[-71.95459,-42.16439],[-71.92529,-42.19053],[-71.89285,-42.18074],[-71.87446,-42.1547],[-71.83475,-42.16257],[-71.80346,-42.14557],[-71.78173,-42.14808],[-71.77725,-42.13023],[-71.74751,-42.13046],[-71.72609,-42.10967],[-71.74171,-42.08265],[-71.72765,-42.04664],[-71.75723,-42.03708],[-71.77393,-42.0],[-69.42811,-42.0]]]]}},{"type":"Feature","properties":{"in1":26021,"provincia":"Chubut","nam":"Escalante","ha":{"2022-01":0.0,"2022-02":0.0,"2022-03":0.0,"2022-04":0.0,"2022-05":0.0,"2022-06":0.0,"2022-07":0.0,"2022-08":0.0,"2022-09":0.0,"2022-10":0.0,"2022-11":0.0,"2022-12":17.36,"2023-01":0.0,"2023-02":0.0,"2023-03":0.0,"2023-04":0.0,"2023-05":0.0,"2023-06":0.0,"2023-07":0.0,"2023-08":0.0,"2023-09":0.0,"2023-10":0.0,"2023-11":0.0,"2023-12":0.0,"2024-01":0.0,"2024-02":121.53,"2024-03":0.0,"2024-04":0.0,"2024-05":0.0,"2024-06":0.0,"2024-07":0.0,"2024-08":0.0,"2024-09":0.0,"2024-10":0.0,"2024-11":0.0,"2024-12":0.0,"2025-01":0.0,"2025-02":0.0,"2025-03":0.0,"2025-04":0.0,"2025-05":0.0,"2025-06":0.0,"2025-07":0.0,"2025-08":0.0,"2025-09":0.0,"2025-10":0.0,"2025-11":0.0,"2025-12":0.0,"2026-01":0.0,"2026-02":0.0,"2026-03":0.0,"2026-04":0.0,"2026-05":0.0,"2026-06":0.0}},"geometry":{"type":"MultiPolygon","coordinates":[[[[-67.09416,-44.67893],[-67.07991,-45.04627],[-66.36649,-45.04199],[-66.37466,-45.05589],[-66.36327,-45.0616],[-66.39852,-45.05312],[-66.49364,-45.09854],[-66.51865,-45.09798],[-66.53459,-45.11728],[-66.53302,-45.14238],[-66.45899,-45.14696],[-66.47317,-45.16588],[-66.54028,-45.15291],[-66.54738,-45.13667],[-66.5997,-45.13941],[-66.58438,-45.15699],[-66.59917,-45.16169],[-66.59447,-45.17162],[-66.5365,-45.17516],[-66.5141,-45.19678],[-66.52499,-45.20556],[-66.51865,-45.2229],[-66.66201,-45.21142],[-66.70532,-45.22433],[-66.85356,-45.23212],[-66.95371,-45.26774],[-67.03601,-45.32217],[-67.1382,-45.42211],[-67.22154,-45.52708],[-67.35032,-45.62933],[-67.36203,-45.69575],[-67.34223,-45.72316],[-67.37873,-45.73446],[-67.36855,-45.78726],[-67.39788,-45.78752],[-67.45475,-45.81947],[-67.47578,-45.85376],[-67.45641,-45.86144],[-67.4991,-45.87476],[-67.55207,-45.92568],[-67.55567,-45.94513],[-67.53122,-45.95896],[-67.56519,-45.96259],[-67.59571,-45.99987],[-68.36312,-45.9999],[-68.37119,-44.68718],[-67.09416,-44.67893]]],[[[-66.40822,-45.19375],[-66.40211,-45.18555],[-66.39288,-45.19062],[-66.40822,-45.19375]]],[[[-66.50204,-45.17595],[-66.49272,-45.18082],[-66.50433,-45.17657],[-66.50204,-45.17595]]],[[[-66.50098,-45.18466],[-66.50521,-45.18536],[-66.50768,-45.1806],[-66.50098,-45.18466]]],[[[-66.3605,-45.1512],[-66.36433,-45.15],[-66.36223,-45.14938],[-66.3605,-45.1512]]],[[[-66.40996,-45.09139],[-66.40595,-45.08799],[-66.40295,-45.08868],[-66.40996,-45.09139]]],[[[-66.48579,-45.1794],[-66.48988,-45.18217],[-66.48911,-45.179],[-66.48579,-45.1794]]],[[[-66.69613,-45.24541],[-66.70064,-45.24606],[-66.69675,-45.24407],[-66.69613,-45.24541]]],[[[-66.40434,-45.08434],[-66.40938,-45.08479],[-66.40309,-45.0824],[-66.40434,-45.08434]]],[[[-66.41611,-45.09575],[-66.41998,-45.09433],[-66.41496,-45.09458],[-66.41611,-45.09575]]],[[[-66.51563,-45.18021],[-66.51862,-45.18058],[-66.51876,-45.1785],[-66.51563,-45.18021]]],[[[-66.49616,-45.16872],[-66.50024,-45.16853],[-66.50085,-45.16727],[-66.49616,-45.16872]]],[[[-66.5087,-45.1732],[-66.51167,-45.17379],[-66.51065,-45.17225],[-66.5087,-45.1732]]],[[[-66.40139,-45.06873],[-66.4023,-45.06958],[-66.40242,-45.06882],[-66.40139,-45.06873]]]]}},{"type":"Feature","properties":{"in1":26028,"provincia":"Chubut","nam":"Florentino Ameghino","ha":{"2022-01":0.0,"2022-02":0.0,"2022-03":0.0,"2022-04":0.0,"2022-05":0.0,"2022-06":0.0,"2022-07":0.0,"2022-08":0.0,"2022-09":0.0,"2022-10":0.0,"2022-11":0.0,"2022-12":0.0,"2023-01":0.0,"2023-02":0.0,"2023-03":0.0,"2023-04":0.0,"2023-05":0.0,"2023-06":0.0,"2023-07":0.0,"2023-08":0.0,"2023-09":0.0,"2023-10":0.0,"2023-11":0.0,"2023-12":0.0,"2024-01":0.0,"2024-02":0.0,"2024-03":0.0,"2024-04":0.0,"2024-05":0.0,"2024-06":0.0,"2024-07":0.0,"2024-08":0.0,"2024-09":0.0,"2024-10":0.0,"2024-11":0.0,"2024-12":0.0,"2025-01":0.0,"2025-02":0.0,"2025-03":0.0,"2025-04":0.0,"2025-05":0.0,"2025-06":0.0,"2025-07":0.0,"2025-08":0.0,"2025-09":0.0,"2025-10":0.0,"2025-11":0.0,"2025-12":0.0,"2026-01":0.0,"2026-02":0.0,"2026-03":0.0,"2026-04":0.0,"2026-05":0.0,"2026-06":0.0}},"geometry":{"type":"MultiPolygon","coordinates":[[[[-65.34553,-43.77773],[-65.31119,-43.79558],[-65.32855,-43.84586],[-65.28307,-43.96206],[-65.23114,-43.9727],[-65.25731,-43.99183],[-65.24653,-44.00843],[-65.25158,-44.02764],[-65.22478,-44.04534],[-65.21047,-44.0382],[-65.18794,-44.03546],[-65.20936,-44.04149],[-65.24112,-44.07782],[-65.2204,-44.13679],[-65.28769,-44.15476],[-65.31177,-44.20427],[-65.30257,-44.24453],[-65.2702,-44.27171],[-65.27078,-44.29881],[-65.25301,-44.30829],[-65.25882,-44.3273],[-65.22741,-44.33411],[-65.21674,-44.36674],[-65.23619,-44.38688],[-65.26203,-44.38833],[-65.26947,-44.40639],[-65.28532,-44.4099],[-65.27719,-44.42003],[-65.29231,-44.422],[-65.28383,-44.43036],[-65.31171,-44.42691],[-65.30885,-44.4425],[-65.33446,-44.456],[-65.31114,-44.46736],[-65.32084,-44.49074],[-65.28428,-44.4938],[-65.29071,-44.50335],[-65.27929,-44.51742],[-65.30079,-44.51019],[-65.31629,-44.53119],[-65.33089,-44.50662],[-65.37622,-44.51683],[-65.35941,-44.53738],[-65.38818,-44.543],[-65.39427,-44.55793],[-65.35822,-44.57378],[-65.36634,-44.58735],[-65.3813,-44.57509],[-65.39598,-44.59284],[-65.42829,-44.56944],[-65.46443,-44.57685],[-65.46339,-44.60023],[-65.52097,-44.60933],[-65.57615,-44.64832],[-65.60675,-44.64692],[-65.68864,-44.71655],[-65.70262,-44.80132],[-65.72843,-44.81006],[-65.72454,-44.85652],[-65.66484,-44.89067],[-65.61576,-44.88771],[-65.60548,-44.90879],[-65.57289,-44.89561],[-65.5743,-44.91068],[-65.56086,-44.90358],[-65.5199,-44.9289],[-65.54039,-44.92809],[-65.53639,-44.93757],[-65.5709,-44.96078],[-65.59453,-44.95737],[-65.60579,-44.98186],[-65.58431,-45.00667],[-65.62307,-45.00413],[-65.60178,-45.02656],[-65.61132,-45.03381],[-65.63635,-45.03555],[-65.64559,-45.05092],[-65.65368,-45.03929],[-65.68216,-45.04021],[-65.67883,-45.03334],[-65.6813,-45.02886],[-65.69782,-45.04592],[-65.69115,-45.06199],[-65.70136,-45.04509],[-65.73686,-45.04019],[-65.74046,-45.02396],[-65.77546,-45.01949],[-65.78847,-45.03013],[-65.80941,-45.01542],[-65.81562,-45.02467],[-65.80288,-45.03116],[-65.82872,-45.03912],[-65.82469,-45.01378],[-65.87298,-45.00225],[-65.89511,-45.01121],[-65.88729,-45.03919],[-65.91388,-45.03202],[-65.93444,-45.04944],[-66.01969,-44.99887],[-66.06048,-45.00408],[-66.07255,-44.98977],[-66.08597,-44.99698],[-66.11895,-44.98523],[-66.15075,-44.99412],[-66.16228,-44.98302],[-66.17309,-44.99815],[-66.19268,-44.98195],[-66.20892,-45.00276],[-66.2302,-45.00701],[-66.2257,-45.0281],[-66.2464,-45.02093],[-66.2837,-45.04873],[-66.27881,-45.0594],[-66.29027,-45.05728],[-66.28409,-45.06284],[-66.2784,-45.06347],[-66.27623,-45.06534],[-66.28346,-45.06552],[-66.29545,-45.05817],[-66.28554,-45.05264],[-66.29394,-45.04593],[-66.32606,-45.05202],[-66.3592,-45.03974],[-67.07991,-45.04627],[-67.09266,-44.72102],[-67.04819,-44.66843],[-67.01582,-44.65193],[-66.97431,-44.59242],[-66.95895,-44.5518],[-66.96725,-44.52934],[-66.9407,-44.51469],[-66.93127,-44.48092],[-66.83461,-44.38758],[-66.80907,-44.34057],[-66.81086,-44.27985],[-66.79888,-44.26285],[-66.69448,-44.1917],[-66.67446,-44.13441],[-66.68551,-44.10317],[-66.67592,-44.07436],[-66.62849,-44.01959],[-66.48525,-43.96572],[-66.47448,-43.90327],[-66.43261,-43.85914],[-66.43176,-43.82567],[-66.4593,-43.78202],[-65.35321,-43.75874],[-65.34553,-43.77773]]],[[[-66.01068,-45.07938],[-65.98202,-45.09376],[-65.98593,-45.10328],[-65.96413,-45.10889],[-66.00784,-45.10425],[-66.01975,-45.08641],[-66.01068,-45.07938]]],[[[-65.62402,-45.04606],[-65.58662,-45.05227],[-65.60929,-45.0602],[-65.62402,-45.04606]]],[[[-65.95953,-45.10237],[-65.94544,-45.11882],[-65.96368,-45.10373],[-65.95953,-45.10237]]],[[[-65.71766,-45.04836],[-65.70491,-45.05696],[-65.72301,-45.0539],[-65.71766,-45.04836]]],[[[-65.58881,-45.05606],[-65.57771,-45.06305],[-65.59287,-45.06017],[-65.58881,-45.05606]]],[[[-65.66675,-44.76912],[-65.65298,-44.77504],[-65.66972,-44.76919],[-65.66675,-44.76912]]],[[[-65.75957,-45.03471],[-65.75136,-45.03688],[-65.76696,-45.03755],[-65.75957,-45.03471]]],[[[-65.86951,-45.03124],[-65.86671,-45.0395],[-65.87453,-45.03288],[-65.86951,-45.03124]]],[[[-66.33732,-45.05361],[-66.33942,-45.05736],[-66.34431,-45.05339],[-66.33732,-45.05361]]],[[[-65.25492,-44.15263],[-65.26288,-44.15325],[-65.25448,-44.1501],[-65.25492,-44.15263]]],[[[-66.05334,-45.12732],[-66.06071,-45.13224],[-66.06283,-45.13165],[-66.05334,-45.12732]]],[[[-65.26272,-44.25896],[-65.26337,-44.26291],[-65.26998,-44.26176],[-65.26272,-44.25896]]],[[[-65.80638,-45.06103],[-65.81037,-45.0674],[-65.81214,-45.06348],[-65.80638,-45.06103]]],[[[-65.38194,-44.59845],[-65.38728,-44.59742],[-65.38455,-44.59479],[-65.38194,-44.59845]]],[[[-65.96436,-45.05217],[-65.96941,-45.05054],[-65.96288,-45.04992],[-65.96436,-45.05217]]],[[[-65.23038,-44.27635],[-65.23862,-44.28119],[-65.23051,-44.27544],[-65.23038,-44.27635]]],[[[-65.53994,-44.90552],[-65.54187,-44.90857],[-65.54334,-44.90748],[-65.53994,-44.90552]]],[[[-65.61992,-45.05944],[-65.62061,-45.06227],[-65.62481,-45.06018],[-65.61992,-45.05944]]],[[[-65.39364,-44.59391],[-65.39315,-44.59742],[-65.39642,-44.59447],[-65.39364,-44.59391]]],[[[-65.62589,-45.05237],[-65.62079,-45.05499],[-65.62626,-45.05259],[-65.62589,-45.05237]]],[[[-65.5702,-44.98826],[-65.57372,-44.99012],[-65.57394,-44.98804],[-65.5702,-44.98826]]],[[[-65.56118,-44.96337],[-65.56664,-44.96362],[-65.56093,-44.96194],[-65.56118,-44.96337]]],[[[-65.87905,-45.03889],[-65.87646,-45.04167],[-65.88089,-45.0398],[-65.87905,-45.03889]]],[[[-65.86187,-45.0475],[-65.85993,-45.05161],[-65.86395,-45.05113],[-65.86187,-45.0475]]],[[[-65.6423,-44.76709],[-65.63828,-44.77064],[-65.64337,-44.76737],[-65.6423,-44.76709]]],[[[-66.32381,-45.06656],[-66.31888,-45.06752],[-66.31585,-45.06874],[-66.32381,-45.06656]]],[[[-66.29613,-45.07624],[-66.29839,-45.07769],[-66.30045,-45.07584],[-66.29613,-45.07624]]],[[[-65.57561,-45.06375],[-65.57727,-45.06518],[-65.57822,-45.06385],[-65.57561,-45.06375]]],[[[-65.56072,-44.99857],[-65.56366,-44.99938],[-65.56359,-44.99652],[-65.56072,-44.99857]]],[[[-65.84335,-45.04726],[-65.84624,-45.04794],[-65.84871,-45.04588],[-65.84335,-45.04726]]],[[[-65.96407,-45.09683],[-65.96625,-45.09875],[-65.96648,-45.09642],[-65.96407,-45.09683]]],[[[-65.91582,-45.04712],[-65.91895,-45.04789],[-65.91862,-45.04543],[-65.91582,-45.04712]]],[[[-65.30785,-44.53584],[-65.31019,-44.53705],[-65.31054,-44.53479],[-65.30785,-44.53584]]],[[[-66.09378,-45.11815],[-66.09746,-45.1179],[-66.09371,-45.11802],[-66.09378,-45.11815]]],[[[-66.33848,-45.06358],[-66.34076,-45.06589],[-66.34155,-45.06474],[-66.33848,-45.06358]]],[[[-65.64865,-44.76732],[-65.65108,-44.76757],[-65.65418,-44.76594],[-65.64865,-44.76732]]],[[[-65.86064,-45.03248],[-65.85979,-45.03501],[-65.86233,-45.0327],[-65.86064,-45.03248]]],[[[-65.96251,-45.04428],[-65.96345,-45.04599],[-65.96415,-45.04364],[-65.96251,-45.04428]]],[[[-66.06908,-45.00485],[-66.07196,-45.00562],[-66.07278,-45.00495],[-66.06908,-45.00485]]],[[[-66.24876,-45.03045],[-66.24966,-45.03216],[-66.25064,-45.03086],[-66.24876,-45.03045]]],[[[-66.03667,-45.09177],[-66.03746,-45.09277],[-66.03896,-45.09088],[-66.03667,-45.09177]]],[[[-65.97311,-45.05107],[-65.97611,-45.05158],[-65.97678,-45.05101],[-65.97311,-45.05107]]],[[[-66.04388,-45.09103],[-66.04556,-45.09024],[-66.0423,-45.09058],[-66.04388,-45.09103]]],[[[-65.74781,-45.03511],[-65.74889,-45.03663],[-65.74979,-45.03558],[-65.74781,-45.03511]]],[[[-66.02694,-45.0997],[-66.02927,-45.10035],[-66.02978,-45.09938],[-66.02694,-45.0997]]],[[[-65.84367,-45.04228],[-65.84189,-45.04153],[-65.8412,-45.04224],[-65.84367,-45.04228]]],[[[-65.93892,-45.11805],[-65.93736,-45.11927],[-65.94025,-45.11885],[-65.93892,-45.11805]]],[[[-65.915,-45.03997],[-65.91673,-45.04071],[-65.91651,-45.03984],[-65.915,-45.03997]]],[[[-65.71509,-45.05742],[-65.71653,-45.05812],[-65.71713,-45.05731],[-65.71509,-45.05742]]],[[[-65.80436,-45.04723],[-65.80337,-45.04798],[-65.80623,-45.0479],[-65.80436,-45.04723]]],[[[-65.84313,-45.0489],[-65.84078,-45.04927],[-65.84347,-45.04927],[-65.84313,-45.0489]]],[[[-65.91216,-45.04536],[-65.91292,-45.04605],[-65.91325,-45.04548],[-65.91216,-45.04536]]]]}},{"type":"Feature","properties":{"in1":26035,"provincia":"Chubut","nam":"Futaleufú","ha":{"2022-01":0.0,"2022-02":0.0,"2022-03":0.0,"2022-04":0.0,"2022-05":0.0,"2022-06":0.0,"2022-07":0.0,"2022-08":0.0,"2022-09":0.0,"2022-10":0.0,"2022-11":0.0,"2022-12":0.0,"2023-01":0.0,"2023-02":1614.58,"2023-03":0.0,"2023-04":0.0,"2023-05":0.0,"2023-06":0.0,"2023-07":0.0,"2023-08":0.0,"2023-09":0.0,"2023-10":0.0,"2023-11":0.0,"2023-12":0.0,"2024-01":3107.64,"2024-02":4340.28,"2024-03":0.0,"2024-04":0.0,"2024-05":0.0,"2024-06":0.0,"2024-07":0.0,"2024-08":0.0,"2024-09":0.0,"2024-10":0.0,"2024-11":0.0,"2024-12":0.0,"2025-01":0.0,"2025-02":6076.39,"2025-03":329.86,"2025-04":0.0,"2025-05":0.0,"2025-06":0.0,"2025-07":0.0,"2025-08":0.0,"2025-09":0.0,"2025-10":0.0,"2025-11":0.0,"2025-12":34.72,"2026-01":26537.64,"2026-02":866.65,"2026-03":0.0,"2026-04":0.0,"2026-05":0.0,"2026-06":0.0}},"geometry":{"type":"MultiPolygon","coordinates":[[[[-70.58451,-42.86651],[-70.57335,-42.8816],[-70.58089,-42.90624],[-70.5641,-42.92225],[-70.58064,-42.94649],[-70.63058,-42.96754],[-70.69818,-42.97026],[-70.71964,-42.999],[-70.79089,-43.02408],[-70.79237,-43.09834],[-70.81879,-43.12931],[-70.82731,-43.16747],[-70.82478,-43.22264],[-70.88602,-43.30853],[-70.8667,-43.33764],[-70.86185,-43.4212],[-70.84499,-43.45145],[-70.91689,-43.54387],[-70.97106,-43.5639],[-71.02354,-43.60852],[-71.10811,-43.63371],[-71.18544,-43.58928],[-71.31875,-43.5523],[-71.44812,-43.56944],[-71.48444,-43.5401],[-71.57043,-43.52009],[-71.66788,-43.52195],[-71.68906,-43.54752],[-71.73136,-43.54989],[-71.75741,-43.58423],[-71.77652,-43.53869],[-71.87748,-43.55108],[-71.87849,-43.52753],[-71.84863,-43.48289],[-71.88138,-43.4513],[-71.93067,-43.45731],[-71.91411,-43.41665],[-71.93325,-43.38677],[-71.89374,-43.38009],[-71.90255,-43.32112],[-71.8401,-43.33521],[-71.7864,-43.29697],[-71.75521,-43.31764],[-71.7346,-43.31433],[-71.7308,-43.28224],[-71.75725,-43.22827],[-71.72941,-43.19969],[-71.76053,-43.16462],[-71.78371,-43.16878],[-71.81508,-43.14568],[-71.85734,-43.14258],[-71.85299,-43.12711],[-71.88637,-43.12703],[-71.89268,-43.10702],[-71.9329,-43.10213],[-71.9433,-43.09242],[-71.93631,-43.05277],[-72.00262,-43.03741],[-72.03653,-43.01302],[-72.03815,-42.99256],[-72.05717,-42.98294],[-72.0732,-42.94961],[-72.11669,-42.93595],[-72.11413,-42.92261],[-72.14271,-42.89822],[-72.11829,-42.8817],[-72.13415,-42.85272],[-72.14788,-42.85002],[-72.16502,-42.79891],[-72.1427,-42.79528],[-72.13133,-42.77713],[-72.14716,-42.74156],[-72.12842,-42.73105],[-72.13821,-42.71116],[-72.1799,-42.69613],[-72.17264,-42.67187],[-72.1359,-42.68014],[-72.09603,-42.64204],[-72.11761,-42.62921],[-72.11851,-42.60296],[-72.07517,-42.56632],[-72.05135,-42.56512],[-72.05374,-42.54547],[-72.0126,-42.49485],[-72.02072,-42.47871],[-71.62722,-42.48528],[-71.59859,-42.60522],[-71.48022,-42.61317],[-71.4875,-42.66097],[-71.44264,-42.68783],[-71.43797,-42.70855],[-71.3484,-42.78286],[-71.35619,-42.79401],[-71.29164,-42.85825],[-71.16719,-42.86194],[-71.04655,-42.9468],[-70.9363,-42.86356],[-70.58451,-42.86651]]]]}},{"type":"Feature","properties":{"in1":26042,"provincia":"Chubut","nam":"Gaiman","ha":{"2022-01":0.0,"2022-02":0.0,"2022-03":0.0,"2022-04":0.0,"2022-05":0.0,"2022-06":0.0,"2022-07":0.0,"2022-08":0.0,"2022-09":0.0,"2022-10":0.0,"2022-11":0.0,"2022-12":0.0,"2023-01":0.0,"2023-02":0.0,"2023-03":0.0,"2023-04":0.0,"2023-05":0.0,"2023-06":0.0,"2023-07":0.0,"2023-08":0.0,"2023-09":0.0,"2023-10":0.0,"2023-11":0.0,"2023-12":0.0,"2024-01":0.0,"2024-02":0.0,"2024-03":0.0,"2024-04":0.0,"2024-05":0.0,"2024-06":0.0,"2024-07":0.0,"2024-08":0.0,"2024-09":0.0,"2024-10":0.0,"2024-11":0.0,"2024-12":0.0,"2025-01":0.0,"2025-02":0.0,"2025-03":0.0,"2025-04":0.0,"2025-05":0.0,"2025-06":0.0,"2025-07":0.0,"2025-08":0.0,"2025-09":0.0,"2025-10":0.0,"2025-11":7803.07,"2025-12":208.33,"2026-01":0.0,"2026-02":0.0,"2026-03":0.0,"2026-04":0.0,"2026-05":0.0,"2026-06":0.0}},"geometry":{"type":"MultiPolygon","coordinates":[[[[-65.40421,-43.76005],[-66.52463,-43.78304],[-66.52995,-43.33527],[-67.14816,-43.34031],[-67.15363,-42.87898],[-65.45457,-42.85192],[-65.40421,-43.76005]]]]}},{"type":"Feature","properties":{"in1":26049,"provincia":"Chubut","nam":"Gastre","ha":{"2022-01":0.0,"2022-02":0.0,"2022-03":0.0,"2022-04":0.0,"2022-05":0.0,"2022-06":0.0,"2022-07":0.0,"2022-08":0.0,"2022-09":0.0,"2022-10":0.0,"2022-11":0.0,"2022-12":0.0,"2023-01":0.0,"2023-02":0.0,"2023-03":0.0,"2023-04":0.0,"2023-05":0.0,"2023-06":0.0,"2023-07":0.0,"2023-08":0.0,"2023-09":0.0,"2023-10":0.0,"2023-11":0.0,"2023-12":0.0,"2024-01":0.0,"2024-02":0.0,"2024-03":104.17,"2024-04":0.0,"2024-05":0.0,"2024-06":0.0,"2024-07":0.0,"2024-08":0.0,"2024-09":0.0,"2024-10":0.0,"2024-11":0.0,"2024-12":0.0,"2025-01":0.0,"2025-02":0.0,"2025-03":0.0,"2025-04":0.0,"2025-05":0.0,"2025-06":0.0,"2025-07":0.0,"2025-08":0.0,"2025-09":0.0,"2025-10":0.0,"2025-11":0.0,"2025-12":0.0,"2026-01":0.0,"2026-02":0.0,"2026-03":0.0,"2026-04":0.0,"2026-05":0.0,"2026-06":0.0}},"geometry":{"type":"MultiPolygon","coordinates":[[[[-68.3894,-42.0],[-68.3816,-42.88283],[-67.77387,-42.88257],[-67.7676,-43.33879],[-69.55855,-43.33196],[-69.42811,-42.0],[-68.3894,-42.0]]]]}},{"type":"Feature","properties":{"in1":26056,"provincia":"Chubut","nam":"Languiñeo","ha":{"2022-01":0.0,"2022-02":0.0,"2022-03":0.0,"2022-04":0.0,"2022-05":0.0,"2022-06":0.0,"2022-07":0.0,"2022-08":0.0,"2022-09":0.0,"2022-10":0.0,"2022-11":0.0,"2022-12":0.0,"2023-01":0.0,"2023-02":0.0,"2023-03":0.0,"2023-04":0.0,"2023-05":0.0,"2023-06":0.0,"2023-07":0.0,"2023-08":0.0,"2023-09":0.0,"2023-10":0.0,"2023-11":0.0,"2023-12":0.0,"2024-01":0.0,"2024-02":2777.78,"2024-03":0.0,"2024-04":0.0,"2024-05":0.0,"2024-06":0.0,"2024-07":0.0,"2024-08":0.0,"2024-09":0.0,"2024-10":0.0,"2024-11":0.0,"2024-12":0.0,"2025-01":0.0,"2025-02":0.0,"2025-03":0.0,"2025-04":0.0,"2025-05":0.0,"2025-06":0.0,"2025-07":0.0,"2025-08":0.0,"2025-09":0.0,"2025-10":0.0,"2025-11":0.0,"2025-12":0.0,"2026-01":0.0,"2026-02":0.0,"2026-03":0.0,"2026-04":0.0,"2026-05":0.0,"2026-06":0.0}},"geometry":{"type":"MultiPolygon","coordinates":[[[[-69.50529,-42.79676],[-69.55855,-43.33196],[-69.53138,-43.78473],[-70.99231,-43.76089],[-70.99586,-43.85066],[-71.11619,-43.84933],[-71.11842,-43.93985],[-71.37174,-43.93541],[-71.36932,-43.88313],[-71.38388,-43.87891],[-71.47835,-43.92012],[-71.64963,-43.93487],[-71.66643,-43.90123],[-71.70738,-43.89449],[-71.70872,-43.85574],[-71.73196,-43.8597],[-71.76344,-43.83948],[-71.7529,-43.78728],[-71.69776,-43.72691],[-71.66576,-43.72253],[-71.65707,-43.70085],[-71.6319,-43.70809],[-71.63009,-43.69859],[-71.59978,-43.69697],[-71.612,-43.67604],[-71.58829,-43.67545],[-71.58142,-43.65922],[-71.60776,-43.62859],[-71.70346,-43.62525],[-71.71755,-43.57643],[-71.75741,-43.58423],[-71.73136,-43.54989],[-71.68906,-43.54752],[-71.66788,-43.52195],[-71.51988,-43.52645],[-71.44288,-43.56993],[-71.31875,-43.5523],[-71.18544,-43.58928],[-71.10811,-43.63371],[-71.02354,-43.60852],[-70.97498,-43.56628],[-70.90982,-43.53869],[-70.84499,-43.45145],[-70.86185,-43.4212],[-70.8667,-43.33764],[-70.88602,-43.30853],[-70.82478,-43.22264],[-70.82731,-43.16747],[-70.81879,-43.12931],[-70.79237,-43.09834],[-70.79089,-43.02408],[-70.71964,-42.999],[-70.69818,-42.97026],[-70.63058,-42.96754],[-70.58064,-42.94649],[-70.5641,-42.92225],[-70.58089,-42.90624],[-70.5734,-42.88109],[-70.58852,-42.85061],[-70.53674,-42.7633],[-70.43933,-42.65203],[-70.36823,-42.60148],[-70.32429,-42.59661],[-70.29209,-42.6339],[-70.26392,-42.64173],[-70.20526,-42.62357],[-70.10962,-42.63702],[-70.04178,-42.67303],[-70.01699,-42.67249],[-69.98869,-42.64067],[-69.95715,-42.63156],[-69.89288,-42.63601],[-69.8475,-42.62442],[-69.73643,-42.68136],[-69.66274,-42.67973],[-69.59595,-42.6937],[-69.56617,-42.71347],[-69.50529,-42.79676]]]]}},{"type":"Feature","properties":{"in1":26063,"provincia":"Chubut","nam":"Mártires","ha":{"2022-01":0.0,"2022-02":0.0,"2022-03":0.0,"2022-04":0.0,"2022-05":0.0,"2022-06":0.0,"2022-07":0.0,"2022-08":0.0,"2022-09":0.0,"2022-10":0.0,"2022-11":0.0,"2022-12":104.17,"2023-01":0.0,"2023-02":0.0,"2023-03":0.0,"2023-04":0.0,"2023-05":0.0,"2023-06":0.0,"2023-07":0.0,"2023-08":0.0,"2023-09":0.0,"2023-10":0.0,"2023-11":0.0,"2023-12":0.0,"2024-01":0.0,"2024-02":0.0,"2024-03":0.0,"2024-04":0.0,"2024-05":0.0,"2024-06":0.0,"2024-07":0.0,"2024-08":0.0,"2024-09":0.0,"2024-10":0.0,"2024-11":0.0,"2024-12":0.0,"2025-01":0.0,"2025-02":0.0,"2025-03":0.0,"2025-04":0.0,"2025-05":0.0,"2025-06":0.0,"2025-07":0.0,"2025-08":0.0,"2025-09":0.0,"2025-10":0.0,"2025-11":0.0,"2025-12":0.0,"2026-01":0.0,"2026-02":0.0,"2026-03":0.0,"2026-04":0.0,"2026-05":0.0,"2026-06":0.0}},"geometry":{"type":"MultiPolygon","coordinates":[[[[-66.4593,-43.78202],[-66.43176,-43.82567],[-66.43261,-43.85914],[-66.47448,-43.90327],[-66.48525,-43.96572],[-66.62849,-44.01959],[-66.67592,-44.07436],[-66.68551,-44.10317],[-66.67446,-44.13441],[-66.69448,-44.1917],[-66.79888,-44.26285],[-66.81086,-44.27985],[-66.80907,-44.34057],[-66.83461,-44.38758],[-66.93127,-44.48092],[-66.9407,-44.51469],[-66.96725,-44.52934],[-66.95895,-44.5518],[-66.97431,-44.59242],[-67.0805,-44.71665],[-67.09266,-44.72102],[-67.09416,-44.67893],[-67.74809,-44.68493],[-67.77387,-42.88257],[-67.15363,-42.87898],[-67.14816,-43.34031],[-66.52995,-43.33527],[-66.52463,-43.78304],[-66.4593,-43.78202]]]]}},{"type":"Feature","properties":{"in1":26070,"provincia":"Chubut","nam":"Paso de Indios","ha":{"2022-01":0.0,"2022-02":0.0,"2022-03":0.0,"2022-04":0.0,"2022-05":0.0,"2022-06":0.0,"2022-07":0.0,"2022-08":0.0,"2022-09":0.0,"2022-10":0.0,"2022-11":0.0,"2022-12":190.97,"2023-01":0.0,"2023-02":0.0,"2023-03":0.0,"2023-04":0.0,"2023-05":0.0,"2023-06":0.0,"2023-07":0.0,"2023-08":0.0,"2023-09":0.0,"2023-10":0.0,"2023-11":0.0,"2023-12":0.0,"2024-01":0.0,"2024-02":0.0,"2024-03":0.0,"2024-04":0.0,"2024-05":0.0,"2024-06":0.0,"2024-07":0.0,"2024-08":0.0,"2024-09":0.0,"2024-10":0.0,"2024-11":0.0,"2024-12":0.0,"2025-01":0.0,"2025-02":0.0,"2025-03":0.0,"2025-04":0.0,"2025-05":0.0,"2025-06":0.0,"2025-07":0.0,"2025-08":0.0,"2025-09":0.0,"2025-10":0.0,"2025-11":0.0,"2025-12":0.0,"2026-01":0.0,"2026-02":0.0,"2026-03":0.0,"2026-04":0.0,"2026-05":0.0,"2026-06":0.0}},"geometry":{"type":"MultiPolygon","coordinates":[[[[-67.7676,-43.33879],[-67.74809,-44.68493],[-69.91869,-44.67803],[-69.50912,-44.14491],[-69.55855,-43.33196],[-67.7676,-43.33879]]]]}},{"type":"Feature","properties":{"in1":26077,"provincia":"Chubut","nam":"Rawson","ha":{"2022-01":0.0,"2022-02":0.0,"2022-03":0.0,"2022-04":0.0,"2022-05":0.0,"2022-06":0.0,"2022-07":0.0,"2022-08":0.0,"2022-09":0.0,"2022-10":0.0,"2022-11":0.0,"2022-12":0.0,"2023-01":0.0,"2023-02":0.0,"2023-03":0.0,"2023-04":0.0,"2023-05":0.0,"2023-06":0.0,"2023-07":0.0,"2023-08":0.0,"2023-09":0.0,"2023-10":0.0,"2023-11":0.0,"2023-12":0.0,"2024-01":0.0,"2024-02":0.0,"2024-03":0.0,"2024-04":0.0,"2024-05":0.0,"2024-06":0.0,"2024-07":0.0,"2024-08":0.0,"2024-09":0.0,"2024-10":0.0,"2024-11":0.0,"2024-12":0.0,"2025-01":0.0,"2025-02":6631.94,"2025-03":156.25,"2025-04":0.0,"2025-05":0.0,"2025-06":0.0,"2025-07":0.0,"2025-08":0.0,"2025-09":0.0,"2025-10":0.0,"2025-11":14168.19,"2025-12":17.36,"2026-01":0.0,"2026-02":763.89,"2026-03":0.0,"2026-04":0.0,"2026-05":0.0,"2026-06":0.0}},"geometry":{"type":"MultiPolygon","coordinates":[[[[-65.45457,-42.85192],[-64.81159,-42.84021],[-64.64791,-42.91483],[-64.53329,-42.92164],[-64.48894,-42.94941],[-64.39682,-42.95959],[-64.33032,-42.93592],[-64.30768,-42.97916],[-64.33058,-43.00275],[-64.45896,-43.06447],[-64.75761,-43.1506],[-64.97634,-43.25497],[-65.05029,-43.32828],[-65.05578,-43.35154],[-65.04349,-43.38152],[-65.05258,-43.40258],[-65.1452,-43.47333],[-65.194,-43.53987],[-65.25409,-43.57071],[-65.3147,-43.63213],[-65.34162,-43.67615],[-65.35321,-43.75874],[-65.40421,-43.76005],[-65.45457,-42.85192]]]]}},{"type":"Feature","properties":{"in1":26084,"provincia":"Chubut","nam":"Río Senguer","ha":{"2022-01":0.0,"2022-02":0.0,"2022-03":0.0,"2022-04":0.0,"2022-05":0.0,"2022-06":0.0,"2022-07":0.0,"2022-08":0.0,"2022-09":0.0,"2022-10":0.0,"2022-11":0.0,"2022-12":156.25,"2023-01":0.0,"2023-02":0.0,"2023-03":0.0,"2023-04":0.0,"2023-05":0.0,"2023-06":0.0,"2023-07":0.0,"2023-08":0.0,"2023-09":0.0,"2023-10":0.0,"2023-11":0.0,"2023-12":0.0,"2024-01":0.0,"2024-02":0.0,"2024-03":0.0,"2024-04":0.0,"2024-05":0.0,"2024-06":0.0,"2024-07":0.0,"2024-08":0.0,"2024-09":0.0,"2024-10":0.0,"2024-11":0.0,"2024-12":0.0,"2025-01":0.0,"2025-02":0.0,"2025-03":0.0,"2025-04":0.0,"2025-05":0.0,"2025-06":0.0,"2025-07":0.0,"2025-08":0.0,"2025-09":0.0,"2025-10":0.0,"2025-11":0.0,"2025-12":86.81,"2026-01":0.0,"2026-02":0.0,"2026-03":0.0,"2026-04":0.0,"2026-05":0.0,"2026-06":0.0}},"geometry":{"type":"MultiPolygon","coordinates":[[[[-71.23263,-44.65384],[-69.62679,-44.68137],[-69.64806,-45.99994],[-71.6449,-46.0],[-71.64531,-45.98507],[-71.61811,-45.98005],[-71.61254,-45.96323],[-71.65252,-45.89039],[-71.71586,-45.85444],[-71.73973,-45.85812],[-71.76897,-45.84439],[-71.74327,-45.80259],[-71.76126,-45.78784],[-71.75483,-45.77131],[-71.77122,-45.74374],[-71.80105,-45.72089],[-71.77305,-45.68124],[-71.79553,-45.66493],[-71.77198,-45.64102],[-71.77956,-45.62182],[-71.74815,-45.61028],[-71.7266,-45.57746],[-71.76295,-45.57664],[-71.76353,-45.56031],[-71.74431,-45.54215],[-71.68259,-45.52777],[-71.68213,-45.51508],[-71.55956,-45.52358],[-71.46892,-45.49364],[-71.48271,-45.48301],[-71.46981,-45.48204],[-71.47507,-45.47425],[-71.50193,-45.46665],[-71.50899,-45.45872],[-71.4999,-45.45553],[-71.53394,-45.43297],[-71.52056,-45.42535],[-71.52946,-45.3927],[-71.45325,-45.38611],[-71.43825,-45.39582],[-71.44627,-45.36766],[-71.33591,-45.32203],[-71.32005,-45.29212],[-71.3504,-45.26787],[-71.33298,-45.24139],[-71.37,-45.2256],[-71.42518,-45.17174],[-71.41811,-45.15744],[-71.48749,-45.14412],[-71.47927,-45.13429],[-71.49145,-45.10781],[-71.52654,-45.10312],[-71.50542,-45.07221],[-71.55799,-45.03148],[-71.54095,-45.0002],[-71.55931,-44.97765],[-71.65729,-44.97559],[-71.71107,-44.95512],[-71.74211,-44.95835],[-71.75384,-44.92648],[-71.77815,-44.94026],[-71.81722,-44.91979],[-71.85444,-44.93231],[-71.87991,-44.95939],[-71.88353,-44.94597],[-71.92498,-44.94421],[-71.94789,-44.92058],[-71.97736,-44.91944],[-71.97925,-44.90356],[-72.03367,-44.90476],[-72.06582,-44.87672],[-72.03635,-44.86233],[-72.06559,-44.85],[-72.02708,-44.80546],[-72.07382,-44.78064],[-72.0639,-44.75659],[-72.03242,-44.76545],[-72.01816,-44.75666],[-72.00061,-44.78638],[-71.95679,-44.78601],[-71.9275,-44.80404],[-71.91461,-44.77661],[-71.85211,-44.80078],[-71.81546,-44.79309],[-71.82458,-44.77494],[-71.78648,-44.75226],[-71.73593,-44.76879],[-71.68698,-44.76502],[-71.66634,-44.78721],[-71.59538,-44.77936],[-71.5816,-44.75226],[-71.56688,-44.75931],[-71.47421,-44.73707],[-71.39449,-44.79002],[-71.29182,-44.81395],[-71.25063,-44.79934],[-71.25373,-44.78525],[-71.2056,-44.74952],[-71.20227,-44.72284],[-71.2143,-44.71421],[-71.19584,-44.6849],[-71.23263,-44.65384]]]]}},{"type":"Feature","properties":{"in1":26091,"provincia":"Chubut","nam":"Sarmiento","ha":{"2022-01":0.0,"2022-02":0.0,"2022-03":0.0,"2022-04":0.0,"2022-05":0.0,"2022-06":0.0,"2022-07":0.0,"2022-08":0.0,"2022-09":0.0,"2022-10":0.0,"2022-11":0.0,"2022-12":0.0,"2023-01":34.72,"2023-02":0.0,"2023-03":0.0,"2023-04":0.0,"2023-05":0.0,"2023-06":0.0,"2023-07":0.0,"2023-08":0.0,"2023-09":0.0,"2023-10":0.0,"2023-11":0.0,"2023-12":0.0,"2024-01":0.0,"2024-02":0.0,"2024-03":0.0,"2024-04":0.0,"2024-05":0.0,"2024-06":0.0,"2024-07":0.0,"2024-08":0.0,"2024-09":0.0,"2024-10":0.0,"2024-11":0.0,"2024-12":0.0,"2025-01":0.0,"2025-02":0.0,"2025-03":0.0,"2025-04":0.0,"2025-05":0.0,"2025-06":0.0,"2025-07":0.0,"2025-08":0.0,"2025-09":0.0,"2025-10":0.0,"2025-11":0.0,"2025-12":0.0,"2026-01":0.0,"2026-02":0.0,"2026-03":0.0,"2026-04":0.0,"2026-05":0.0,"2026-06":0.0}},"geometry":{"type":"MultiPolygon","coordinates":[[[[-69.64806,-45.99972],[-69.62679,-44.68137],[-68.37119,-44.68718],[-68.36312,-45.9999],[-69.64806,-45.99972]]]]}},{"type":"Feature","properties":{"in1":26098,"provincia":"Chubut","nam":"Tehuelches","ha":{"2022-01":0.0,"2022-02":0.0,"2022-03":0.0,"2022-04":0.0,"2022-05":0.0,"2022-06":0.0,"2022-07":0.0,"2022-08":0.0,"2022-09":0.0,"2022-10":0.0,"2022-11":0.0,"2022-12":0.0,"2023-01":0.0,"2023-02":0.0,"2023-03":0.0,"2023-04":0.0,"2023-05":0.0,"2023-06":0.0,"2023-07":0.0,"2023-08":0.0,"2023-09":0.0,"2023-10":0.0,"2023-11":0.0,"2023-12":0.0,"2024-01":104.17,"2024-02":0.0,"2024-03":0.0,"2024-04":0.0,"2024-05":0.0,"2024-06":0.0,"2024-07":0.0,"2024-08":0.0,"2024-09":0.0,"2024-10":0.0,"2024-11":0.0,"2024-12":0.0,"2025-01":1892.36,"2025-02":3750.0,"2025-03":0.0,"2025-04":0.0,"2025-05":0.0,"2025-06":0.0,"2025-07":0.0,"2025-08":0.0,"2025-09":0.0,"2025-10":0.0,"2025-11":0.0,"2025-12":0.0,"2026-01":0.0,"2026-02":0.0,"2026-03":0.0,"2026-04":0.0,"2026-05":0.0,"2026-06":0.0}},"geometry":{"type":"MultiPolygon","coordinates":[[[[-69.53138,-43.78473],[-69.50912,-44.14491],[-69.91869,-44.67803],[-71.23263,-44.65384],[-71.23549,-44.64092],[-71.21636,-44.63577],[-71.21506,-44.61697],[-71.19431,-44.60198],[-71.20085,-44.59164],[-71.12789,-44.59758],[-71.09723,-44.58706],[-71.10325,-44.55334],[-71.09146,-44.53255],[-71.16373,-44.50104],[-71.12969,-44.4718],[-71.17111,-44.4391],[-71.22273,-44.43625],[-71.24618,-44.4174],[-71.34889,-44.4248],[-71.35267,-44.4034],[-71.3862,-44.38527],[-71.5105,-44.394],[-71.55179,-44.40897],[-71.61724,-44.39849],[-71.65788,-44.40899],[-71.71169,-44.37922],[-71.73632,-44.39918],[-71.80299,-44.41965],[-71.81507,-44.41612],[-71.80433,-44.39914],[-71.82084,-44.39228],[-71.81751,-44.37748],[-71.83935,-44.3524],[-71.78719,-44.33132],[-71.80876,-44.28821],[-71.80312,-44.27169],[-71.82954,-44.26537],[-71.80636,-44.25811],[-71.80772,-44.22806],[-71.78002,-44.21719],[-71.80064,-44.21458],[-71.79988,-44.1917],[-71.84733,-44.15821],[-71.84774,-44.11102],[-71.78134,-44.11151],[-71.75943,-44.09961],[-71.64963,-43.93487],[-71.47835,-43.92012],[-71.38388,-43.87891],[-71.36932,-43.88313],[-71.37174,-43.93541],[-71.11842,-43.93985],[-71.11619,-43.84933],[-70.99586,-43.85066],[-70.99231,-43.76089],[-69.53138,-43.78473]]]]}},{"type":"Feature","properties":{"in1":26105,"provincia":"Chubut","nam":"Telsen","ha":{"2022-01":0.0,"2022-02":0.0,"2022-03":0.0,"2022-04":0.0,"2022-05":0.0,"2022-06":0.0,"2022-07":0.0,"2022-08":0.0,"2022-09":0.0,"2022-10":0.0,"2022-11":0.0,"2022-12":0.0,"2023-01":0.0,"2023-02":0.0,"2023-03":0.0,"2023-04":0.0,"2023-05":0.0,"2023-06":0.0,"2023-07":0.0,"2023-08":0.0,"2023-09":0.0,"2023-10":0.0,"2023-11":0.0,"2023-12":0.0,"2024-01":0.0,"2024-02":0.0,"2024-03":0.0,"2024-04":0.0,"2024-05":0.0,"2024-06":0.0,"2024-07":0.0,"2024-08":0.0,"2024-09":0.0,"2024-10":0.0,"2024-11":0.0,"2024-12":0.0,"2025-01":0.0,"2025-02":0.0,"2025-03":0.0,"2025-04":0.0,"2025-05":0.0,"2025-06":0.0,"2025-07":0.0,"2025-08":0.0,"2025-09":0.0,"2025-10":0.0,"2025-11":0.0,"2025-12":0.0,"2026-01":0.0,"2026-02":0.0,"2026-03":0.0,"2026-04":0.0,"2026-05":0.0,"2026-06":0.0}},"geometry":{"type":"MultiPolygon","coordinates":[[[[-68.3894,-42.0],[-65.9736,-42.0],[-65.94274,-42.86229],[-68.3816,-42.88283],[-68.3894,-42.0]]]]}},{"type":"Feature","properties":{"in1":58007,"provincia":"Neuquén","nam":"Aluminé","ha":{"2022-01":0.0,"2022-02":0.0,"2022-03":0.0,"2022-04":0.0,"2022-05":0.0,"2022-06":0.0,"2022-07":0.0,"2022-08":0.0,"2022-09":0.0,"2022-10":0.0,"2022-11":0.0,"2022-12":0.0,"2023-01":0.0,"2023-02":0.0,"2023-03":0.0,"2023-04":0.0,"2023-05":0.0,"2023-06":0.0,"2023-07":17.36,"2023-08":0.0,"2023-09":0.0,"2023-10":0.0,"2023-11":313.37,"2023-12":295.14,"2024-01":0.0,"2024-02":0.0,"2024-03":0.0,"2024-04":0.0,"2024-05":0.0,"2024-06":0.0,"2024-07":0.0,"2024-08":17.36,"2024-09":0.0,"2024-10":17.36,"2024-11":1310.53,"2024-12":0.0,"2025-01":0.0,"2025-02":0.0,"2025-03":0.0,"2025-04":0.0,"2025-05":0.0,"2025-06":0.0,"2025-07":0.0,"2025-08":0.0,"2025-09":0.0,"2025-10":17.36,"2025-11":0.0,"2025-12":0.0,"2026-01":0.0,"2026-02":0.0,"2026-03":0.0,"2026-04":0.0,"2026-05":0.0,"2026-06":0.0}},"geometry":{"type":"MultiPolygon","coordinates":[[[[-70.62478,-39.06261],[-70.68201,-39.04907],[-70.70684,-39.01357],[-70.71705,-39.036],[-70.74199,-39.04967],[-70.72723,-39.0791],[-70.7371,-39.11142],[-70.72743,-39.13866],[-70.74849,-39.23927],[-70.72708,-39.27504],[-70.7598,-39.28652],[-70.77837,-39.31036],[-70.78583,-39.36039],[-70.81399,-39.37401],[-70.79261,-39.39266],[-70.76517,-39.39572],[-70.77911,-39.41717],[-70.76952,-39.43627],[-70.75455,-39.43601],[-70.75153,-39.46494],[-70.79997,-39.4651],[-70.83378,-39.48319],[-70.83402,-39.52264],[-70.92866,-39.54001],[-70.9579,-39.52264],[-70.98785,-39.53293],[-71.00162,-39.51947],[-71.01806,-39.52902],[-71.06523,-39.51416],[-71.07615,-39.5257],[-71.12937,-39.51735],[-71.15784,-39.52897],[-71.17465,-39.52113],[-71.20214,-39.46583],[-71.23101,-39.46603],[-71.23901,-39.4491],[-71.28385,-39.48053],[-71.30331,-39.46861],[-71.33337,-39.48267],[-71.36236,-39.46564],[-71.38038,-39.46965],[-71.3903,-39.45582],[-71.44169,-39.45783],[-71.45024,-39.42626],[-71.46398,-39.42014],[-71.44448,-39.40347],[-71.45675,-39.37003],[-71.43357,-39.37212],[-71.40036,-39.3506],[-71.38564,-39.31815],[-71.39248,-39.29555],[-71.374,-39.28243],[-71.39255,-39.25025],[-71.38236,-39.23765],[-71.39191,-39.2158],[-71.38107,-39.21133],[-71.40104,-39.16501],[-71.42119,-39.15107],[-71.40737,-39.09578],[-71.41773,-39.06966],[-71.39601,-39.04564],[-71.4214,-39.02524],[-71.41355,-39.00809],[-71.44151,-38.98103],[-71.4323,-38.96739],[-71.43882,-38.94146],[-71.42542,-38.92164],[-71.37546,-38.90713],[-71.33977,-38.87795],[-71.29654,-38.87335],[-71.26794,-38.85317],[-71.26803,-38.8273],[-71.23784,-38.80252],[-71.18532,-38.81487],[-71.17988,-38.80156],[-71.11737,-38.78152],[-71.09382,-38.75488],[-71.07005,-38.76972],[-71.05218,-38.75749],[-71.00125,-38.77011],[-70.98119,-38.75992],[-70.9285,-38.7639],[-70.89487,-38.72129],[-70.84903,-38.72366],[-70.81776,-38.74343],[-70.78185,-38.73241],[-70.76725,-38.77286],[-70.74074,-38.78989],[-70.698,-38.78866],[-70.69999,-38.80858],[-70.64924,-38.85097],[-70.66337,-38.88971],[-70.66031,-38.92314],[-70.60282,-38.99162],[-70.62745,-39.00888],[-70.61031,-39.03773],[-70.62478,-39.06261]]]]}},{"type":"Feature","properties":{"in1":58014,"provincia":"Neuquén","nam":"Añelo","ha":{"2022-01":0.0,"2022-02":0.0,"2022-03":0.0,"2022-04":0.0,"2022-05":0.0,"2022-06":0.0,"2022-07":0.0,"2022-08":0.0,"2022-09":0.0,"2022-10":0.0,"2022-11":0.0,"2022-12":0.0,"2023-01":0.0,"2023-02":0.0,"2023-03":0.0,"2023-04":0.0,"2023-05":0.0,"2023-06":0.0,"2023-07":0.0,"2023-08":0.0,"2023-09":0.0,"2023-10":0.0,"2023-11":0.0,"2023-12":0.0,"2024-01":0.0,"2024-02":0.0,"2024-03":0.0,"2024-04":34.72,"2024-05":0.0,"2024-06":0.0,"2024-07":0.0,"2024-08":0.0,"2024-09":0.0,"2024-10":0.0,"2024-11":0.0,"2024-12":0.0,"2025-01":0.0,"2025-02":0.0,"2025-03":0.0,"2025-04":0.0,"2025-05":0.0,"2025-06":0.0,"2025-07":0.0,"2025-08":0.0,"2025-09":0.0,"2025-10":0.0,"2025-11":0.0,"2025-12":0.0,"2026-01":0.0,"2026-02":0.0,"2026-03":0.0,"2026-04":0.0,"2026-05":0.0,"2026-06":0.0}},"geometry":{"type":"MultiPolygon","coordinates":[[[[-68.26109,-37.70452],[-68.2566,-38.67963],[-68.28249,-38.67001],[-68.2854,-38.64791],[-68.31285,-38.64879],[-68.33435,-38.61934],[-68.39083,-38.59712],[-68.4131,-38.56746],[-68.49075,-38.54448],[-68.54482,-38.50018],[-68.54389,-38.4891],[-68.60688,-38.46879],[-68.62174,-38.43445],[-68.67737,-38.4168],[-68.6857,-38.40337],[-68.72516,-38.40491],[-68.75954,-38.37139],[-68.86116,-38.37426],[-68.93737,-38.43923],[-68.95997,-38.48486],[-68.99437,-38.4919],[-69.02874,-38.5364],[-69.0476,-38.5387],[-69.04096,-38.55546],[-69.0507,-38.57025],[-69.10733,-38.58044],[-69.11069,-38.60123],[-69.14113,-38.61369],[-69.17557,-38.60497],[-69.22837,-38.62929],[-69.24468,-38.61982],[-69.24105,-38.6049],[-69.27139,-38.59942],[-69.31573,-38.61496],[-69.33094,-38.59435],[-69.34817,-38.59955],[-69.39633,-38.5611],[-69.39496,-38.54836],[-69.41043,-38.54009],[-69.4032,-38.52786],[-69.42827,-38.50352],[-69.46321,-38.48628],[-69.48194,-38.5088],[-69.49462,-38.48619],[-69.53881,-38.49185],[-69.57431,-38.43671],[-69.61141,-38.42102],[-69.63586,-38.42559],[-69.67173,-38.39462],[-69.66952,-38.37797],[-69.70479,-38.37233],[-69.69972,-38.35898],[-69.70978,-38.35199],[-69.69567,-38.32577],[-69.71611,-38.33061],[-69.74184,-38.30045],[-69.72087,-38.29651],[-69.73244,-38.27598],[-69.71721,-38.24327],[-69.73416,-38.24187],[-69.73774,-38.21001],[-69.75785,-38.19271],[-69.73316,-38.18056],[-69.74281,-38.16348],[-69.76106,-38.16639],[-69.76465,-38.12316],[-69.78597,-38.12168],[-69.77731,-38.10511],[-69.81466,-38.08823],[-69.80133,-38.06361],[-69.82113,-38.06102],[-69.82363,-38.04347],[-69.84034,-38.0347],[-69.82515,-38.02301],[-69.80293,-38.03514],[-69.81409,-38.02108],[-69.8061,-37.99939],[-69.82149,-37.9919],[-69.79473,-37.97067],[-69.81719,-37.94324],[-69.83916,-37.9484],[-69.82866,-37.92863],[-69.85269,-37.91383],[-69.85144,-37.87287],[-69.86457,-37.85117],[-69.88862,-37.84169],[-69.8727,-37.8259],[-69.84375,-37.83054],[-69.86159,-37.81752],[-69.85239,-37.78224],[-69.87121,-37.76715],[-69.86254,-37.7541],[-69.87523,-37.75427],[-69.87579,-37.73514],[-69.86622,-37.72128],[-69.88621,-37.71419],[-69.88569,-37.69136],[-68.26109,-37.70452]]]]}},{"type":"Feature","properties":{"in1":58021,"provincia":"Neuquén","nam":"Catán Lil","ha":{"2022-01":0.0,"2022-02":0.0,"2022-03":0.0,"2022-04":0.0,"2022-05":0.0,"2022-06":0.0,"2022-07":0.0,"2022-08":0.0,"2022-09":0.0,"2022-10":0.0,"2022-11":0.0,"2022-12":0.0,"2023-01":0.0,"2023-02":0.0,"2023-03":0.0,"2023-04":0.0,"2023-05":0.0,"2023-06":17.36,"2023-07":0.0,"2023-08":0.0,"2023-09":0.0,"2023-10":0.0,"2023-11":0.0,"2023-12":0.0,"2024-01":0.0,"2024-02":0.0,"2024-03":0.0,"2024-04":0.0,"2024-05":0.0,"2024-06":138.89,"2024-07":0.0,"2024-08":0.0,"2024-09":0.0,"2024-10":0.0,"2024-11":0.0,"2024-12":0.0,"2025-01":0.0,"2025-02":0.0,"2025-03":0.0,"2025-04":0.0,"2025-05":0.0,"2025-06":0.0,"2025-07":0.0,"2025-08":0.0,"2025-09":0.0,"2025-10":0.0,"2025-11":52.75,"2025-12":0.0,"2026-01":0.0,"2026-02":0.0,"2026-03":0.0,"2026-04":0.0,"2026-05":0.0,"2026-06":0.0}},"geometry":{"type":"MultiPolygon","coordinates":[[[[-70.62478,-39.06261],[-70.61052,-39.09162],[-70.61282,-39.12176],[-70.60006,-39.12294],[-70.48655,-39.03868],[-70.37813,-39.12789],[-70.36472,-39.11922],[-70.31727,-39.13123],[-70.2752,-39.17998],[-70.24119,-39.19714],[-70.15003,-39.19077],[-70.0854,-39.2038],[-70.05874,-39.21488],[-70.06266,-39.22755],[-70.04081,-39.25157],[-69.94427,-39.28332],[-69.89847,-39.31826],[-70.0281,-39.41543],[-69.83693,-39.56798],[-70.17434,-39.81789],[-70.34774,-39.67818],[-70.64399,-39.89514],[-70.68884,-39.8587],[-70.73138,-39.88956],[-70.81385,-39.8249],[-70.82229,-39.85233],[-70.8101,-39.87416],[-70.83963,-39.88884],[-70.83477,-39.87632],[-70.86212,-39.86119],[-70.87376,-39.79583],[-70.92274,-39.7785],[-70.93665,-39.75574],[-70.88195,-39.73623],[-70.90113,-39.71252],[-70.8807,-39.66803],[-70.93481,-39.66325],[-70.94582,-39.64621],[-70.93511,-39.59436],[-70.95773,-39.58511],[-70.97134,-39.55963],[-70.95507,-39.55028],[-70.9579,-39.52264],[-70.93065,-39.53973],[-70.88115,-39.53865],[-70.87793,-39.52495],[-70.83322,-39.52208],[-70.8302,-39.48104],[-70.79997,-39.4651],[-70.75153,-39.46494],[-70.75455,-39.43601],[-70.76952,-39.43627],[-70.77911,-39.41717],[-70.76517,-39.39572],[-70.79261,-39.39266],[-70.81399,-39.37401],[-70.78583,-39.36039],[-70.77837,-39.31036],[-70.7598,-39.28652],[-70.72708,-39.27504],[-70.74849,-39.23927],[-70.72743,-39.13866],[-70.7371,-39.11142],[-70.72723,-39.0791],[-70.74199,-39.04967],[-70.71705,-39.036],[-70.70684,-39.01357],[-70.68201,-39.04907],[-70.62478,-39.06261]]]]}},{"type":"Feature","properties":{"in1":58042,"provincia":"Neuquén","nam":"Chos Malal","ha":{"2022-01":0.0,"2022-02":0.0,"2022-03":0.0,"2022-04":0.0,"2022-05":0.0,"2022-06":0.0,"2022-07":0.0,"2022-08":0.0,"2022-09":0.0,"2022-10":0.0,"2022-11":0.0,"2022-12":0.0,"2023-01":0.0,"2023-02":0.0,"2023-03":0.0,"2023-04":0.0,"2023-05":1265.78,"2023-06":0.0,"2023-07":0.0,"2023-08":0.0,"2023-09":0.0,"2023-10":0.0,"2023-11":729.17,"2023-12":920.14,"2024-01":161.82,"2024-02":0.0,"2024-03":0.0,"2024-04":0.0,"2024-05":0.0,"2024-06":572.92,"2024-07":17.36,"2024-08":0.0,"2024-09":0.0,"2024-10":0.0,"2024-11":490.61,"2024-12":236.29,"2025-01":0.0,"2025-02":0.0,"2025-03":0.0,"2025-04":0.0,"2025-05":0.0,"2025-06":0.0,"2025-07":0.0,"2025-08":0.0,"2025-09":0.0,"2025-10":104.17,"2025-11":52.08,"2025-12":0.0,"2026-01":0.0,"2026-02":0.0,"2026-03":0.0,"2026-04":0.0,"2026-05":0.0,"2026-06":0.0}},"geometry":{"type":"MultiPolygon","coordinates":[[[[-70.39738,-36.11949],[-70.39499,-36.19433],[-70.37062,-36.22379],[-70.37218,-36.28017],[-70.35149,-36.32427],[-70.30358,-36.34056],[-70.26665,-36.32241],[-70.22013,-36.33217],[-70.21293,-36.3904],[-70.19565,-36.42338],[-70.20168,-36.45362],[-70.18285,-36.49079],[-70.1384,-36.5268],[-70.12278,-36.57078],[-70.07592,-36.60662],[-70.04254,-36.65905],[-70.05781,-37.25797],[-70.02145,-37.28539],[-70.02749,-37.30978],[-70.1004,-37.40574],[-70.10576,-37.43393],[-70.08388,-37.47493],[-70.09951,-37.48976],[-70.09491,-37.50147],[-70.17191,-37.47658],[-70.22457,-37.40902],[-70.27926,-37.3967],[-70.31077,-37.3713],[-70.36709,-37.36392],[-70.41147,-37.38627],[-70.44775,-37.34428],[-70.45922,-37.36529],[-70.51178,-37.36528],[-70.47529,-36.17357],[-70.42144,-36.15643],[-70.41507,-36.10991],[-70.39738,-36.11949]]]]}},{"type":"Feature","properties":{"in1":58028,"provincia":"Neuquén","nam":"Collón Curá","ha":{"2022-01":0.0,"2022-02":0.0,"2022-03":0.0,"2022-04":0.0,"2022-05":0.0,"2022-06":0.0,"2022-07":0.0,"2022-08":0.0,"2022-09":0.0,"2022-10":0.0,"2022-11":0.0,"2022-12":0.0,"2023-01":0.0,"2023-02":0.0,"2023-03":0.0,"2023-04":0.0,"2023-05":0.0,"2023-06":0.0,"2023-07":0.0,"2023-08":0.0,"2023-09":0.0,"2023-10":0.0,"2023-11":0.0,"2023-12":0.0,"2024-01":0.0,"2024-02":104.17,"2024-03":0.0,"2024-04":0.0,"2024-05":0.0,"2024-06":451.39,"2024-07":0.0,"2024-08":0.0,"2024-09":0.0,"2024-10":0.0,"2024-11":0.0,"2024-12":0.0,"2025-01":0.0,"2025-02":0.0,"2025-03":0.0,"2025-04":0.0,"2025-05":0.0,"2025-06":0.0,"2025-07":0.0,"2025-08":0.0,"2025-09":0.0,"2025-10":0.0,"2025-11":0.0,"2025-12":0.0,"2026-01":0.0,"2026-02":0.0,"2026-03":0.0,"2026-04":0.0,"2026-05":0.0,"2026-06":0.0}},"geometry":{"type":"MultiPolygon","coordinates":[[[[-69.5281,-39.81445],[-69.55811,-39.80935],[-69.62998,-39.84291],[-69.69706,-39.84645],[-69.76184,-39.88333],[-69.79223,-39.88308],[-69.8105,-39.89906],[-69.86594,-39.9109],[-69.89458,-39.93898],[-69.93175,-39.94358],[-69.97089,-39.97774],[-70.00537,-40.04743],[-69.99479,-40.10313],[-69.97069,-40.12104],[-69.95028,-40.17898],[-69.99203,-40.17997],[-70.00209,-40.2032],[-70.05882,-40.24896],[-70.04957,-40.31778],[-70.06269,-40.37464],[-70.10302,-40.40574],[-70.17494,-40.42761],[-70.16814,-40.47426],[-70.17883,-40.48981],[-70.42493,-40.53632],[-70.46771,-40.5116],[-70.57287,-40.48992],[-70.60794,-40.49558],[-70.65103,-40.45445],[-70.67655,-40.3983],[-70.66443,-40.37556],[-70.69319,-40.35784],[-70.65738,-40.3069],[-70.67263,-40.27507],[-70.63878,-40.23775],[-70.66314,-40.22597],[-70.66716,-40.20161],[-70.69848,-40.1863],[-70.7097,-40.15832],[-70.73716,-40.1449],[-70.75318,-40.10375],[-70.78188,-40.09697],[-70.81434,-40.06419],[-70.83929,-40.02604],[-70.827,-40.00504],[-70.84542,-39.9874],[-70.84769,-39.95448],[-70.82994,-39.94924],[-70.84833,-39.90222],[-70.8101,-39.87416],[-70.82229,-39.85233],[-70.81385,-39.8249],[-70.73138,-39.88956],[-70.68884,-39.8587],[-70.64399,-39.89514],[-70.34774,-39.67818],[-70.17434,-39.81789],[-69.83693,-39.56798],[-69.5281,-39.81445]]]]}},{"type":"Feature","properties":{"in1":58035,"provincia":"Neuquén","nam":"Confluencia","ha":{"2022-01":0.0,"2022-02":0.0,"2022-03":0.0,"2022-04":0.0,"2022-05":0.0,"2022-06":0.0,"2022-07":0.0,"2022-08":0.0,"2022-09":0.0,"2022-10":0.0,"2022-11":0.0,"2022-12":0.0,"2023-01":0.0,"2023-02":0.0,"2023-03":0.0,"2023-04":0.0,"2023-05":0.0,"2023-06":0.0,"2023-07":0.0,"2023-08":0.0,"2023-09":0.0,"2023-10":0.0,"2023-11":0.0,"2023-12":0.0,"2024-01":0.0,"2024-02":0.0,"2024-03":0.0,"2024-04":0.0,"2024-05":0.0,"2024-06":0.0,"2024-07":0.0,"2024-08":0.0,"2024-09":0.0,"2024-10":0.0,"2024-11":0.0,"2024-12":0.0,"2025-01":0.0,"2025-02":0.0,"2025-03":0.0,"2025-04":0.0,"2025-05":0.0,"2025-06":0.0,"2025-07":0.0,"2025-08":0.0,"2025-09":0.0,"2025-10":0.0,"2025-11":17.36,"2025-12":0.0,"2026-01":0.0,"2026-02":0.0,"2026-03":0.0,"2026-04":0.0,"2026-05":0.0,"2026-06":0.0}},"geometry":{"type":"MultiPolygon","coordinates":[[[[-68.86086,-38.3741],[-68.75913,-38.37146],[-68.72516,-38.40491],[-68.6857,-38.40337],[-68.67737,-38.4168],[-68.62236,-38.43409],[-68.60688,-38.46879],[-68.54389,-38.4891],[-68.50644,-38.53576],[-68.4131,-38.56746],[-68.39083,-38.59712],[-68.33385,-38.6197],[-68.31317,-38.64862],[-68.28499,-38.6482],[-68.28249,-38.67001],[-68.25143,-38.68044],[-68.24236,-38.6968],[-68.18041,-38.71823],[-68.14606,-38.74547],[-68.1211,-38.74679],[-68.12606,-38.76801],[-68.11098,-38.81177],[-68.09291,-38.81941],[-68.08118,-38.84829],[-68.09405,-38.85865],[-68.07151,-38.87151],[-68.06923,-38.90294],[-68.05036,-38.91207],[-68.03941,-38.94189],[-68.00738,-38.95938],[-68.00028,-38.97365],[-68.01194,-38.97925],[-67.99809,-38.99576],[-68.02398,-38.97643],[-68.07805,-38.9951],[-68.16535,-38.97981],[-68.17671,-38.96729],[-68.20761,-38.97124],[-68.23102,-38.99133],[-68.30159,-38.97543],[-68.30745,-38.99047],[-68.46923,-39.04575],[-68.50481,-39.07148],[-68.56174,-39.07648],[-68.59471,-39.12017],[-68.6608,-39.17234],[-68.65325,-39.19918],[-68.6655,-39.2173],[-68.81011,-39.29346],[-68.81933,-39.32567],[-68.80806,-39.34736],[-68.81976,-39.36885],[-69.54751,-38.79324],[-69.31769,-38.61462],[-69.26566,-38.59982],[-69.23779,-38.60631],[-69.24447,-38.62017],[-69.22421,-38.62874],[-69.17557,-38.60497],[-69.14113,-38.61369],[-69.11069,-38.60123],[-69.10733,-38.58044],[-69.05108,-38.5705],[-69.041,-38.55582],[-69.0476,-38.5387],[-69.02874,-38.5364],[-68.99437,-38.4919],[-68.95997,-38.48486],[-68.91967,-38.42098],[-68.9026,-38.41761],[-68.86086,-38.3741]]]]}},{"type":"Feature","properties":{"in1":58049,"provincia":"Neuquén","nam":"Huiliches","ha":{"2022-01":0.0,"2022-02":0.0,"2022-03":0.0,"2022-04":0.0,"2022-05":0.0,"2022-06":0.0,"2022-07":0.0,"2022-08":0.0,"2022-09":0.0,"2022-10":0.0,"2022-11":0.0,"2022-12":0.0,"2023-01":0.0,"2023-02":0.0,"2023-03":0.0,"2023-04":0.0,"2023-05":0.0,"2023-06":138.89,"2023-07":0.0,"2023-08":0.0,"2023-09":0.0,"2023-10":0.0,"2023-11":0.0,"2023-12":0.0,"2024-01":0.0,"2024-02":0.0,"2024-03":0.0,"2024-04":0.0,"2024-05":0.0,"2024-06":0.0,"2024-07":0.0,"2024-08":0.0,"2024-09":0.0,"2024-10":0.0,"2024-11":0.0,"2024-12":0.0,"2025-01":642.36,"2025-02":20677.08,"2025-03":0.0,"2025-04":0.0,"2025-05":0.0,"2025-06":0.0,"2025-07":0.0,"2025-08":0.0,"2025-09":0.0,"2025-10":0.0,"2025-11":0.0,"2025-12":555.56,"2026-01":0.0,"2026-02":0.0,"2026-03":0.0,"2026-04":0.0,"2026-05":0.0,"2026-06":0.0}},"geometry":{"type":"MultiPolygon","coordinates":[[[[-71.2419,-39.449],[-71.23101,-39.46603],[-71.20214,-39.46583],[-71.17465,-39.52113],[-71.15784,-39.52897],[-71.12937,-39.51735],[-71.07615,-39.5257],[-71.06523,-39.51416],[-71.01806,-39.52902],[-71.00162,-39.51947],[-70.98785,-39.53293],[-70.95776,-39.52283],[-70.95507,-39.55028],[-70.97134,-39.55963],[-70.95773,-39.58511],[-70.93511,-39.59436],[-70.94569,-39.64667],[-70.93435,-39.66344],[-70.8807,-39.66803],[-70.90113,-39.71252],[-70.88195,-39.73623],[-70.9115,-39.74026],[-70.93575,-39.75976],[-70.92274,-39.7785],[-70.87471,-39.79455],[-70.86212,-39.86119],[-70.83387,-39.87748],[-70.84833,-39.90222],[-70.82994,-39.94924],[-70.84769,-39.95448],[-70.84542,-39.9874],[-70.827,-40.00504],[-70.83929,-40.02604],[-70.81534,-40.06222],[-70.87693,-40.0661],[-70.94795,-40.10736],[-71.019,-40.09251],[-71.07007,-40.05676],[-71.1321,-40.06704],[-71.17882,-40.09773],[-71.24028,-40.09945],[-71.32937,-40.06549],[-71.377,-40.02409],[-71.52072,-40.03874],[-71.59034,-40.02802],[-71.61313,-40.04061],[-71.67465,-40.02406],[-71.65113,-39.97138],[-71.6199,-39.97249],[-71.61424,-39.95622],[-71.62518,-39.93787],[-71.59819,-39.92928],[-71.59249,-39.90116],[-71.61267,-39.87437],[-71.63351,-39.88175],[-71.64291,-39.8534],[-71.67007,-39.86294],[-71.6919,-39.84029],[-71.6921,-39.82453],[-71.66697,-39.80721],[-71.68362,-39.8019],[-71.68087,-39.76862],[-71.71242,-39.72442],[-71.69372,-39.70725],[-71.70406,-39.69578],[-71.67122,-39.6923],[-71.66952,-39.68224],[-71.6879,-39.67776],[-71.71759,-39.63713],[-71.69488,-39.62454],[-71.68935,-39.57435],[-71.67418,-39.56364],[-71.65606,-39.58748],[-71.62395,-39.59216],[-71.61009,-39.6282],[-71.57664,-39.63625],[-71.54103,-39.62434],[-71.50174,-39.63768],[-71.46112,-39.58286],[-71.4745,-39.57421],[-71.4672,-39.55786],[-71.50399,-39.56038],[-71.5343,-39.52945],[-71.5174,-39.50417],[-71.47294,-39.49327],[-71.46178,-39.4541],[-71.3903,-39.45582],[-71.38038,-39.46965],[-71.36236,-39.46564],[-71.33337,-39.48267],[-71.30331,-39.46861],[-71.28385,-39.48053],[-71.2419,-39.449]]]]}},{"type":"Feature","properties":{"in1":58063,"provincia":"Neuquén","nam":"Loncopué","ha":{"2022-01":0.0,"2022-02":0.0,"2022-03":0.0,"2022-04":0.0,"2022-05":0.0,"2022-06":0.0,"2022-07":0.0,"2022-08":0.0,"2022-09":0.0,"2022-10":0.0,"2022-11":0.0,"2022-12":0.0,"2023-01":86.81,"2023-02":0.0,"2023-03":0.0,"2023-04":0.0,"2023-05":86.81,"2023-06":0.0,"2023-07":0.0,"2023-08":0.0,"2023-09":0.0,"2023-10":0.0,"2023-11":0.0,"2023-12":17.36,"2024-01":17.36,"2024-02":0.0,"2024-03":0.0,"2024-04":0.0,"2024-05":0.0,"2024-06":52.08,"2024-07":0.0,"2024-08":0.0,"2024-09":86.81,"2024-10":0.0,"2024-11":0.0,"2024-12":607.64,"2025-01":0.0,"2025-02":0.0,"2025-03":0.0,"2025-04":0.0,"2025-05":0.0,"2025-06":0.0,"2025-07":0.0,"2025-08":0.0,"2025-09":0.0,"2025-10":0.0,"2025-11":0.0,"2025-12":0.0,"2026-01":0.0,"2026-02":0.0,"2026-03":0.0,"2026-04":0.0,"2026-05":0.0,"2026-06":0.0}},"geometry":{"type":"MultiPolygon","coordinates":[[[[-70.03681,-37.64985],[-69.91019,-37.66699],[-69.88516,-37.69217],[-69.88585,-37.7147],[-69.86622,-37.72128],[-69.87566,-37.75334],[-69.86277,-37.75309],[-69.87138,-37.76663],[-69.85345,-37.7792],[-69.8613,-37.7976],[-69.85065,-37.80245],[-69.86179,-37.81673],[-69.84376,-37.83075],[-69.8727,-37.8259],[-69.88846,-37.84248],[-69.86457,-37.85117],[-69.85144,-37.87287],[-69.85269,-37.91383],[-69.82866,-37.92863],[-69.83916,-37.9484],[-69.81719,-37.94324],[-69.79473,-37.97067],[-69.82149,-37.9919],[-69.8061,-37.99939],[-69.81409,-38.02108],[-69.80293,-38.03514],[-69.82515,-38.02301],[-69.84034,-38.0347],[-69.82363,-38.04347],[-69.82113,-38.06102],[-69.80133,-38.06361],[-69.81466,-38.08823],[-69.77731,-38.10511],[-69.78597,-38.12168],[-69.76465,-38.12316],[-69.76106,-38.16639],[-69.74281,-38.16348],[-69.73316,-38.18056],[-69.75785,-38.19271],[-69.73774,-38.21001],[-69.73416,-38.24187],[-69.71721,-38.24327],[-69.73244,-38.27598],[-69.72087,-38.29651],[-69.74184,-38.30045],[-69.71611,-38.33061],[-69.69567,-38.32577],[-69.70938,-38.35014],[-69.70527,-38.3707],[-69.75722,-38.32869],[-69.76261,-38.33776],[-69.80491,-38.31737],[-69.88376,-38.3062],[-69.9018,-38.32178],[-70.58935,-38.31213],[-70.61355,-38.26708],[-70.64744,-38.26897],[-70.70931,-38.30925],[-70.76814,-38.32939],[-70.81781,-38.32353],[-70.84435,-38.29585],[-70.92746,-38.26091],[-71.01734,-38.11321],[-70.98293,-38.10524],[-70.9883,-38.08714],[-71.05487,-38.04363],[-71.05038,-38.02885],[-71.0626,-38.01642],[-71.05118,-37.99255],[-71.06765,-37.98946],[-71.0626,-37.97021],[-71.11412,-37.95162],[-71.10396,-37.91748],[-71.02388,-37.95834],[-70.7983,-37.94493],[-70.68229,-37.96072],[-70.6026,-38.00452],[-70.0321,-37.63419],[-70.03681,-37.64985]]]]}},{"type":"Feature","properties":{"in1":58070,"provincia":"Neuquén","nam":"Los Lagos","ha":{"2022-01":0.0,"2022-02":0.0,"2022-03":0.0,"2022-04":0.0,"2022-05":0.0,"2022-06":0.0,"2022-07":0.0,"2022-08":0.0,"2022-09":0.0,"2022-10":0.0,"2022-11":0.0,"2022-12":0.0,"2023-01":0.0,"2023-02":0.0,"2023-03":0.0,"2023-04":0.0,"2023-05":0.0,"2023-06":0.0,"2023-07":0.0,"2023-08":0.0,"2023-09":0.0,"2023-10":0.0,"2023-11":0.0,"2023-12":0.0,"2024-01":0.0,"2024-02":0.0,"2024-03":0.0,"2024-04":0.0,"2024-05":0.0,"2024-06":0.0,"2024-07":0.0,"2024-08":0.0,"2024-09":0.0,"2024-10":0.0,"2024-11":0.0,"2024-12":0.0,"2025-01":0.0,"2025-02":0.0,"2025-03":0.0,"2025-04":0.0,"2025-05":0.0,"2025-06":0.0,"2025-07":0.0,"2025-08":0.0,"2025-09":0.0,"2025-10":0.0,"2025-11":0.0,"2025-12":0.0,"2026-01":0.0,"2026-02":0.0,"2026-03":0.0,"2026-04":0.0,"2026-05":0.0,"2026-06":0.0}},"geometry":{"type":"MultiPolygon","coordinates":[[[[-71.80417,-40.40683],[-71.77259,-40.42307],[-71.75896,-40.41643],[-71.73828,-40.44061],[-71.70874,-40.42252],[-71.65531,-40.45046],[-71.61445,-40.44497],[-71.60577,-40.46198],[-71.57662,-40.45171],[-71.5166,-40.50582],[-71.46337,-40.52034],[-71.4491,-40.53679],[-71.42394,-40.52741],[-71.35623,-40.54026],[-71.32806,-40.56973],[-71.27634,-40.59488],[-71.19562,-40.5823],[-71.15258,-40.59923],[-70.86489,-40.59704],[-70.87909,-40.62042],[-70.9765,-40.64868],[-71.01178,-40.67932],[-71.02972,-40.72443],[-71.09322,-40.72654],[-71.12064,-40.75787],[-71.11933,-40.80406],[-71.09308,-40.82594],[-71.09995,-40.84036],[-71.04684,-40.87122],[-71.05363,-40.88211],[-71.03899,-40.88902],[-71.03202,-40.93315],[-71.06033,-40.98082],[-71.10245,-40.9908],[-71.08858,-40.99721],[-71.1147,-41.00695],[-71.14189,-41.05609],[-71.17488,-41.0562],[-71.24048,-41.09509],[-71.30621,-41.1001],[-71.36072,-41.08868],[-71.45642,-41.04169],[-71.5506,-41.02319],[-71.62189,-41.03491],[-71.78528,-41.0188],[-71.86108,-41.03102],[-71.87157,-41.00376],[-71.90634,-40.98611],[-71.90849,-40.97225],[-71.90303,-40.96129],[-71.85644,-40.96002],[-71.86905,-40.89297],[-71.85818,-40.87948],[-71.88012,-40.88102],[-71.92753,-40.83351],[-71.93514,-40.82137],[-71.92136,-40.78576],[-71.95681,-40.76091],[-71.96505,-40.72758],[-71.86688,-40.66316],[-71.86808,-40.6489],[-71.84395,-40.62794],[-71.84064,-40.5979],[-71.82383,-40.57791],[-71.856,-40.59242],[-71.89042,-40.55605],[-71.85854,-40.55496],[-71.85898,-40.53499],[-71.84271,-40.52517],[-71.85565,-40.5094],[-71.84075,-40.48931],[-71.84157,-40.45202],[-71.80417,-40.40683]]]]}},{"type":"Feature","properties":{"in1":58056,"provincia":"Neuquén","nam":"Lácar","ha":{"2022-01":0.0,"2022-02":0.0,"2022-03":0.0,"2022-04":0.0,"2022-05":0.0,"2022-06":0.0,"2022-07":0.0,"2022-08":0.0,"2022-09":0.0,"2022-10":0.0,"2022-11":0.0,"2022-12":0.0,"2023-01":0.0,"2023-02":0.0,"2023-03":0.0,"2023-04":0.0,"2023-05":0.0,"2023-06":0.0,"2023-07":0.0,"2023-08":0.0,"2023-09":0.0,"2023-10":0.0,"2023-11":0.0,"2023-12":0.0,"2024-01":0.0,"2024-02":0.0,"2024-03":0.0,"2024-04":0.0,"2024-05":0.0,"2024-06":0.0,"2024-07":0.0,"2024-08":0.0,"2024-09":0.0,"2024-10":0.0,"2024-11":0.0,"2024-12":0.0,"2025-01":0.0,"2025-02":0.0,"2025-03":0.0,"2025-04":0.0,"2025-05":0.0,"2025-06":0.0,"2025-07":0.0,"2025-08":0.0,"2025-09":0.0,"2025-10":0.0,"2025-11":0.0,"2025-12":0.0,"2026-01":0.0,"2026-02":0.0,"2026-03":0.0,"2026-04":0.0,"2026-05":0.0,"2026-06":0.0}},"geometry":{"type":"MultiPolygon","coordinates":[[[[-71.36295,-40.03038],[-71.32937,-40.06549],[-71.24028,-40.09945],[-71.17882,-40.09773],[-71.1321,-40.06704],[-71.07007,-40.05676],[-71.02291,-40.09065],[-70.97116,-40.10707],[-70.94636,-40.10693],[-70.87693,-40.0661],[-70.81936,-40.05941],[-70.80292,-40.06796],[-70.78188,-40.09697],[-70.75318,-40.10375],[-70.73716,-40.1449],[-70.7097,-40.15832],[-70.69848,-40.1863],[-70.66716,-40.20161],[-70.66314,-40.22597],[-70.63878,-40.23775],[-70.67263,-40.27507],[-70.65738,-40.3069],[-70.69319,-40.35784],[-70.66443,-40.37556],[-70.67655,-40.3983],[-70.65103,-40.45445],[-70.60794,-40.49558],[-70.57287,-40.48992],[-70.53223,-40.50452],[-70.6214,-40.55151],[-70.64284,-40.58481],[-70.6709,-40.59472],[-70.73313,-40.58005],[-70.86489,-40.59704],[-71.15258,-40.59923],[-71.19562,-40.5823],[-71.27634,-40.59488],[-71.32806,-40.56973],[-71.35623,-40.54026],[-71.42394,-40.52741],[-71.4491,-40.53679],[-71.46337,-40.52034],[-71.5166,-40.50582],[-71.57465,-40.45242],[-71.60577,-40.46198],[-71.61445,-40.44497],[-71.65531,-40.45046],[-71.69603,-40.43344],[-71.70874,-40.42252],[-71.68822,-40.39352],[-71.6931,-40.37373],[-71.65682,-40.3638],[-71.65612,-40.34973],[-71.67369,-40.34366],[-71.67165,-40.3111],[-71.68498,-40.29401],[-71.71676,-40.27898],[-71.74739,-40.30713],[-71.76091,-40.29901],[-71.76182,-40.27656],[-71.7992,-40.25537],[-71.80745,-40.23308],[-71.82449,-40.23169],[-71.82932,-40.20753],[-71.79984,-40.18593],[-71.82877,-40.17214],[-71.80887,-40.15298],[-71.80953,-40.13747],[-71.79843,-40.13724],[-71.8029,-40.11039],[-71.83093,-40.10759],[-71.82703,-40.08992],[-71.80977,-40.08117],[-71.69047,-40.1152],[-71.66669,-40.08896],[-71.68942,-40.03592],[-71.67465,-40.02406],[-71.61313,-40.04061],[-71.59034,-40.02802],[-71.52072,-40.03874],[-71.48461,-40.02843],[-71.36295,-40.03038]]]]}},{"type":"Feature","properties":{"in1":58077,"provincia":"Neuquén","nam":"Minas","ha":{"2022-01":0.0,"2022-02":0.0,"2022-03":0.0,"2022-04":0.0,"2022-05":0.0,"2022-06":0.0,"2022-07":0.0,"2022-08":0.0,"2022-09":0.0,"2022-10":0.0,"2022-11":0.0,"2022-12":86.81,"2023-01":0.0,"2023-02":0.0,"2023-03":0.0,"2023-04":0.0,"2023-05":7708.48,"2023-06":0.0,"2023-07":0.0,"2023-08":0.0,"2023-09":0.0,"2023-10":0.0,"2023-11":0.0,"2023-12":590.28,"2024-01":324.29,"2024-02":0.0,"2024-03":0.0,"2024-04":0.0,"2024-05":0.0,"2024-06":555.56,"2024-07":0.0,"2024-08":0.0,"2024-09":0.0,"2024-10":0.0,"2024-11":342.71,"2024-12":301.9,"2025-01":34.72,"2025-02":0.0,"2025-03":0.0,"2025-04":0.0,"2025-05":17.36,"2025-06":0.0,"2025-07":0.0,"2025-08":0.0,"2025-09":0.0,"2025-10":0.0,"2025-11":295.14,"2025-12":0.0,"2026-01":0.0,"2026-02":0.0,"2026-03":0.0,"2026-04":0.0,"2026-05":0.0,"2026-06":0.0}},"geometry":{"type":"MultiPolygon","coordinates":[[[[-70.47529,-36.17357],[-70.51178,-37.36528],[-70.53519,-37.36799],[-70.53491,-37.37972],[-70.55775,-37.36492],[-70.56425,-37.37875],[-70.57799,-37.37244],[-70.58573,-37.38291],[-70.59482,-37.36951],[-70.61173,-37.37964],[-70.62013,-37.35842],[-70.69953,-37.33563],[-70.7126,-37.34492],[-70.72609,-37.33147],[-70.79476,-37.35038],[-70.88172,-37.34217],[-71.04921,-37.37231],[-71.10333,-37.3626],[-71.14491,-37.33619],[-71.16581,-37.30283],[-71.15295,-37.25148],[-71.15574,-37.23277],[-71.17042,-37.22539],[-71.11534,-37.20775],[-71.1353,-37.14775],[-71.09239,-37.11424],[-71.12282,-37.09163],[-71.12,-37.07414],[-71.14177,-37.06954],[-71.14367,-37.03256],[-71.1673,-36.99699],[-71.2224,-36.97825],[-71.10596,-36.97089],[-71.08801,-36.93802],[-71.09562,-36.92534],[-71.14401,-36.92934],[-71.14927,-36.90136],[-71.11912,-36.86918],[-71.13844,-36.85329],[-71.16315,-36.86138],[-71.18001,-36.84142],[-71.16275,-36.81911],[-71.15307,-36.82791],[-71.13194,-36.81467],[-71.12835,-36.76361],[-71.1114,-36.7283],[-71.11325,-36.67944],[-71.08589,-36.6782],[-71.06487,-36.71465],[-71.00921,-36.69124],[-71.012,-36.66391],[-71.02738,-36.66318],[-71.05718,-36.61866],[-71.04721,-36.60668],[-71.05457,-36.57128],[-71.04068,-36.55067],[-71.05071,-36.52355],[-71.03524,-36.50982],[-71.03855,-36.47772],[-71.02166,-36.47259],[-71.01086,-36.48761],[-70.95637,-36.50358],[-70.92798,-36.47438],[-70.89388,-36.47127],[-70.88378,-36.39624],[-70.86483,-36.39725],[-70.86907,-36.41115],[-70.84917,-36.41867],[-70.81769,-36.39537],[-70.7909,-36.42875],[-70.77318,-36.42883],[-70.74779,-36.40587],[-70.73512,-36.41567],[-70.73942,-36.42981],[-70.71298,-36.42777],[-70.67928,-36.38997],[-70.68181,-36.37266],[-70.71243,-36.34497],[-70.68485,-36.30475],[-70.68546,-36.28376],[-70.7062,-36.27259],[-70.66645,-36.24343],[-70.63211,-36.23901],[-70.62467,-36.2277],[-70.63323,-36.21716],[-70.57091,-36.17555],[-70.58286,-36.1473],[-70.56945,-36.13266],[-70.52343,-36.14715],[-70.49132,-36.17886],[-70.47529,-36.17357]]]]}},{"type":"Feature","properties":{"in1":58091,"provincia":"Neuquén","nam":"Pehuenches","ha":{"2022-01":0.0,"2022-02":0.0,"2022-03":0.0,"2022-04":0.0,"2022-05":0.0,"2022-06":0.0,"2022-07":0.0,"2022-08":0.0,"2022-09":0.0,"2022-10":0.0,"2022-11":0.0,"2022-12":0.0,"2023-01":0.0,"2023-02":0.0,"2023-03":0.0,"2023-04":0.0,"2023-05":138.89,"2023-06":0.0,"2023-07":0.0,"2023-08":0.0,"2023-09":0.0,"2023-10":0.0,"2023-11":0.0,"2023-12":0.0,"2024-01":0.0,"2024-02":17.36,"2024-03":0.0,"2024-04":0.0,"2024-05":0.0,"2024-06":17.36,"2024-07":0.0,"2024-08":0.0,"2024-09":0.0,"2024-10":0.0,"2024-11":0.0,"2024-12":0.0,"2025-01":0.0,"2025-02":0.0,"2025-03":0.0,"2025-04":0.0,"2025-05":0.0,"2025-06":0.0,"2025-07":0.0,"2025-08":0.0,"2025-09":0.0,"2025-10":0.0,"2025-11":121.53,"2025-12":0.0,"2026-01":0.0,"2026-02":0.0,"2026-03":0.0,"2026-04":0.0,"2026-05":0.0,"2026-06":0.0}},"geometry":{"type":"MultiPolygon","coordinates":[[[[-70.04254,-36.65905],[-70.02208,-36.66584],[-70.01216,-36.69553],[-69.98748,-36.6929],[-69.94753,-36.72161],[-69.94393,-36.74492],[-69.92003,-36.76227],[-69.92175,-36.79482],[-69.87357,-36.8114],[-69.8506,-36.84627],[-69.75965,-36.87152],[-69.75208,-36.88617],[-69.779,-36.91682],[-69.77027,-36.92472],[-69.77626,-36.99122],[-69.76459,-37.00029],[-69.75563,-37.06864],[-69.71154,-37.10148],[-69.52957,-37.17444],[-69.43007,-37.15949],[-69.39699,-37.1719],[-69.27395,-37.14366],[-69.21921,-37.17754],[-69.17343,-37.17775],[-69.10322,-37.20529],[-69.06444,-37.22338],[-69.03859,-37.25476],[-69.0493,-37.31467],[-69.02604,-37.36479],[-68.97713,-37.3793],[-68.943,-37.37183],[-68.88468,-37.382],[-68.86517,-37.40125],[-68.76609,-37.36648],[-68.72164,-37.38894],[-68.69658,-37.44234],[-68.61367,-37.43862],[-68.56992,-37.45628],[-68.50491,-37.45409],[-68.43666,-37.54456],[-68.40118,-37.55873],[-68.35495,-37.54723],[-68.25425,-37.57193],[-68.25376,-37.70457],[-69.88569,-37.69136],[-69.91081,-37.66679],[-69.98026,-37.66724],[-69.9962,-37.65396],[-70.03449,-37.65223],[-70.04545,-37.55873],[-70.08587,-37.53086],[-70.10088,-37.4937],[-70.08388,-37.47493],[-70.10576,-37.43393],[-70.0941,-37.39462],[-70.02749,-37.30978],[-70.02145,-37.28539],[-70.05781,-37.25797],[-70.04254,-36.65905]]]]}},{"type":"Feature","properties":{"in1":58105,"provincia":"Neuquén","nam":"Picunches","ha":{"2022-01":0.0,"2022-02":0.0,"2022-03":0.0,"2022-04":0.0,"2022-05":0.0,"2022-06":0.0,"2022-07":0.0,"2022-08":0.0,"2022-09":0.0,"2022-10":0.0,"2022-11":0.0,"2022-12":403.79,"2023-01":34.72,"2023-02":0.0,"2023-03":0.0,"2023-04":0.0,"2023-05":86.81,"2023-06":0.0,"2023-07":243.06,"2023-08":0.0,"2023-09":347.22,"2023-10":0.0,"2023-11":0.0,"2023-12":38.76,"2024-01":0.0,"2024-02":0.0,"2024-03":1527.78,"2024-04":0.0,"2024-05":0.0,"2024-06":0.0,"2024-07":0.0,"2024-08":0.0,"2024-09":0.0,"2024-10":0.0,"2024-11":0.0,"2024-12":0.0,"2025-01":0.0,"2025-02":0.0,"2025-03":0.0,"2025-04":0.0,"2025-05":0.0,"2025-06":0.0,"2025-07":0.0,"2025-08":0.0,"2025-09":0.0,"2025-10":0.0,"2025-11":172.95,"2025-12":0.0,"2026-01":243.06,"2026-02":0.0,"2026-03":0.0,"2026-04":0.0,"2026-05":0.0,"2026-06":0.0}},"geometry":{"type":"MultiPolygon","coordinates":[[[[-71.02216,-38.11255],[-70.92746,-38.26091],[-70.84435,-38.29585],[-70.81781,-38.32353],[-70.76814,-38.32939],[-70.70931,-38.30925],[-70.64744,-38.26897],[-70.61355,-38.26708],[-70.58935,-38.31213],[-69.9018,-38.32178],[-69.88376,-38.3062],[-69.73492,-38.33781],[-69.70479,-38.37233],[-69.66952,-38.37797],[-69.67173,-38.39462],[-69.64915,-38.40367],[-69.64165,-38.4221],[-69.57516,-38.43617],[-69.5412,-38.4766],[-69.61746,-38.47813],[-69.66141,-38.5091],[-69.74889,-38.52435],[-69.77805,-38.60462],[-69.90226,-38.64073],[-69.94519,-38.68527],[-70.00063,-38.71001],[-70.06052,-38.77575],[-70.14006,-38.78284],[-70.61153,-39.12256],[-70.61052,-39.09162],[-70.6263,-39.06804],[-70.61031,-39.03773],[-70.62776,-39.01207],[-70.60282,-38.99162],[-70.66031,-38.92314],[-70.65015,-38.84958],[-70.69999,-38.80858],[-70.698,-38.78866],[-70.74074,-38.78989],[-70.76725,-38.77286],[-70.78185,-38.73241],[-70.81776,-38.74343],[-70.84903,-38.72366],[-70.89055,-38.72069],[-70.88459,-38.698],[-70.90052,-38.68967],[-70.90451,-38.66686],[-70.83701,-38.61252],[-70.82645,-38.59101],[-70.84306,-38.53752],[-70.86674,-38.51365],[-70.91066,-38.5038],[-70.95177,-38.45023],[-70.98402,-38.43066],[-70.99762,-38.29199],[-71.01041,-38.28271],[-71.00899,-38.26169],[-71.03171,-38.24973],[-71.01789,-38.23869],[-71.02076,-38.21337],[-71.00157,-38.21034],[-70.99583,-38.19066],[-70.99665,-38.17098],[-71.04291,-38.12321],[-71.02216,-38.11255]]]]}},{"type":"Feature","properties":{"in1":58098,"provincia":"Neuquén","nam":"Picún Leufú","ha":{"2022-01":0.0,"2022-02":0.0,"2022-03":0.0,"2022-04":0.0,"2022-05":0.0,"2022-06":0.0,"2022-07":0.0,"2022-08":0.0,"2022-09":0.0,"2022-10":0.0,"2022-11":0.0,"2022-12":0.0,"2023-01":0.0,"2023-02":0.0,"2023-03":0.0,"2023-04":0.0,"2023-05":0.0,"2023-06":0.0,"2023-07":0.0,"2023-08":0.0,"2023-09":0.0,"2023-10":0.0,"2023-11":0.0,"2023-12":0.0,"2024-01":0.0,"2024-02":0.0,"2024-03":0.0,"2024-04":0.0,"2024-05":0.0,"2024-06":0.0,"2024-07":0.0,"2024-08":0.0,"2024-09":0.0,"2024-10":0.0,"2024-11":0.0,"2024-12":0.0,"2025-01":0.0,"2025-02":0.0,"2025-03":0.0,"2025-04":0.0,"2025-05":0.0,"2025-06":0.0,"2025-07":0.0,"2025-08":0.0,"2025-09":0.0,"2025-10":0.0,"2025-11":0.0,"2025-12":0.0,"2026-01":0.0,"2026-02":0.0,"2026-03":0.0,"2026-04":0.0,"2026-05":0.0,"2026-06":0.0}},"geometry":{"type":"MultiPolygon","coordinates":[[[[-69.28597,-38.99989],[-68.82396,-39.37493],[-68.9125,-39.41787],[-68.93073,-39.461],[-68.99988,-39.5152],[-69.04749,-39.52667],[-69.11279,-39.51471],[-69.17712,-39.56061],[-69.2771,-39.59637],[-69.27228,-39.62903],[-69.28997,-39.65299],[-69.31396,-39.65391],[-69.343,-39.68038],[-69.34896,-39.7121],[-69.39025,-39.73163],[-69.42192,-39.76806],[-69.49362,-39.79625],[-69.5082,-39.81583],[-69.5281,-39.81445],[-70.0281,-39.41543],[-69.71335,-39.17885],[-69.62083,-39.25303],[-69.28597,-38.99989]]]]}},{"type":"Feature","properties":{"in1":58112,"provincia":"Neuquén","nam":"Zapala","ha":{"2022-01":0.0,"2022-02":0.0,"2022-03":0.0,"2022-04":0.0,"2022-05":0.0,"2022-06":0.0,"2022-07":0.0,"2022-08":0.0,"2022-09":0.0,"2022-10":0.0,"2022-11":0.0,"2022-12":0.0,"2023-01":0.0,"2023-02":0.0,"2023-03":0.0,"2023-04":0.0,"2023-05":0.0,"2023-06":0.0,"2023-07":0.0,"2023-08":0.0,"2023-09":0.0,"2023-10":0.0,"2023-11":0.0,"2023-12":0.0,"2024-01":0.0,"2024-02":0.0,"2024-03":0.0,"2024-04":0.0,"2024-05":0.0,"2024-06":0.0,"2024-07":0.0,"2024-08":0.0,"2024-09":0.0,"2024-10":0.0,"2024-11":0.0,"2024-12":0.0,"2025-01":0.0,"2025-02":0.0,"2025-03":0.0,"2025-04":0.0,"2025-05":0.0,"2025-06":0.0,"2025-07":0.0,"2025-08":0.0,"2025-09":0.0,"2025-10":0.0,"2025-11":0.0,"2025-12":0.0,"2026-01":0.0,"2026-02":0.0,"2026-03":0.0,"2026-04":0.0,"2026-05":0.0,"2026-06":0.0}},"geometry":{"type":"MultiPolygon","coordinates":[[[[-69.55721,-38.47249],[-69.53881,-38.49185],[-69.4844,-38.49026],[-69.48628,-38.50857],[-69.46915,-38.48635],[-69.42827,-38.50352],[-69.4032,-38.52786],[-69.41043,-38.54009],[-69.39496,-38.54836],[-69.39633,-38.5611],[-69.34817,-38.59955],[-69.32385,-38.60081],[-69.31769,-38.61462],[-69.54751,-38.79324],[-69.28597,-38.99989],[-69.62083,-39.25303],[-69.71335,-39.17885],[-69.90617,-39.31691],[-69.94427,-39.28332],[-69.97932,-39.27984],[-70.05153,-39.2454],[-70.06567,-39.21044],[-70.15003,-39.19077],[-70.25102,-39.19245],[-70.31727,-39.13123],[-70.36472,-39.11922],[-70.37813,-39.12789],[-70.48655,-39.03868],[-70.14006,-38.78284],[-70.06052,-38.77575],[-70.00063,-38.71001],[-69.94519,-38.68527],[-69.90226,-38.64073],[-69.77805,-38.60462],[-69.74889,-38.52435],[-69.66141,-38.5091],[-69.61883,-38.47848],[-69.55721,-38.47249]]]]}},{"type":"Feature","properties":{"in1":58084,"provincia":"Neuquén","nam":"Ñorquín","ha":{"2022-01":0.0,"2022-02":0.0,"2022-03":0.0,"2022-04":0.0,"2022-05":0.0,"2022-06":0.0,"2022-07":0.0,"2022-08":0.0,"2022-09":0.0,"2022-10":0.0,"2022-11":0.0,"2022-12":0.0,"2023-01":0.0,"2023-02":0.0,"2023-03":0.0,"2023-04":0.0,"2023-05":1098.31,"2023-06":0.0,"2023-07":0.0,"2023-08":0.0,"2023-09":0.0,"2023-10":0.0,"2023-11":86.81,"2023-12":104.17,"2024-01":0.0,"2024-02":0.0,"2024-03":0.0,"2024-04":0.0,"2024-05":0.0,"2024-06":156.25,"2024-07":0.0,"2024-08":0.0,"2024-09":0.0,"2024-10":0.0,"2024-11":798.61,"2024-12":86.81,"2025-01":0.0,"2025-02":17.36,"2025-03":0.0,"2025-04":0.0,"2025-05":0.0,"2025-06":0.0,"2025-07":0.0,"2025-08":0.0,"2025-09":0.0,"2025-10":17.36,"2025-11":3229.17,"2025-12":52.08,"2026-01":0.0,"2026-02":0.0,"2026-03":0.0,"2026-04":0.0,"2026-05":0.0,"2026-06":0.0}},"geometry":{"type":"MultiPolygon","coordinates":[[[[-71.15473,-37.2464],[-71.16581,-37.30283],[-71.14491,-37.33619],[-71.09378,-37.36684],[-70.97898,-37.36602],[-70.88131,-37.34214],[-70.79521,-37.35043],[-70.72609,-37.33147],[-70.7126,-37.34492],[-70.7011,-37.33546],[-70.64295,-37.3494],[-70.61799,-37.36004],[-70.61173,-37.37964],[-70.59234,-37.36953],[-70.58573,-37.38291],[-70.57873,-37.37258],[-70.56088,-37.37712],[-70.55775,-37.36492],[-70.53558,-37.37972],[-70.52876,-37.36513],[-70.45922,-37.36529],[-70.44863,-37.34428],[-70.41147,-37.38627],[-70.36709,-37.36392],[-70.31077,-37.3713],[-70.27926,-37.3967],[-70.22457,-37.40902],[-70.17191,-37.47658],[-70.09478,-37.50156],[-70.08563,-37.53119],[-70.04556,-37.5584],[-70.0321,-37.63419],[-70.6026,-38.00452],[-70.68229,-37.96072],[-70.7983,-37.94493],[-71.02388,-37.95834],[-71.11181,-37.91904],[-71.10721,-37.89214],[-71.13536,-37.86215],[-71.18322,-37.85719],[-71.12644,-37.82073],[-71.16985,-37.78536],[-71.15637,-37.75689],[-71.21111,-37.69746],[-71.19973,-37.66386],[-71.20631,-37.64768],[-71.17776,-37.6142],[-71.14766,-37.60891],[-71.12799,-37.58756],[-71.13254,-37.55306],[-71.15153,-37.53929],[-71.13307,-37.52945],[-71.11818,-37.46895],[-71.1425,-37.44017],[-71.15357,-37.40067],[-71.19733,-37.38386],[-71.20167,-37.36513],[-71.18568,-37.35477],[-71.20778,-37.3383],[-71.22104,-37.27511],[-71.18799,-37.27591],[-71.18336,-37.25884],[-71.15473,-37.2464]]]]}},{"type":"Feature","properties":{"in1":62091,"provincia":"Río Negro","nam":"25 de Mayo","ha":{"2022-01":0.0,"2022-02":0.0,"2022-03":0.0,"2022-04":0.0,"2022-05":0.0,"2022-06":0.0,"2022-07":0.0,"2022-08":0.0,"2022-09":0.0,"2022-10":0.0,"2022-11":0.0,"2022-12":0.0,"2023-01":0.0,"2023-02":0.0,"2023-03":0.0,"2023-04":0.0,"2023-05":0.0,"2023-06":0.0,"2023-07":0.0,"2023-08":0.0,"2023-09":0.0,"2023-10":0.0,"2023-11":0.0,"2023-12":0.0,"2024-01":0.0,"2024-02":0.0,"2024-03":0.0,"2024-04":0.0,"2024-05":0.0,"2024-06":0.0,"2024-07":0.0,"2024-08":0.0,"2024-09":0.0,"2024-10":0.0,"2024-11":0.0,"2024-12":0.0,"2025-01":0.0,"2025-02":0.0,"2025-03":0.0,"2025-04":0.0,"2025-05":0.0,"2025-06":0.0,"2025-07":0.0,"2025-08":0.0,"2025-09":0.0,"2025-10":0.0,"2025-11":0.0,"2025-12":0.0,"2026-01":0.0,"2026-02":0.0,"2026-03":0.0,"2026-04":0.0,"2026-05":0.0,"2026-06":0.0}},"geometry":{"type":"MultiPolygon","coordinates":[[[[-68.08565,-41.99967],[-69.38953,-42.0],[-69.75527,-41.50519],[-70.26975,-41.41525],[-69.95332,-41.13509],[-70.1795,-41.02634],[-69.88849,-40.84803],[-69.80794,-40.66513],[-69.38667,-40.46882],[-68.78625,-40.42845],[-68.59478,-40.13261],[-68.23147,-40.07312],[-68.00852,-40.15816],[-68.08565,-41.99967]]]]}},{"type":"Feature","properties":{"in1":62049,"provincia":"Río Negro","nam":"9 de Julio","ha":{"2022-01":0.0,"2022-02":0.0,"2022-03":0.0,"2022-04":0.0,"2022-05":0.0,"2022-06":0.0,"2022-07":0.0,"2022-08":0.0,"2022-09":0.0,"2022-10":0.0,"2022-11":0.0,"2022-12":0.0,"2023-01":642.36,"2023-02":0.0,"2023-03":0.0,"2023-04":0.0,"2023-05":0.0,"2023-06":0.0,"2023-07":0.0,"2023-08":0.0,"2023-09":0.0,"2023-10":0.0,"2023-11":0.0,"2023-12":0.0,"2024-01":0.0,"2024-02":0.0,"2024-03":0.0,"2024-04":0.0,"2024-05":0.0,"2024-06":0.0,"2024-07":0.0,"2024-08":0.0,"2024-09":0.0,"2024-10":0.0,"2024-11":0.0,"2024-12":0.0,"2025-01":0.0,"2025-02":0.0,"2025-03":0.0,"2025-04":0.0,"2025-05":0.0,"2025-06":0.0,"2025-07":0.0,"2025-08":0.0,"2025-09":0.0,"2025-10":0.0,"2025-11":0.0,"2025-12":0.0,"2026-01":0.0,"2026-02":0.0,"2026-03":0.0,"2026-04":0.0,"2026-05":0.0,"2026-06":0.0}},"geometry":{"type":"MultiPolygon","coordinates":[[[[-66.82567,-39.91059],[-66.87689,-42.0],[-68.08567,-42.0],[-68.00852,-40.15816],[-68.23147,-40.07312],[-67.8722,-39.8109],[-66.82567,-39.91059]]]]}},{"type":"Feature","properties":{"in1":62007,"provincia":"Río Negro","nam":"Adolfo Alsina","ha":{"2022-01":0.0,"2022-02":0.0,"2022-03":0.0,"2022-04":0.0,"2022-05":0.0,"2022-06":0.0,"2022-07":0.0,"2022-08":0.0,"2022-09":0.0,"2022-10":0.0,"2022-11":0.0,"2022-12":0.0,"2023-01":0.0,"2023-02":69.44,"2023-03":0.0,"2023-04":0.0,"2023-05":0.0,"2023-06":0.0,"2023-07":0.0,"2023-08":0.0,"2023-09":0.0,"2023-10":0.0,"2023-11":0.0,"2023-12":0.0,"2024-01":0.0,"2024-02":0.0,"2024-03":0.0,"2024-04":0.0,"2024-05":0.0,"2024-06":0.0,"2024-07":0.0,"2024-08":0.0,"2024-09":0.0,"2024-10":0.0,"2024-11":0.0,"2024-12":0.0,"2025-01":0.0,"2025-02":0.0,"2025-03":0.0,"2025-04":0.0,"2025-05":0.0,"2025-06":0.0,"2025-07":0.0,"2025-08":0.0,"2025-09":0.0,"2025-10":0.0,"2025-11":329.86,"2025-12":1684.03,"2026-01":364.58,"2026-02":0.0,"2026-03":0.0,"2026-04":0.0,"2026-05":0.0,"2026-06":0.0}},"geometry":{"type":"MultiPolygon","coordinates":[[[[-63.84293,-40.40894],[-63.3808,-40.40864],[-63.37935,-40.71037],[-63.36605,-40.6892],[-63.30005,-40.71113],[-63.28531,-40.72943],[-63.19208,-40.71669],[-62.95759,-40.81811],[-62.80197,-40.98257],[-62.78967,-41.02416],[-62.88452,-41.07941],[-62.99298,-41.1095],[-63.05328,-41.14398],[-63.11652,-41.15552],[-63.77722,-41.1604],[-63.88239,-41.13251],[-63.9585,-41.07312],[-64.11438,-41.03009],[-64.08179,-41.02667],[-64.09888,-41.00177],[-64.10907,-41.00983],[-64.09589,-41.01868],[-64.112,-41.02289],[-64.20618,-41.00983],[-64.42102,-40.90759],[-64.60318,-40.8502],[-64.60154,-40.43894],[-64.08301,-40.44217],[-63.99765,-40.50631],[-63.8453,-40.39028],[-63.84293,-40.40894]]]]}},{"type":"Feature","properties":{"in1":62014,"provincia":"Río Negro","nam":"Avellaneda","ha":{"2022-01":0.0,"2022-02":0.0,"2022-03":0.0,"2022-04":0.0,"2022-05":0.0,"2022-06":0.0,"2022-07":0.0,"2022-08":0.0,"2022-09":0.0,"2022-10":0.0,"2022-11":0.0,"2022-12":7968.75,"2023-01":5208.33,"2023-02":5319.47,"2023-03":381.94,"2023-04":190.97,"2023-05":104.17,"2023-06":0.0,"2023-07":0.0,"2023-08":0.0,"2023-09":0.0,"2023-10":295.14,"2023-11":0.0,"2023-12":3159.72,"2024-01":503.47,"2024-02":34.72,"2024-03":902.78,"2024-04":0.0,"2024-05":0.0,"2024-06":0.0,"2024-07":0.0,"2024-08":52.08,"2024-09":0.0,"2024-10":0.0,"2024-11":0.0,"2024-12":0.0,"2025-01":2395.83,"2025-02":225.69,"2025-03":34.72,"2025-04":0.0,"2025-05":0.0,"2025-06":0.0,"2025-07":0.0,"2025-08":0.0,"2025-09":0.0,"2025-10":0.0,"2025-11":0.0,"2025-12":0.0,"2026-01":0.0,"2026-02":0.0,"2026-03":0.0,"2026-04":0.0,"2026-05":0.0,"2026-06":0.0}},"geometry":{"type":"MultiPolygon","coordinates":[[[[-66.6319,-38.55681],[-66.60988,-38.55798],[-66.60058,-38.59828],[-66.57819,-38.6228],[-66.59827,-38.65053],[-66.5954,-38.67468],[-66.60714,-38.67909],[-66.57521,-38.70139],[-66.55444,-38.69789],[-66.53862,-38.72085],[-66.49672,-38.71853],[-66.44436,-38.74533],[-66.41649,-38.7437],[-66.40984,-38.73025],[-66.40442,-38.74408],[-66.35755,-38.74491],[-66.34183,-38.75773],[-66.32332,-38.74798],[-66.31506,-38.76129],[-66.30841,-38.74286],[-66.28826,-38.75566],[-66.20739,-38.73132],[-66.18024,-38.73128],[-66.17691,-38.74524],[-66.15505,-38.72885],[-66.12053,-38.73402],[-66.11981,-38.74328],[-66.10698,-38.72769],[-66.08464,-38.72527],[-66.06467,-38.75114],[-66.03199,-38.7389],[-66.03068,-38.75128],[-66.01898,-38.74086],[-65.95101,-38.74726],[-65.94666,-38.76794],[-65.92555,-38.76416],[-65.92759,-38.77519],[-65.9125,-38.76487],[-65.91119,-38.78292],[-65.87708,-38.77789],[-65.88243,-38.79045],[-65.86579,-38.78896],[-65.86431,-38.7998],[-65.84108,-38.78664],[-65.8244,-38.79885],[-65.82018,-38.78871],[-65.80467,-38.79392],[-65.80497,-38.80629],[-65.78726,-38.79462],[-65.77823,-38.81159],[-65.71259,-38.82501],[-65.70176,-38.81628],[-65.69112,-38.83478],[-65.6525,-38.82739],[-65.64638,-38.80945],[-65.63105,-38.81833],[-65.63218,-38.80243],[-65.61708,-38.80871],[-65.60847,-38.79838],[-65.62433,-38.7875],[-65.58494,-38.77453],[-65.56955,-38.7848],[-65.52319,-38.77917],[-65.5025,-38.7981],[-65.39081,-38.83074],[-65.37715,-38.85555],[-65.28052,-38.82141],[-65.21863,-38.83508],[-65.24573,-39.86588],[-65.21366,-39.87086],[-65.28342,-39.92531],[-66.82567,-39.91059],[-67.8722,-39.8109],[-67.36283,-39.46694],[-66.57158,-39.28289],[-66.56548,-39.09197],[-66.63907,-39.10162],[-66.64479,-38.53763],[-66.6319,-38.55681]]]]}},{"type":"Feature","properties":{"in1":62021,"provincia":"Río Negro","nam":"Bariloche","ha":{"2022-01":0.0,"2022-02":0.0,"2022-03":0.0,"2022-04":0.0,"2022-05":0.0,"2022-06":0.0,"2022-07":0.0,"2022-08":0.0,"2022-09":0.0,"2022-10":0.0,"2022-11":0.0,"2022-12":0.0,"2023-01":1111.11,"2023-02":0.0,"2023-03":0.0,"2023-04":0.0,"2023-05":0.0,"2023-06":0.0,"2023-07":0.0,"2023-08":0.0,"2023-09":0.0,"2023-10":0.0,"2023-11":0.0,"2023-12":0.0,"2024-01":0.0,"2024-02":520.83,"2024-03":0.0,"2024-04":0.0,"2024-05":0.0,"2024-06":0.0,"2024-07":0.0,"2024-08":0.0,"2024-09":0.0,"2024-10":0.0,"2024-11":0.0,"2024-12":2361.11,"2025-01":7690.97,"2025-02":3003.47,"2025-03":17.36,"2025-04":0.0,"2025-05":0.0,"2025-06":0.0,"2025-07":0.0,"2025-08":0.0,"2025-09":0.0,"2025-10":0.0,"2025-11":0.0,"2025-12":0.0,"2026-01":0.0,"2026-02":0.0,"2026-03":0.0,"2026-04":0.0,"2026-05":0.0,"2026-06":0.0}},"geometry":{"type":"MultiPolygon","coordinates":[[[[-71.75268,-41.02185],[-71.62189,-41.03491],[-71.5506,-41.02319],[-71.45642,-41.04169],[-71.36072,-41.08868],[-71.30621,-41.1001],[-71.14596,-41.08467],[-71.14331,-41.10859],[-71.11467,-41.12926],[-71.11524,-41.14867],[-71.15631,-41.18218],[-71.17077,-41.24406],[-71.21722,-41.29648],[-71.21437,-41.31576],[-71.18087,-41.32864],[-71.22432,-41.33606],[-71.23143,-41.38548],[-71.22546,-41.66537],[-71.30641,-41.82094],[-71.22579,-41.85581],[-71.24009,-41.95399],[-71.17485,-42.0],[-71.77393,-42.0],[-71.79378,-41.96155],[-71.7934,-41.94403],[-71.77214,-41.93085],[-71.79748,-41.84263],[-71.79072,-41.83079],[-71.75137,-41.82493],[-71.77399,-41.79365],[-71.75393,-41.78745],[-71.77525,-41.76773],[-71.78418,-41.73495],[-71.81036,-41.72053],[-71.79438,-41.69474],[-71.81697,-41.6899],[-71.81779,-41.66993],[-71.8371,-41.66619],[-71.83656,-41.64564],[-71.857,-41.64527],[-71.88549,-41.60626],[-71.8468,-41.56529],[-71.81764,-41.57521],[-71.85207,-41.51485],[-71.82801,-41.48101],[-71.84336,-41.4517],[-71.82701,-41.4435],[-71.86321,-41.42201],[-71.86635,-41.3936],[-71.90897,-41.36205],[-71.91208,-41.34057],[-71.88165,-41.32414],[-71.87616,-41.30825],[-71.89654,-41.2789],[-71.88821,-41.26527],[-71.89685,-41.25498],[-71.85623,-41.25731],[-71.83438,-41.2718],[-71.85639,-41.24775],[-71.84702,-41.24284],[-71.85932,-41.23362],[-71.85403,-41.2146],[-71.87441,-41.20584],[-71.88751,-41.16906],[-71.83936,-41.1504],[-71.84959,-41.08315],[-71.81794,-41.06229],[-71.83936,-41.03584],[-71.86108,-41.03102],[-71.75268,-41.02185]]]]}},{"type":"Feature","properties":{"in1":62028,"provincia":"Río Negro","nam":"Conesa","ha":{"2022-01":0.0,"2022-02":0.0,"2022-03":0.0,"2022-04":0.0,"2022-05":0.0,"2022-06":0.0,"2022-07":0.0,"2022-08":0.0,"2022-09":0.0,"2022-10":0.0,"2022-11":0.0,"2022-12":468.75,"2023-01":309.73,"2023-02":0.0,"2023-03":677.08,"2023-04":0.0,"2023-05":0.0,"2023-06":0.0,"2023-07":0.0,"2023-08":0.0,"2023-09":0.0,"2023-10":0.0,"2023-11":0.0,"2023-12":0.0,"2024-01":52.08,"2024-02":0.0,"2024-03":0.0,"2024-04":0.0,"2024-05":0.0,"2024-06":0.0,"2024-07":0.0,"2024-08":0.0,"2024-09":0.0,"2024-10":0.0,"2024-11":0.0,"2024-12":0.0,"2025-01":0.0,"2025-02":0.0,"2025-03":0.0,"2025-04":0.0,"2025-05":0.0,"2025-06":0.0,"2025-07":0.0,"2025-08":0.0,"2025-09":0.0,"2025-10":0.0,"2025-11":0.0,"2025-12":0.0,"2026-01":0.0,"2026-02":4.86,"2026-03":0.0,"2026-04":0.0,"2026-05":0.0,"2026-06":0.0}},"geometry":{"type":"MultiPolygon","coordinates":[[[[-65.24552,-39.85068],[-63.38241,-39.87192],[-63.3808,-40.40864],[-63.83093,-40.41055],[-63.84804,-40.40581],[-63.8453,-40.39028],[-63.99765,-40.50631],[-64.08301,-40.44217],[-65.194,-40.43648],[-65.1932,-39.97976],[-65.28342,-39.92531],[-65.21366,-39.87086],[-65.24573,-39.86588],[-65.24552,-39.85068]]]]}},{"type":"Feature","properties":{"in1":62035,"provincia":"Río Negro","nam":"El Cuy","ha":{"2022-01":0.0,"2022-02":0.0,"2022-03":0.0,"2022-04":0.0,"2022-05":0.0,"2022-06":0.0,"2022-07":0.0,"2022-08":0.0,"2022-09":0.0,"2022-10":0.0,"2022-11":0.0,"2022-12":0.0,"2023-01":0.0,"2023-02":0.0,"2023-03":0.0,"2023-04":0.0,"2023-05":0.0,"2023-06":0.0,"2023-07":0.0,"2023-08":0.0,"2023-09":0.0,"2023-10":0.0,"2023-11":0.0,"2023-12":0.0,"2024-01":0.0,"2024-02":312.5,"2024-03":0.0,"2024-04":0.0,"2024-05":0.0,"2024-06":0.0,"2024-07":0.0,"2024-08":0.0,"2024-09":0.0,"2024-10":0.0,"2024-11":0.0,"2024-12":0.0,"2025-01":0.0,"2025-02":0.0,"2025-03":0.0,"2025-04":0.0,"2025-05":0.0,"2025-06":0.0,"2025-07":0.0,"2025-08":0.0,"2025-09":0.0,"2025-10":0.0,"2025-11":0.0,"2025-12":0.0,"2026-01":0.0,"2026-02":0.0,"2026-03":0.0,"2026-04":0.0,"2026-05":0.0,"2026-06":0.0}},"geometry":{"type":"MultiPolygon","coordinates":[[[[-68.20723,-38.9711],[-68.07827,-38.9951],[-68.01958,-38.97738],[-68.00085,-38.99578],[-67.96313,-38.99313],[-67.93943,-39.00916],[-67.79463,-39.03979],[-67.64909,-39.10901],[-67.60599,-39.10849],[-67.52865,-39.07328],[-67.48067,-39.08449],[-67.43357,-39.07613],[-67.32856,-39.10322],[-67.27811,-39.09571],[-67.25436,-39.11263],[-67.20949,-39.10135],[-67.18929,-39.12307],[-67.1621,-39.12234],[-67.16527,-39.13569],[-67.13111,-39.15666],[-67.02238,-39.17815],[-66.93086,-39.15277],[-66.86158,-39.15713],[-66.83997,-39.13454],[-66.73128,-39.13927],[-66.67957,-39.10435],[-66.57184,-39.09034],[-66.57158,-39.28289],[-67.36283,-39.46694],[-67.8722,-39.8109],[-68.23147,-40.07312],[-68.59478,-40.13261],[-68.78625,-40.42845],[-69.38667,-40.46882],[-69.80794,-40.66513],[-69.75495,-39.87597],[-69.69657,-39.84631],[-69.62868,-39.84255],[-69.58382,-39.81432],[-69.507,-39.81542],[-69.49362,-39.79625],[-69.42192,-39.76806],[-69.39025,-39.73163],[-69.34896,-39.7121],[-69.343,-39.68038],[-69.31396,-39.65391],[-69.28997,-39.65299],[-69.27228,-39.62903],[-69.2771,-39.59637],[-69.17712,-39.56061],[-69.11279,-39.51471],[-69.04749,-39.52667],[-68.99988,-39.5152],[-68.93073,-39.461],[-68.9125,-39.41787],[-68.82396,-39.37493],[-68.80806,-39.34736],[-68.8185,-39.31259],[-68.80239,-39.28491],[-68.66315,-39.21495],[-68.65325,-39.19918],[-68.6608,-39.17234],[-68.59471,-39.12017],[-68.56174,-39.07648],[-68.50481,-39.07148],[-68.46923,-39.04575],[-68.30745,-38.99047],[-68.30159,-38.97543],[-68.23115,-38.99133],[-68.20723,-38.9711]]]]}},{"type":"Feature","properties":{"in1":62042,"provincia":"Río Negro","nam":"General Roca","ha":{"2022-01":0.0,"2022-02":0.0,"2022-03":0.0,"2022-04":0.0,"2022-05":0.0,"2022-06":0.0,"2022-07":0.0,"2022-08":0.0,"2022-09":0.0,"2022-10":0.0,"2022-11":0.0,"2022-12":0.0,"2023-01":0.0,"2023-02":208.33,"2023-03":0.0,"2023-04":0.0,"2023-05":0.0,"2023-06":0.0,"2023-07":0.0,"2023-08":0.0,"2023-09":0.0,"2023-10":0.0,"2023-11":0.0,"2023-12":17.36,"2024-01":0.0,"2024-02":0.0,"2024-03":0.0,"2024-04":0.0,"2024-05":0.0,"2024-06":0.0,"2024-07":86.81,"2024-08":0.0,"2024-09":0.0,"2024-10":0.0,"2024-11":0.0,"2024-12":0.0,"2025-01":0.0,"2025-02":0.0,"2025-03":0.0,"2025-04":0.0,"2025-05":0.0,"2025-06":0.0,"2025-07":0.0,"2025-08":138.89,"2025-09":0.0,"2025-10":0.0,"2025-11":0.0,"2025-12":0.0,"2026-01":0.0,"2026-02":0.0,"2026-03":0.0,"2026-04":0.0,"2026-05":0.0,"2026-06":0.0}},"geometry":{"type":"MultiPolygon","coordinates":[[[[-68.24998,-37.57481],[-68.21931,-37.58824],[-68.15254,-37.58032],[-68.10676,-37.59624],[-68.08412,-37.5891],[-67.98307,-37.60786],[-67.94416,-37.60322],[-67.9173,-37.61841],[-67.87059,-37.61288],[-67.78558,-37.65228],[-67.77035,-37.67053],[-67.76042,-37.74338],[-67.74034,-37.76541],[-67.74004,-37.78857],[-67.72376,-37.79352],[-67.73048,-37.85192],[-67.78165,-37.89547],[-67.81796,-37.90286],[-67.8728,-37.93988],[-67.8706,-37.95062],[-67.90328,-37.98209],[-67.88843,-38.00038],[-67.89585,-38.01726],[-67.88313,-38.01879],[-67.86145,-38.05354],[-67.84968,-38.05175],[-67.8493,-38.06626],[-67.83524,-38.05589],[-67.8093,-38.07236],[-67.78191,-38.05188],[-67.76251,-38.06873],[-67.75065,-38.05613],[-67.74756,-38.07398],[-67.73033,-38.07576],[-67.73407,-38.09869],[-67.71863,-38.13037],[-67.70751,-38.12338],[-67.68903,-38.13342],[-67.65649,-38.20178],[-67.5932,-38.2406],[-67.52869,-38.25769],[-67.36407,-38.25378],[-67.31708,-38.24762],[-67.26111,-38.2171],[-67.18761,-38.2145],[-67.19659,-38.25378],[-67.17048,-38.2609],[-67.17238,-38.27922],[-67.15311,-38.29134],[-67.15605,-38.35332],[-67.11861,-38.3568],[-67.09184,-38.39963],[-67.00904,-38.42324],[-66.99579,-38.44568],[-66.89697,-38.44373],[-66.89209,-38.46198],[-66.85437,-38.47559],[-66.78607,-38.48053],[-66.71223,-38.53175],[-66.64479,-38.53763],[-66.63907,-39.10162],[-66.67957,-39.10435],[-66.73128,-39.13927],[-66.83997,-39.13454],[-66.86158,-39.15713],[-66.93086,-39.15277],[-67.02238,-39.17815],[-67.13111,-39.15666],[-67.16527,-39.13569],[-67.1621,-39.12234],[-67.18929,-39.12307],[-67.20949,-39.10135],[-67.25436,-39.11263],[-67.27811,-39.09571],[-67.32856,-39.10322],[-67.43357,-39.07613],[-67.48067,-39.08449],[-67.52865,-39.07328],[-67.60599,-39.10849],[-67.64909,-39.10901],[-67.79463,-39.03979],[-68.00947,-38.98255],[-68.00025,-38.97342],[-68.0073,-38.9595],[-68.03941,-38.94189],[-68.05036,-38.91207],[-68.06923,-38.90294],[-68.07151,-38.87151],[-68.09405,-38.85865],[-68.08118,-38.84829],[-68.11826,-38.79326],[-68.12061,-38.74728],[-68.16312,-38.73789],[-68.25628,-38.67955],[-68.24998,-37.57481]]]]}},{"type":"Feature","properties":{"in1":62063,"provincia":"Río Negro","nam":"Pichi Mahuida","ha":{"2022-01":0.0,"2022-02":0.0,"2022-03":0.0,"2022-04":0.0,"2022-05":0.0,"2022-06":0.0,"2022-07":0.0,"2022-08":0.0,"2022-09":0.0,"2022-10":0.0,"2022-11":0.0,"2022-12":0.0,"2023-01":6131.24,"2023-02":715.33,"2023-03":9079.86,"2023-04":2187.5,"2023-05":208.33,"2023-06":0.0,"2023-07":294.06,"2023-08":104.17,"2023-09":0.0,"2023-10":222.6,"2023-11":0.0,"2023-12":1753.47,"2024-01":0.0,"2024-02":0.0,"2024-03":0.0,"2024-04":0.0,"2024-05":0.0,"2024-06":0.0,"2024-07":0.0,"2024-08":0.0,"2024-09":0.0,"2024-10":0.0,"2024-11":0.0,"2024-12":0.0,"2025-01":0.0,"2025-02":34.72,"2025-03":0.0,"2025-04":0.0,"2025-05":0.0,"2025-06":0.0,"2025-07":0.0,"2025-08":439.37,"2025-09":16.6,"2025-10":0.0,"2025-11":0.0,"2025-12":190.97,"2026-01":0.0,"2026-02":0.0,"2026-03":0.0,"2026-04":0.0,"2026-05":0.0,"2026-06":0.0}},"geometry":{"type":"MultiPolygon","coordinates":[[[[-65.10648,-38.80103],[-64.92427,-38.83316],[-64.87709,-38.81452],[-64.84718,-38.82662],[-64.80733,-38.81601],[-64.73475,-38.84113],[-64.67089,-38.83369],[-64.62945,-38.85284],[-64.60345,-38.84782],[-64.59637,-38.85919],[-64.53624,-38.8579],[-64.5152,-38.86841],[-64.47638,-38.85999],[-64.4319,-38.87904],[-64.42066,-38.87183],[-64.41336,-38.88378],[-64.3974,-38.87323],[-64.39661,-38.88672],[-64.34859,-38.88345],[-64.32536,-38.90645],[-64.29395,-38.89765],[-64.2796,-38.914],[-64.06397,-38.99172],[-64.06249,-39.01003],[-64.0474,-38.99905],[-64.01127,-39.00206],[-64.02357,-39.0175],[-63.9916,-39.01091],[-64.002,-39.03085],[-63.93549,-39.05957],[-63.92653,-39.07523],[-63.93549,-39.09149],[-63.9115,-39.0871],[-63.89789,-39.10695],[-63.8717,-39.10779],[-63.87958,-39.1004],[-63.8703,-39.09595],[-63.85827,-39.11037],[-63.8418,-39.10919],[-63.83579,-39.13607],[-63.79736,-39.12393],[-63.78821,-39.10919],[-63.77716,-39.12843],[-63.75708,-39.12921],[-63.76367,-39.15467],[-63.74477,-39.16379],[-63.74299,-39.18885],[-63.6717,-39.20363],[-63.67426,-39.22226],[-63.63338,-39.22739],[-63.63171,-39.2478],[-63.61763,-39.2359],[-63.61438,-39.25183],[-63.59297,-39.24592],[-63.55803,-39.26145],[-63.53882,-39.27911],[-63.54122,-39.29666],[-63.51201,-39.31266],[-63.4856,-39.30826],[-63.4574,-39.32884],[-63.453,-39.32039],[-63.38327,-39.32849],[-63.38241,-39.87192],[-65.24552,-39.85068],[-65.21843,-38.83714],[-65.19182,-38.83637],[-65.19399,-38.81178],[-65.16895,-38.80219],[-65.14003,-38.81839],[-65.10648,-38.80103]]]]}},{"type":"Feature","properties":{"in1":62070,"provincia":"Río Negro","nam":"Pilcaniyeu","ha":{"2022-01":0.0,"2022-02":0.0,"2022-03":0.0,"2022-04":0.0,"2022-05":0.0,"2022-06":0.0,"2022-07":0.0,"2022-08":0.0,"2022-09":0.0,"2022-10":0.0,"2022-11":0.0,"2022-12":0.0,"2023-01":0.0,"2023-02":0.0,"2023-03":0.0,"2023-04":0.0,"2023-05":0.0,"2023-06":0.0,"2023-07":0.0,"2023-08":0.0,"2023-09":0.0,"2023-10":0.0,"2023-11":0.0,"2023-12":0.0,"2024-01":0.0,"2024-02":0.0,"2024-03":0.0,"2024-04":0.0,"2024-05":0.0,"2024-06":0.0,"2024-07":0.0,"2024-08":0.0,"2024-09":0.0,"2024-10":0.0,"2024-11":0.0,"2024-12":0.0,"2025-01":0.0,"2025-02":0.0,"2025-03":0.0,"2025-04":0.0,"2025-05":0.0,"2025-06":0.0,"2025-07":0.0,"2025-08":0.0,"2025-09":0.0,"2025-10":0.0,"2025-11":0.0,"2025-12":0.0,"2026-01":0.0,"2026-02":0.0,"2026-03":0.0,"2026-04":0.0,"2026-05":0.0,"2026-06":0.0}},"geometry":{"type":"MultiPolygon","coordinates":[[[[-69.75504,-39.87796],[-69.80794,-40.66513],[-69.88849,-40.84803],[-70.1795,-41.02634],[-69.95332,-41.13509],[-70.26975,-41.41525],[-70.61638,-41.41339],[-70.68895,-41.43803],[-70.81315,-41.5229],[-70.9292,-41.42759],[-71.0304,-41.54188],[-71.22951,-41.49982],[-71.22432,-41.33606],[-71.18087,-41.32864],[-71.21437,-41.31576],[-71.21722,-41.29648],[-71.16805,-41.23942],[-71.15631,-41.18218],[-71.11344,-41.13659],[-71.14331,-41.10859],[-71.14596,-41.08467],[-71.21939,-41.08622],[-71.17488,-41.0562],[-71.13275,-41.04907],[-71.11532,-41.00765],[-71.08858,-40.99721],[-71.10245,-40.9908],[-71.06033,-40.98082],[-71.03205,-40.93336],[-71.03899,-40.88902],[-71.05363,-40.88211],[-71.04684,-40.87122],[-71.09995,-40.84036],[-71.09308,-40.82594],[-71.11933,-40.80406],[-71.12094,-40.75863],[-71.09406,-40.72699],[-71.02972,-40.72443],[-71.01178,-40.67932],[-70.9765,-40.64868],[-70.87909,-40.62042],[-70.85541,-40.59338],[-70.73313,-40.58005],[-70.69403,-40.59436],[-70.64974,-40.5897],[-70.6236,-40.5531],[-70.54968,-40.521],[-70.54248,-40.5036],[-70.46509,-40.51221],[-70.42493,-40.53632],[-70.17883,-40.48981],[-70.16814,-40.47426],[-70.17494,-40.42761],[-70.10302,-40.40574],[-70.06269,-40.37464],[-70.04957,-40.31778],[-70.05882,-40.24896],[-70.00209,-40.2032],[-69.99203,-40.17997],[-69.95028,-40.17898],[-69.97069,-40.12104],[-69.99479,-40.10313],[-70.00537,-40.04743],[-69.97089,-39.97774],[-69.93123,-39.94326],[-69.88045,-39.93008],[-69.86594,-39.9109],[-69.75504,-39.87796]]]]}},{"type":"Feature","properties":{"in1":62077,"provincia":"Río Negro","nam":"San Antonio","ha":{"2022-01":0.0,"2022-02":0.0,"2022-03":0.0,"2022-04":0.0,"2022-05":0.0,"2022-06":0.0,"2022-07":0.0,"2022-08":0.0,"2022-09":0.0,"2022-10":0.0,"2022-11":0.0,"2022-12":0.0,"2023-01":8072.92,"2023-02":52.08,"2023-03":190.97,"2023-04":0.0,"2023-05":0.0,"2023-06":0.0,"2023-07":0.0,"2023-08":0.0,"2023-09":0.0,"2023-10":0.0,"2023-11":173.61,"2023-12":0.0,"2024-01":0.0,"2024-02":0.0,"2024-03":0.0,"2024-04":0.0,"2024-05":0.0,"2024-06":0.0,"2024-07":0.0,"2024-08":0.0,"2024-09":0.0,"2024-10":0.0,"2024-11":0.0,"2024-12":0.0,"2025-01":0.0,"2025-02":0.0,"2025-03":0.0,"2025-04":0.0,"2025-05":0.0,"2025-06":0.0,"2025-07":0.0,"2025-08":0.0,"2025-09":0.0,"2025-10":0.0,"2025-11":0.0,"2025-12":0.0,"2026-01":0.0,"2026-02":0.0,"2026-03":0.0,"2026-04":0.0,"2026-05":0.0,"2026-06":0.0}},"geometry":{"type":"MultiPolygon","coordinates":[[[[-65.194,-40.43648],[-64.60154,-40.43894],[-64.60318,-40.8502],[-64.75708,-40.81763],[-64.87531,-40.82892],[-64.90491,-40.80548],[-64.84521,-40.78247],[-64.85663,-40.80371],[-64.84528,-40.81488],[-64.836,-40.78583],[-64.742,-40.81073],[-64.74921,-40.80518],[-64.73419,-40.80261],[-64.75378,-40.79437],[-64.73358,-40.78693],[-64.75861,-40.76788],[-64.79749,-40.78052],[-64.8006,-40.74829],[-64.7735,-40.7428],[-64.80627,-40.72552],[-64.95453,-40.70959],[-64.95178,-40.71979],[-64.9715,-40.716],[-64.96912,-40.72528],[-64.99609,-40.71771],[-64.96991,-40.72717],[-64.91669,-40.72729],[-64.92218,-40.74048],[-64.95923,-40.74811],[-64.8999,-40.7608],[-65.01801,-40.7644],[-65.09729,-40.8183],[-65.12891,-40.85681],[-65.12518,-40.88129],[-65.14972,-40.909],[-65.16669,-40.974],[-65.1543,-41.16278],[-65.07361,-41.41522],[-65.05292,-41.43182],[-65.04388,-41.46252],[-65.00031,-41.48608],[-64.98779,-41.5188],[-65.00671,-41.55731],[-64.98639,-41.57678],[-64.99719,-41.57629],[-65.01648,-41.61029],[-65.03711,-41.59821],[-65.02271,-41.61841],[-65.021,-41.73322],[-64.99768,-41.7666],[-65.0127,-41.77972],[-65.01587,-41.83221],[-65.03967,-41.83087],[-65.04919,-41.8429],[-65.03711,-41.87299],[-65.05762,-41.88159],[-65.0661,-41.90558],[-65.06925,-42.0],[-65.72811,-42.0],[-65.75776,-41.24434],[-65.79007,-41.18242],[-65.77425,-39.91866],[-65.29462,-39.91853],[-65.1932,-39.97976],[-65.194,-40.43648]]],[[[-64.76547,-40.78351],[-64.75998,-40.77439],[-64.75536,-40.77439],[-64.75413,-40.77755],[-64.76547,-40.78351]]],[[[-64.83659,-40.75222],[-64.84328,-40.75621],[-64.83683,-40.75145],[-64.83659,-40.75222]]],[[[-64.90498,-40.74001],[-64.90687,-40.74136],[-64.90688,-40.73919],[-64.90498,-40.74001]]]]}},{"type":"Feature","properties":{"in1":62084,"provincia":"Río Negro","nam":"Valcheta","ha":{"2022-01":0.0,"2022-02":0.0,"2022-03":0.0,"2022-04":0.0,"2022-05":0.0,"2022-06":0.0,"2022-07":0.0,"2022-08":0.0,"2022-09":0.0,"2022-10":0.0,"2022-11":0.0,"2022-12":0.0,"2023-01":0.0,"2023-02":0.0,"2023-03":0.0,"2023-04":0.0,"2023-05":0.0,"2023-06":0.0,"2023-07":0.0,"2023-08":0.0,"2023-09":0.0,"2023-10":0.0,"2023-11":0.0,"2023-12":0.0,"2024-01":0.0,"2024-02":0.0,"2024-03":0.0,"2024-04":0.0,"2024-05":0.0,"2024-06":0.0,"2024-07":0.0,"2024-08":0.0,"2024-09":0.0,"2024-10":0.0,"2024-11":0.0,"2024-12":0.0,"2025-01":0.0,"2025-02":0.0,"2025-03":0.0,"2025-04":0.0,"2025-05":0.0,"2025-06":0.0,"2025-07":0.0,"2025-08":0.0,"2025-09":0.0,"2025-10":0.0,"2025-11":0.0,"2025-12":0.0,"2026-01":0.0,"2026-02":0.0,"2026-03":0.0,"2026-04":0.0,"2026-05":0.0,"2026-06":0.0}},"geometry":{"type":"MultiPolygon","coordinates":[[[[-65.77425,-39.91866],[-65.79007,-41.18242],[-65.75776,-41.24434],[-65.72811,-42.0],[-66.87689,-42.0],[-66.82567,-39.91059],[-65.77425,-39.91866]]]]}},{"type":"Feature","properties":{"in1":62056,"provincia":"Río Negro","nam":"Ñorquinco","ha":{"2022-01":0.0,"2022-02":0.0,"2022-03":0.0,"2022-04":0.0,"2022-05":0.0,"2022-06":0.0,"2022-07":0.0,"2022-08":0.0,"2022-09":0.0,"2022-10":0.0,"2022-11":0.0,"2022-12":0.0,"2023-01":0.0,"2023-02":0.0,"2023-03":0.0,"2023-04":0.0,"2023-05":0.0,"2023-06":0.0,"2023-07":0.0,"2023-08":0.0,"2023-09":0.0,"2023-10":0.0,"2023-11":0.0,"2023-12":0.0,"2024-01":642.36,"2024-02":416.67,"2024-03":0.0,"2024-04":0.0,"2024-05":0.0,"2024-06":0.0,"2024-07":0.0,"2024-08":0.0,"2024-09":0.0,"2024-10":0.0,"2024-11":0.0,"2024-12":0.0,"2025-01":0.0,"2025-02":0.0,"2025-03":0.0,"2025-04":0.0,"2025-05":0.0,"2025-06":0.0,"2025-07":0.0,"2025-08":0.0,"2025-09":0.0,"2025-10":0.0,"2025-11":0.0,"2025-12":0.0,"2026-01":0.0,"2026-02":0.0,"2026-03":0.0,"2026-04":0.0,"2026-05":0.0,"2026-06":0.0}},"geometry":{"type":"MultiPolygon","coordinates":[[[[-69.75527,-41.50519],[-69.38953,-42.0],[-71.17485,-42.0],[-71.24009,-41.95399],[-71.22579,-41.85581],[-71.30641,-41.82094],[-71.22546,-41.66537],[-71.22951,-41.49982],[-71.0304,-41.54188],[-70.9292,-41.42759],[-70.81315,-41.5229],[-70.68895,-41.43803],[-70.61638,-41.41339],[-70.26975,-41.41525],[-69.75527,-41.50519]]]]}},{"type":"Feature","properties":{"in1":78007,"provincia":"Santa Cruz","nam":"Corpen Aike","ha":{"2022-01":0.0,"2022-02":0.0,"2022-03":0.0,"2022-04":0.0,"2022-05":0.0,"2022-06":0.0,"2022-07":0.0,"2022-08":0.0,"2022-09":0.0,"2022-10":0.0,"2022-11":0.0,"2022-12":0.0,"2023-01":0.0,"2023-02":0.0,"2023-03":0.0,"2023-04":0.0,"2023-05":0.0,"2023-06":0.0,"2023-07":0.0,"2023-08":0.0,"2023-09":0.0,"2023-10":0.0,"2023-11":0.0,"2023-12":0.0,"2024-01":0.0,"2024-02":0.0,"2024-03":0.0,"2024-04":0.0,"2024-05":0.0,"2024-06":0.0,"2024-07":0.0,"2024-08":0.0,"2024-09":0.0,"2024-10":0.0,"2024-11":0.0,"2024-12":0.0,"2025-01":0.0,"2025-02":0.0,"2025-03":0.0,"2025-04":0.0,"2025-05":0.0,"2025-06":0.0,"2025-07":0.0,"2025-08":0.0,"2025-09":0.0,"2025-10":0.0,"2025-11":0.0,"2025-12":0.0,"2026-01":0.0,"2026-02":0.0,"2026-03":0.0,"2026-04":0.0,"2026-05":0.0,"2026-06":0.0}},"geometry":{"type":"MultiPolygon","coordinates":[[[[-69.75825,-49.20867],[-69.75784,-49.31824],[-68.82683,-49.31679],[-68.82262,-49.45485],[-67.67589,-49.44187],[-67.72049,-49.63596],[-67.71545,-49.69943],[-67.72967,-49.7759],[-67.8364,-49.94461],[-67.91699,-50.0053],[-68.0395,-50.06817],[-68.1435,-50.10437],[-68.32661,-50.12298],[-68.35295,-50.1176],[-68.36938,-50.08728],[-68.41638,-50.05902],[-68.46259,-49.98291],[-68.49921,-49.9458],[-68.53192,-49.93359],[-68.55829,-49.87219],[-68.60718,-49.82562],[-68.62671,-49.7865],[-68.64319,-49.77942],[-68.57141,-49.93683],[-68.65912,-49.9649],[-68.87451,-49.96582],[-68.89612,-49.9715],[-68.9328,-50.0],[-68.85907,-49.96918],[-68.67291,-49.99329],[-68.58069,-49.96442],[-68.50928,-50.01978],[-68.51312,-50.0531],[-68.4903,-50.08801],[-68.45172,-50.11072],[-68.4115,-50.11548],[-68.39679,-50.13141],[-68.36078,-50.13538],[-68.35819,-50.15892],[-68.40721,-50.18624],[-68.63392,-50.24882],[-68.69165,-50.27627],[-68.77326,-50.28815],[-68.88001,-50.33562],[-68.87931,-50.36085],[-68.9066,-50.36346],[-68.97099,-50.41987],[-69.07922,-50.56515],[-69.09262,-50.62287],[-69.13987,-50.72228],[-69.13854,-50.76562],[-70.64604,-50.73676],[-70.6301,-50.37448],[-70.63871,-50.36814],[-70.63106,-50.21927],[-70.62155,-50.21252],[-70.58076,-49.20388],[-69.75825,-49.20867]]]]}},{"type":"Feature","properties":{"in1":78014,"provincia":"Santa Cruz","nam":"Deseado","ha":{"2022-01":0.0,"2022-02":0.0,"2022-03":0.0,"2022-04":0.0,"2022-05":0.0,"2022-06":0.0,"2022-07":0.0,"2022-08":0.0,"2022-09":0.0,"2022-10":0.0,"2022-11":0.0,"2022-12":4548.61,"2023-01":0.0,"2023-02":0.0,"2023-03":0.0,"2023-04":0.0,"2023-05":0.0,"2023-06":0.0,"2023-07":0.0,"2023-08":0.0,"2023-09":0.0,"2023-10":0.0,"2023-11":0.0,"2023-12":0.0,"2024-01":0.0,"2024-02":260.42,"2024-03":0.0,"2024-04":0.0,"2024-05":0.0,"2024-06":0.0,"2024-07":0.0,"2024-08":0.0,"2024-09":0.0,"2024-10":0.0,"2024-11":0.0,"2024-12":0.0,"2025-01":0.0,"2025-02":0.0,"2025-03":0.0,"2025-04":0.0,"2025-05":0.0,"2025-06":0.0,"2025-07":0.0,"2025-08":0.0,"2025-09":0.0,"2025-10":0.0,"2025-11":0.0,"2025-12":0.0,"2026-01":104.17,"2026-02":0.0,"2026-03":0.0,"2026-04":0.0,"2026-05":0.0,"2026-06":0.0}},"geometry":{"type":"MultiPolygon","coordinates":[[[[-67.59519,-46.00423],[-67.58597,-46.02228],[-67.62402,-46.04874],[-67.61494,-46.06574],[-67.62724,-46.08363],[-67.61367,-46.23144],[-67.56737,-46.34907],[-67.44028,-46.54854],[-67.35532,-46.61884],[-67.25446,-46.64623],[-67.23052,-46.67401],[-67.20063,-46.67362],[-67.19085,-46.68682],[-67.15627,-46.68787],[-67.1488,-46.70224],[-67.12163,-46.70744],[-67.12515,-46.72322],[-67.09554,-46.73502],[-67.09977,-46.74859],[-67.08177,-46.75024],[-67.07561,-46.77403],[-67.02747,-46.81486],[-66.98494,-46.82881],[-66.97355,-46.84907],[-66.95092,-46.84698],[-66.89941,-46.91201],[-66.85886,-46.93279],[-66.85658,-46.94685],[-66.79193,-46.99914],[-66.7101,-47.03309],[-66.65916,-47.03015],[-66.63051,-47.04579],[-66.49778,-47.03828],[-66.1977,-47.0874],[-65.94069,-47.07218],[-65.90302,-47.09547],[-65.86738,-47.0921],[-65.86475,-47.10633],[-65.84668,-47.10913],[-65.84163,-47.13938],[-65.73556,-47.20197],[-65.75772,-47.22206],[-65.71785,-47.33216],[-65.7398,-47.51024],[-65.84489,-47.73462],[-65.83864,-47.74682],[-65.8996,-47.75873],[-66.0014,-47.7453],[-66.00098,-47.73297],[-66.00531,-47.73077],[-66.00232,-47.74371],[-66.03442,-47.74408],[-66.10529,-47.79901],[-66.12341,-47.80798],[-66.15039,-47.80701],[-66.19501,-47.82001],[-66.2818,-47.86877],[-66.19019,-47.82953],[-66.0882,-47.81299],[-65.97809,-47.7627],[-65.95178,-47.75897],[-65.94031,-47.76691],[-65.9104,-47.7619],[-65.87365,-47.76502],[-65.89826,-47.76709],[-65.88002,-47.77424],[-65.87909,-47.79922],[-65.86504,-47.80108],[-65.87573,-47.80964],[-65.84454,-47.89349],[-65.76146,-47.91622],[-65.79063,-47.93168],[-65.786,-47.94533],[-65.76509,-47.95014],[-65.80429,-47.96085],[-65.8401,-47.96373],[-65.83883,-47.94217],[-65.86007,-47.93773],[-65.86774,-47.9487],[-65.87255,-47.93629],[-65.89706,-47.93157],[-65.94122,-47.95428],[-65.9514,-47.97714],[-65.92412,-47.99024],[-65.94293,-48.00393],[-65.93187,-48.01721],[-65.95324,-48.01446],[-65.94087,-48.03085],[-65.9803,-48.05098],[-65.90437,-48.08037],[-65.89424,-48.10135],[-65.91776,-48.09682],[-65.9081,-48.10561],[-65.94012,-48.11251],[-65.94091,-48.12473],[-65.9528,-48.10293],[-65.97553,-48.09999],[-66.11798,-48.122],[-66.12381,-48.13956],[-66.13851,-48.13924],[-66.14462,-48.16458],[-66.16429,-48.17267],[-66.15993,-48.19046],[-66.22825,-48.2013],[-66.26265,-48.23795],[-66.33756,-48.27716],[-66.36018,-48.31472],[-66.33388,-48.35468],[-66.343,-48.3688],[-66.34986,-48.35507],[-66.44804,-48.35231],[-66.47481,-48.36615],[-66.46708,-48.40014],[-66.49435,-48.41747],[-66.6419,-48.43098],[-66.73642,-48.46507],[-66.77164,-48.49836],[-66.83105,-48.52304],[-66.87007,-48.58273],[-67.17193,-48.48388],[-67.55312,-48.11298],[-67.58742,-48.11235],[-67.61612,-48.09166],[-68.18558,-48.44458],[-68.33544,-48.37961],[-69.35534,-48.43832],[-69.73441,-48.32208],[-69.70757,-47.23469],[-69.68665,-47.1613],[-69.6562,-45.99994],[-67.59519,-46.00423]]],[[[-65.99021,-47.76168],[-66.00306,-47.77211],[-66.05481,-47.78642],[-66.03894,-47.76757],[-65.99021,-47.76168]]],[[[-65.7168,-47.90525],[-65.71069,-47.91438],[-65.72606,-47.91148],[-65.7168,-47.90525]]],[[[-66.15117,-47.81456],[-66.1603,-47.81335],[-66.14425,-47.81046],[-66.15117,-47.81456]]],[[[-65.9409,-47.75812],[-65.93855,-47.76587],[-65.94772,-47.75996],[-65.9409,-47.75812]]],[[[-66.06587,-47.77625],[-66.07326,-47.78374],[-66.08006,-47.78288],[-66.06587,-47.77625]]],[[[-66.16324,-47.81754],[-66.17701,-47.8185],[-66.16208,-47.81664],[-66.16324,-47.81754]]],[[[-66.05293,-47.77036],[-66.06007,-47.77339],[-66.05246,-47.76846],[-66.05293,-47.77036]]],[[[-65.89801,-48.07368],[-65.89834,-48.07916],[-65.90244,-48.07733],[-65.89801,-48.07368]]],[[[-65.73614,-47.91613],[-65.74229,-47.92091],[-65.73673,-47.91486],[-65.73614,-47.91613]]],[[[-65.96995,-47.75506],[-65.96541,-47.75198],[-65.96371,-47.75301],[-65.96995,-47.75506]]],[[[-65.8907,-48.0824],[-65.88934,-48.08633],[-65.89655,-48.08337],[-65.8907,-48.0824]]],[[[-65.86323,-47.95946],[-65.86629,-47.95895],[-65.86221,-47.9566],[-65.86323,-47.95946]]],[[[-65.9011,-48.00571],[-65.90354,-48.00422],[-65.89841,-48.00339],[-65.9011,-48.00571]]],[[[-65.98472,-48.1076],[-65.98714,-48.1107],[-65.98797,-48.10942],[-65.98472,-48.1076]]],[[[-65.89384,-48.11284],[-65.89672,-48.11502],[-65.89721,-48.11194],[-65.89384,-48.11284]]],[[[-65.99102,-48.11242],[-65.995,-48.11346],[-65.99461,-48.11157],[-65.99102,-48.11242]]],[[[-65.75947,-47.9127],[-65.75558,-47.91423],[-65.76085,-47.91339],[-65.75947,-47.9127]]],[[[-66.22004,-48.24643],[-66.22255,-48.24585],[-66.21935,-48.24466],[-66.22004,-48.24643]]],[[[-65.76256,-47.9511],[-65.76245,-47.95367],[-65.76411,-47.95226],[-65.76256,-47.9511]]],[[[-66.10792,-48.12552],[-66.10451,-48.12544],[-66.10329,-48.12577],[-66.10792,-48.12552]]],[[[-66.32396,-48.35979],[-66.32603,-48.35917],[-66.3242,-48.35807],[-66.32396,-48.35979]]],[[[-65.88979,-48.08689],[-65.89217,-48.08719],[-65.89199,-48.08613],[-65.88979,-48.08689]]],[[[-65.8704,-47.94869],[-65.87227,-47.95005],[-65.87251,-47.94886],[-65.8704,-47.94869]]],[[[-65.88905,-48.00011],[-65.88784,-48.00182],[-65.89017,-48.00145],[-65.88905,-48.00011]]],[[[-65.87012,-47.95607],[-65.87097,-47.95471],[-65.86816,-47.95477],[-65.87012,-47.95607]]],[[[-66.08429,-48.12969],[-66.08714,-48.12927],[-66.08739,-48.12857],[-66.08429,-48.12969]]],[[[-65.87003,-47.95817],[-65.87148,-47.95967],[-65.87196,-47.95943],[-65.87003,-47.95817]]],[[[-66.10891,-48.14107],[-66.10918,-48.14203],[-66.11021,-48.14148],[-66.10891,-48.14107]]],[[[-65.92471,-48.00636],[-65.92584,-48.00721],[-65.92603,-48.00663],[-65.92471,-48.00636]]]]}},{"type":"Feature","properties":{"in1":78021,"provincia":"Santa Cruz","nam":"Güer Aike","ha":{"2022-01":0.0,"2022-02":0.0,"2022-03":0.0,"2022-04":0.0,"2022-05":0.0,"2022-06":0.0,"2022-07":0.0,"2022-08":0.0,"2022-09":0.0,"2022-10":0.0,"2022-11":0.0,"2022-12":0.0,"2023-01":0.0,"2023-02":0.0,"2023-03":0.0,"2023-04":0.0,"2023-05":0.0,"2023-06":0.0,"2023-07":0.0,"2023-08":0.0,"2023-09":0.0,"2023-10":0.0,"2023-11":0.0,"2023-12":0.0,"2024-01":0.0,"2024-02":0.0,"2024-03":0.0,"2024-04":0.0,"2024-05":0.0,"2024-06":0.0,"2024-07":0.0,"2024-08":0.0,"2024-09":0.0,"2024-10":0.0,"2024-11":0.0,"2024-12":0.0,"2025-01":0.0,"2025-02":0.0,"2025-03":0.0,"2025-04":0.0,"2025-05":0.0,"2025-06":0.0,"2025-07":0.0,"2025-08":0.0,"2025-09":0.0,"2025-10":0.0,"2025-11":0.0,"2025-12":0.0,"2026-01":0.0,"2026-02":0.0,"2026-03":0.0,"2026-04":0.0,"2026-05":0.0,"2026-06":0.0}},"geometry":{"type":"MultiPolygon","coordinates":[[[[-71.50027,-50.71167],[-69.13854,-50.76562],[-69.13202,-50.89959],[-69.21401,-50.94473],[-69.22521,-50.97489],[-69.24011,-50.95782],[-69.32123,-50.9884],[-69.38239,-51.0368],[-69.3725,-51.0481],[-69.39612,-51.07971],[-69.44128,-51.08978],[-69.45691,-51.10278],[-69.45819,-51.11261],[-69.46478,-51.11328],[-69.4585,-51.11438],[-69.44031,-51.10901],[-69.4386,-51.11029],[-69.44281,-51.11139],[-69.44232,-51.1145],[-69.43433,-51.11371],[-69.20551,-50.97528],[-69.16693,-50.98019],[-69.10858,-51.16699],[-68.94665,-51.55523],[-68.97705,-51.58218],[-69.00128,-51.55988],[-69.03729,-51.56073],[-69.1347,-51.60321],[-69.34412,-51.55157],[-69.49481,-51.58508],[-69.6178,-51.62689],[-69.33521,-51.58551],[-69.10339,-51.63428],[-69.12408,-51.64178],[-69.11731,-51.65509],[-69.0141,-51.60638],[-68.97523,-51.61587],[-68.95533,-51.6291],[-68.70845,-51.98125],[-68.35678,-52.31739],[-68.35364,-52.335],[-68.4326,-52.39769],[-68.41843,-52.38641],[-68.41863,-52.33248],[-68.57348,-52.32518],[-68.58603,-52.3067],[-68.838,-52.27774],[-68.98688,-52.20358],[-69.19001,-52.1501],[-69.48596,-52.15144],[-69.9955,-52.00072],[-71.9215,-51.99998],[-71.96447,-51.97283],[-72.00427,-51.97951],[-72.02907,-51.96768],[-72.032,-51.95865],[-71.9711,-51.92749],[-71.93207,-51.91993],[-71.95101,-51.87162],[-72.02617,-51.80843],[-72.07849,-51.7824],[-72.07586,-51.77316],[-72.11299,-51.76746],[-72.12175,-51.74403],[-72.17923,-51.73825],[-72.16081,-51.72594],[-72.23112,-51.70246],[-72.29711,-51.6994],[-72.28753,-51.66907],[-72.29682,-51.64619],[-72.2833,-51.63853],[-72.31915,-51.62546],[-72.32702,-51.58734],[-72.37704,-51.58445],[-72.38871,-51.59507],[-72.44252,-51.58449],[-72.42631,-51.54686],[-72.39401,-51.52744],[-72.40518,-51.51339],[-72.34466,-51.52074],[-72.35091,-51.48454],[-72.32405,-51.47496],[-72.34087,-51.44959],[-72.33826,-51.42483],[-72.30994,-51.40315],[-72.30897,-51.36645],[-72.32608,-51.34568],[-72.3488,-51.34984],[-72.3717,-51.33626],[-72.36005,-51.31911],[-72.3078,-51.30747],[-72.30642,-51.29295],[-72.26918,-51.28325],[-72.25907,-51.25119],[-72.3036,-51.20174],[-72.32257,-51.21057],[-72.34876,-51.20361],[-72.36064,-51.16875],[-72.39575,-51.14542],[-72.40906,-51.10749],[-72.40321,-51.09198],[-72.37618,-51.07998],[-72.37417,-51.02321],[-72.26567,-51.03523],[-72.26724,-50.96365],[-72.24554,-50.90286],[-72.25669,-50.88848],[-72.24806,-50.87503],[-72.26696,-50.8629],[-72.26103,-50.8375],[-72.28144,-50.80864],[-72.34913,-50.75564],[-72.34774,-50.73156],[-72.30112,-50.70677],[-72.2983,-50.6821],[-71.50027,-50.71167]]],[[[-69.4402,-51.09063],[-69.40871,-51.09489],[-69.4352,-51.11322],[-69.43945,-51.10735],[-69.45421,-51.10757],[-69.4402,-51.09063]]]]}},{"type":"Feature","properties":{"in1":78028,"provincia":"Santa Cruz","nam":"Lago Argentino","ha":{"2022-01":0.0,"2022-02":0.0,"2022-03":0.0,"2022-04":0.0,"2022-05":0.0,"2022-06":0.0,"2022-07":0.0,"2022-08":0.0,"2022-09":0.0,"2022-10":0.0,"2022-11":0.0,"2022-12":659.72,"2023-01":0.0,"2023-02":0.0,"2023-03":0.0,"2023-04":920.14,"2023-05":0.0,"2023-06":0.0,"2023-07":0.0,"2023-08":0.0,"2023-09":0.0,"2023-10":0.0,"2023-11":0.0,"2023-12":86.81,"2024-01":0.0,"2024-02":642.36,"2024-03":0.0,"2024-04":0.0,"2024-05":0.0,"2024-06":0.0,"2024-07":0.0,"2024-08":0.0,"2024-09":0.0,"2024-10":0.0,"2024-11":0.0,"2024-12":0.0,"2025-01":0.0,"2025-02":0.0,"2025-03":0.0,"2025-04":0.0,"2025-05":0.0,"2025-06":0.0,"2025-07":0.0,"2025-08":0.0,"2025-09":0.0,"2025-10":0.0,"2025-11":0.0,"2025-12":225.69,"2026-01":0.0,"2026-02":0.0,"2026-03":0.0,"2026-04":0.0,"2026-05":0.0,"2026-06":0.0}},"geometry":{"type":"MultiPolygon","coordinates":[[[[-70.58076,-49.20388],[-70.62155,-50.21252],[-70.63106,-50.21927],[-70.63871,-50.36814],[-70.6301,-50.37448],[-70.64604,-50.73676],[-72.2983,-50.6821],[-72.28625,-50.65965],[-72.33805,-50.65046],[-72.34898,-50.61985],[-72.40779,-50.63641],[-72.41611,-50.61992],[-72.49038,-50.6003],[-72.50487,-50.61453],[-72.54844,-50.62055],[-72.56079,-50.64603],[-72.57506,-50.64632],[-72.58308,-50.68141],[-72.61339,-50.67452],[-72.62332,-50.65737],[-72.65578,-50.66396],[-72.68093,-50.64245],[-72.69842,-50.64552],[-72.72827,-50.61483],[-72.74003,-50.62677],[-72.77412,-50.62745],[-72.89144,-50.67018],[-72.90546,-50.69719],[-72.95202,-50.71838],[-72.94405,-50.72481],[-72.9547,-50.74096],[-73.00629,-50.76202],[-73.04199,-50.76129],[-73.0697,-50.78888],[-73.09692,-50.77338],[-73.20349,-50.82098],[-73.26752,-50.82397],[-73.28491,-50.7879],[-73.25598,-50.75012],[-73.28601,-50.7395],[-73.18591,-50.70038],[-73.17273,-50.6767],[-73.27081,-50.6488],[-73.2674,-50.62811],[-73.2887,-50.586],[-73.33191,-50.56842],[-73.38641,-50.51642],[-73.3656,-50.50751],[-73.3645,-50.48792],[-73.43262,-50.48309],[-73.4079,-50.46771],[-73.40369,-50.45081],[-73.42249,-50.44263],[-73.41931,-50.42963],[-73.43701,-50.42438],[-73.45538,-50.39258],[-73.48639,-50.38208],[-73.46991,-50.34448],[-73.48071,-50.32568],[-73.51678,-50.289],[-73.56543,-50.27069],[-73.54999,-50.22821],[-73.56,-50.21692],[-73.55518,-50.18439],[-73.52081,-50.15308],[-73.5415,-50.11902],[-73.4895,-50.0816],[-73.48291,-50.05408],[-73.53369,-50.0423],[-73.56659,-50.02039],[-73.50519,-49.96649],[-73.54388,-49.9494],[-73.55261,-49.92389],[-73.49048,-49.8526],[-73.49969,-49.81799],[-73.44531,-49.79388],[-73.46619,-49.77368],[-73.43878,-49.75781],[-73.47638,-49.7179],[-73.50909,-49.7052],[-73.4986,-49.69171],[-73.50458,-49.6629],[-73.46411,-49.6424],[-73.46368,-49.6189],[-73.49219,-49.57922],[-73.53601,-49.56403],[-73.54968,-49.53809],[-73.53961,-49.49823],[-73.48779,-49.50049],[-73.46381,-49.48248],[-73.47961,-49.4613],[-73.47388,-49.44128],[-73.49042,-49.42871],[-73.46002,-49.40021],[-73.42621,-49.39191],[-73.42908,-49.34399],[-73.41058,-49.3194],[-73.49371,-49.27271],[-73.495,-49.242],[-73.4707,-49.20111],[-73.14368,-49.271],[-73.04474,-49.27297],[-73.08937,-49.25306],[-73.10355,-49.26698],[-73.13319,-49.26718],[-73.14522,-49.24722],[-73.14543,-49.19015],[-73.11009,-49.15199],[-73.06215,-49.12752],[-73.04493,-49.08087],[-73.00491,-49.06345],[-73.01384,-49.03619],[-72.98137,-49.02916],[-72.99286,-48.99723],[-72.95879,-48.98004],[-72.94644,-48.9456],[-72.91971,-48.9357],[-72.86487,-48.94663],[-72.85062,-48.96609],[-72.79459,-48.96808],[-72.76632,-48.94573],[-72.74814,-48.91029],[-72.69435,-48.89539],[-72.69109,-48.86756],[-72.63694,-48.86725],[-72.53223,-48.79756],[-72.54263,-48.74039],[-72.53544,-48.66547],[-72.58575,-48.48732],[-72.56548,-48.48329],[-72.56323,-48.48459],[-71.40018,-49.19328],[-70.58076,-49.20388]]]]}},{"type":"Feature","properties":{"in1":78035,"provincia":"Santa Cruz","nam":"Lago Buenos Aires","ha":{"2022-01":0.0,"2022-02":0.0,"2022-03":0.0,"2022-04":0.0,"2022-05":0.0,"2022-06":0.0,"2022-07":0.0,"2022-08":0.0,"2022-09":0.0,"2022-10":0.0,"2022-11":0.0,"2022-12":0.0,"2023-01":15.23,"2023-02":0.0,"2023-03":0.0,"2023-04":173.61,"2023-05":0.0,"2023-06":0.0,"2023-07":0.0,"2023-08":0.0,"2023-09":0.0,"2023-10":0.0,"2023-11":138.89,"2023-12":0.0,"2024-01":0.0,"2024-02":0.0,"2024-03":0.0,"2024-04":0.0,"2024-05":0.0,"2024-06":0.0,"2024-07":0.0,"2024-08":0.0,"2024-09":0.0,"2024-10":0.0,"2024-11":0.0,"2024-12":0.0,"2025-01":0.0,"2025-02":0.0,"2025-03":0.0,"2025-04":0.0,"2025-05":0.0,"2025-06":0.0,"2025-07":0.0,"2025-08":0.0,"2025-09":0.0,"2025-10":0.0,"2025-11":0.0,"2025-12":69.44,"2026-01":0.0,"2026-02":0.0,"2026-03":0.0,"2026-04":0.0,"2026-05":0.0,"2026-06":0.0}},"geometry":{"type":"MultiPolygon","coordinates":[[[[-69.6562,-46.00131],[-69.68665,-47.1613],[-69.70757,-47.23469],[-69.73441,-48.32208],[-69.78301,-48.30705],[-70.76888,-47.31988],[-71.57147,-47.36386],[-71.89212,-47.22718],[-71.86475,-47.23057],[-71.8947,-47.21098],[-71.87995,-47.20547],[-71.89024,-47.18196],[-71.85048,-47.16419],[-71.8803,-47.10749],[-71.94975,-47.08676],[-71.95405,-47.07606],[-71.90399,-47.05095],[-71.88004,-47.0101],[-71.89753,-46.99605],[-71.93257,-46.99438],[-71.91827,-46.98536],[-71.92986,-46.97774],[-71.958,-46.97424],[-71.95174,-46.95737],[-71.97105,-46.90523],[-71.93134,-46.86816],[-71.9325,-46.84025],[-71.95538,-46.81442],[-71.91409,-46.799],[-71.83289,-46.79776],[-71.77246,-46.76761],[-71.68578,-46.69733],[-71.64342,-46.68182],[-71.64682,-46.63395],[-71.66696,-46.59865],[-71.66929,-46.52784],[-71.75652,-46.34563],[-71.72833,-46.30847],[-71.72688,-46.2719],[-71.77757,-46.19879],[-71.85937,-46.1947],[-71.8747,-46.16133],[-71.87375,-46.16006],[-71.8664,-46.15813],[-71.86507,-46.15685],[-71.89828,-46.16222],[-71.91455,-46.13982],[-71.82476,-46.11057],[-71.785,-46.12202],[-71.74738,-46.09199],[-71.7149,-46.09021],[-71.6449,-46.0],[-69.6562,-46.00131]]]]}},{"type":"Feature","properties":{"in1":78042,"provincia":"Santa Cruz","nam":"Magallanes","ha":{"2022-01":0.0,"2022-02":0.0,"2022-03":0.0,"2022-04":0.0,"2022-05":0.0,"2022-06":0.0,"2022-07":0.0,"2022-08":0.0,"2022-09":0.0,"2022-10":0.0,"2022-11":0.0,"2022-12":0.0,"2023-01":0.0,"2023-02":0.0,"2023-03":0.0,"2023-04":0.0,"2023-05":0.0,"2023-06":0.0,"2023-07":0.0,"2023-08":0.0,"2023-09":0.0,"2023-10":0.0,"2023-11":0.0,"2023-12":0.0,"2024-01":17.36,"2024-02":17.36,"2024-03":0.0,"2024-04":0.0,"2024-05":0.0,"2024-06":0.0,"2024-07":0.0,"2024-08":0.0,"2024-09":0.0,"2024-10":0.0,"2024-11":0.0,"2024-12":0.0,"2025-01":0.0,"2025-02":0.0,"2025-03":0.0,"2025-04":0.0,"2025-05":0.0,"2025-06":0.0,"2025-07":0.0,"2025-08":0.0,"2025-09":0.0,"2025-10":0.0,"2025-11":0.0,"2025-12":0.0,"2026-01":277.78,"2026-02":0.0,"2026-03":0.0,"2026-04":0.0,"2026-05":0.0,"2026-06":0.0}},"geometry":{"type":"MultiPolygon","coordinates":[[[[-67.55312,-48.11298],[-67.17193,-48.48388],[-66.86927,-48.58604],[-66.89661,-48.60135],[-66.99058,-48.61344],[-67.12541,-48.68219],[-67.14059,-48.69652],[-67.15159,-48.74839],[-67.18628,-48.77271],[-67.19289,-48.81321],[-67.21993,-48.838],[-67.41309,-48.91271],[-67.55362,-49.0166],[-67.59907,-49.10355],[-67.63562,-49.13824],[-67.6329,-49.15628],[-67.61373,-49.16089],[-67.61389,-49.18518],[-67.66461,-49.20349],[-67.6748,-49.22058],[-67.6676,-49.24591],[-67.6889,-49.26178],[-67.74139,-49.27533],[-67.7157,-49.31781],[-67.7608,-49.3139],[-67.79761,-49.328],[-67.80469,-49.34277],[-67.79498,-49.36322],[-67.77209,-49.38068],[-67.8194,-49.37659],[-67.83752,-49.38678],[-67.8186,-49.40552],[-67.71381,-49.38593],[-67.68542,-49.35358],[-67.6991,-49.3089],[-67.67273,-49.29852],[-67.66809,-49.25519],[-67.61316,-49.25011],[-67.6036,-49.29567],[-67.66278,-49.3966],[-67.67589,-49.44187],[-68.82262,-49.45485],[-68.82683,-49.31679],[-69.75784,-49.31824],[-69.73441,-48.32208],[-69.35534,-48.43832],[-68.33544,-48.37961],[-68.18558,-48.44458],[-67.61612,-48.09166],[-67.58742,-48.11235],[-67.55312,-48.11298]]],[[[-67.69249,-49.26551],[-67.70476,-49.28486],[-67.73364,-49.27687],[-67.69249,-49.26551]]],[[[-67.68598,-49.2826],[-67.70103,-49.2989],[-67.70638,-49.29493],[-67.68598,-49.2826]]],[[[-67.04303,-48.751],[-67.04799,-48.75249],[-67.04432,-48.7491],[-67.04303,-48.751]]],[[[-67.13456,-48.73649],[-67.14062,-48.7361],[-67.13567,-48.73454],[-67.13456,-48.73649]]],[[[-67.05621,-48.74945],[-67.05953,-48.74798],[-67.05592,-48.74797],[-67.05621,-48.74945]]],[[[-67.14325,-48.74331],[-67.14455,-48.74524],[-67.14524,-48.7438],[-67.14325,-48.74331]]]]}},{"type":"Feature","properties":{"in1":78049,"provincia":"Santa Cruz","nam":"Río Chico","ha":{"2022-01":0.0,"2022-02":0.0,"2022-03":0.0,"2022-04":0.0,"2022-05":0.0,"2022-06":0.0,"2022-07":0.0,"2022-08":0.0,"2022-09":0.0,"2022-10":0.0,"2022-11":0.0,"2022-12":0.0,"2023-01":225.69,"2023-02":0.0,"2023-03":0.0,"2023-04":833.33,"2023-05":0.0,"2023-06":0.0,"2023-07":0.0,"2023-08":0.0,"2023-09":0.0,"2023-10":0.0,"2023-11":0.0,"2023-12":0.0,"2024-01":69.44,"2024-02":0.0,"2024-03":0.0,"2024-04":0.0,"2024-05":0.0,"2024-06":0.0,"2024-07":0.0,"2024-08":0.0,"2024-09":0.0,"2024-10":0.0,"2024-11":0.0,"2024-12":0.0,"2025-01":173.61,"2025-02":0.0,"2025-03":0.0,"2025-04":0.0,"2025-05":0.0,"2025-06":0.0,"2025-07":0.0,"2025-08":0.0,"2025-09":0.0,"2025-10":0.0,"2025-11":0.0,"2025-12":156.25,"2026-01":34.72,"2026-02":0.0,"2026-03":0.0,"2026-04":0.0,"2026-05":0.0,"2026-06":0.0}},"geometry":{"type":"MultiPolygon","coordinates":[[[[-71.89212,-47.22718],[-71.57147,-47.36386],[-70.76888,-47.31988],[-69.78301,-48.30705],[-69.73441,-48.32208],[-69.75825,-49.20867],[-71.40018,-49.19328],[-72.56526,-48.48347],[-72.53336,-48.48384],[-72.50242,-48.51855],[-72.44159,-48.51409],[-72.39358,-48.483],[-72.37351,-48.44982],[-72.40891,-48.43273],[-72.40641,-48.41608],[-72.34776,-48.3902],[-72.37697,-48.37154],[-72.38069,-48.35013],[-72.34355,-48.34533],[-72.27798,-48.36261],[-72.24107,-48.34832],[-72.22641,-48.32056],[-72.3167,-48.23401],[-72.32581,-48.21546],[-72.30711,-48.20121],[-72.29908,-48.15863],[-72.32716,-48.11602],[-72.35503,-48.10101],[-72.36031,-48.0736],[-72.41612,-48.07815],[-72.44379,-48.06435],[-72.41878,-48.00272],[-72.42597,-47.96699],[-72.49781,-47.96116],[-72.52742,-47.93778],[-72.49797,-47.87514],[-72.47688,-47.87093],[-72.46816,-47.81275],[-72.49593,-47.79711],[-72.52334,-47.74044],[-72.48442,-47.75908],[-72.47321,-47.75851],[-72.46606,-47.73789],[-72.44272,-47.7461],[-72.43553,-47.73351],[-72.45051,-47.70528],[-72.41743,-47.69432],[-72.4097,-47.67819],[-72.42081,-47.66163],[-72.39816,-47.65845],[-72.37966,-47.6358],[-72.35342,-47.63619],[-72.3091,-47.59084],[-72.32703,-47.57136],[-72.29114,-47.51189],[-72.3078,-47.48013],[-72.32675,-47.48196],[-72.34134,-47.45619],[-72.29343,-47.44624],[-72.24448,-47.40609],[-72.19735,-47.41704],[-72.16134,-47.39448],[-72.12808,-47.32812],[-72.04639,-47.33931],[-72.03637,-47.31921],[-71.99645,-47.29495],[-72.01664,-47.24728],[-72.00091,-47.21757],[-72.01861,-47.19842],[-71.89212,-47.22718]]]]}},{"type":"Feature","properties":{"in1":94021,"provincia":"Tierra del Fuego","nam":"Islas del Atlántico Sur","ha":{"2022-01":0.0,"2022-02":0.0,"2022-03":0.0,"2022-04":0.0,"2022-05":0.0,"2022-06":0.0,"2022-07":0.0,"2022-08":0.0,"2022-09":0.0,"2022-10":0.0,"2022-11":0.0,"2022-12":0.0,"2023-01":0.0,"2023-02":0.0,"2023-03":0.0,"2023-04":0.0,"2023-05":0.0,"2023-06":0.0,"2023-07":0.0,"2023-08":0.0,"2023-09":0.0,"2023-10":0.0,"2023-11":0.0,"2023-12":0.0,"2024-01":0.0,"2024-02":0.0,"2024-03":0.0,"2024-04":0.0,"2024-05":0.0,"2024-06":0.0,"2024-07":0.0,"2024-08":0.0,"2024-09":0.0,"2024-10":0.0,"2024-11":0.0,"2024-12":0.0,"2025-01":0.0,"2025-02":0.0,"2025-03":0.0,"2025-04":0.0,"2025-05":0.0,"2025-06":0.0,"2025-07":0.0,"2025-08":0.0,"2025-09":0.0,"2025-10":0.0,"2025-11":0.0,"2025-12":0.0,"2026-01":0.0,"2026-02":0.0,"2026-03":0.0,"2026-04":0.0,"2026-05":0.0,"2026-06":0.0}},"geometry":{"type":"MultiPolygon","coordinates":[[[[-58.46548,-51.30919],[-58.41119,-51.31567],[-58.37604,-51.33248],[-58.38138,-51.34726],[-58.34057,-51.35368],[-58.34711,-51.36597],[-58.33177,-51.38688],[-58.35115,-51.38439],[-58.37756,-51.39389],[-58.33495,-51.39233],[-58.31468,-51.41544],[-58.32983,-51.42814],[-58.32054,-51.43287],[-58.3554,-51.43101],[-58.35318,-51.44107],[-58.3305,-51.43844],[-58.36311,-51.46598],[-58.35854,-51.45245],[-58.37246,-51.44949],[-58.36504,-51.44411],[-58.36442,-51.43551],[-58.36941,-51.43293],[-58.37784,-51.44606],[-58.45545,-51.45565],[-58.48286,-51.39856],[-58.49502,-51.39798],[-58.50605,-51.42427],[-58.51768,-51.42135],[-58.52039,-51.40711],[-58.48933,-51.38601],[-58.50451,-51.38079],[-58.52739,-51.40499],[-58.55452,-51.40163],[-58.53039,-51.41216],[-58.53774,-51.42111],[-58.59613,-51.43928],[-58.52721,-51.42369],[-58.52305,-51.42915],[-58.54239,-51.43062],[-58.55998,-51.43825],[-58.56695,-51.44795],[-58.57176,-51.44359],[-58.58265,-51.44602],[-58.62641,-51.46739],[-58.59189,-51.46126],[-58.58094,-51.44691],[-58.55887,-51.45083],[-58.55827,-51.43945],[-58.51698,-51.42891],[-58.54128,-51.44453],[-58.50713,-51.43646],[-58.51409,-51.44903],[-58.50274,-51.45345],[-58.53818,-51.45545],[-58.52429,-51.45773],[-58.52301,-51.47105],[-58.55182,-51.46927],[-58.55891,-51.47977],[-58.51768,-51.47517],[-58.51423,-51.48307],[-58.53781,-51.48946],[-58.5274,-51.51159],[-58.51219,-51.5006],[-58.52565,-51.49493],[-58.52015,-51.48611],[-58.5093,-51.49214],[-58.49135,-51.46833],[-58.46648,-51.47742],[-58.47285,-51.49101],[-58.44275,-51.46853],[-58.42459,-51.46844],[-58.43573,-51.47412],[-58.42267,-51.49184],[-58.43709,-51.50135],[-58.40922,-51.49028],[-58.43311,-51.52334],[-58.42084,-51.5344],[-58.46054,-51.54739],[-58.417,-51.56291],[-58.40387,-51.52784],[-58.39158,-51.53739],[-58.3771,-51.53015],[-58.39269,-51.54923],[-58.36787,-51.55143],[-58.37719,-51.55473],[-58.38275,-51.56562],[-58.32782,-51.5671],[-58.34544,-51.55479],[-58.32631,-51.55134],[-58.32598,-51.53756],[-58.30901,-51.54351],[-58.30818,-51.55636],[-58.27542,-51.55581],[-58.27924,-51.56463],[-58.26279,-51.57065],[-58.28321,-51.57214],[-58.26353,-51.59454],[-58.28507,-51.59173],[-58.30412,-51.60456],[-58.30851,-51.61507],[-58.28319,-51.59747],[-58.25144,-51.61443],[-58.27438,-51.62171],[-58.25555,-51.62168],[-58.26557,-51.63772],[-58.25613,-51.64596],[-58.27854,-51.66157],[-58.24107,-51.65416],[-58.25694,-51.65024],[-58.24851,-51.62115],[-58.21875,-51.6602],[-58.21206,-51.64932],[-58.21064,-51.65532],[-58.19871,-51.6585],[-58.22498,-51.63709],[-58.21273,-51.64287],[-58.18932,-51.64576],[-58.18992,-51.64778],[-58.17292,-51.64446],[-58.21145,-51.64151],[-58.21717,-51.63307],[-58.2049,-51.63047],[-58.22818,-51.62629],[-58.20412,-51.62274],[-58.23838,-51.61996],[-58.24079,-51.60682],[-58.26044,-51.60036],[-58.24562,-51.59395],[-58.25145,-51.5843],[-58.14554,-51.61187],[-58.21104,-51.58667],[-58.1747,-51.58233],[-58.22513,-51.5795],[-58.24171,-51.57182],[-58.22117,-51.56418],[-58.26256,-51.55345],[-58.21651,-51.54176],[-58.2015,-51.52442],[-58.27695,-51.53273],[-58.26403,-51.51876],[-58.29944,-51.52978],[-58.28366,-51.50265],[-58.29797,-51.48712],[-58.33232,-51.52054],[-58.3373,-51.5101],[-58.37796,-51.51272],[-58.35181,-51.48597],[-58.37581,-51.49155],[-58.38621,-51.4845],[-58.32774,-51.47564],[-58.33871,-51.46678],[-58.31723,-51.4564],[-58.31369,-51.44029],[-58.29728,-51.43908],[-58.28231,-51.39089],[-58.17515,-51.38666],[-58.16008,-51.38469],[-58.16148,-51.3754],[-58.09555,-51.3826],[-58.06239,-51.36887],[-58.01116,-51.38177],[-57.9623,-51.37176],[-57.94443,-51.36088],[-57.90208,-51.37833],[-57.88863,-51.40179],[-57.85138,-51.41306],[-57.87078,-51.43436],[-57.83981,-51.44836],[-57.83462,-51.47864],[-57.73894,-51.51273],[-57.78461,-51.51802],[-57.792,-51.50751],[-57.85877,-51.49706],[-57.8374,-51.48474],[-57.8436,-51.47485],[-57.86616,-51.4963],[-57.89671,-51.49854],[-57.80959,-51.50975],[-57.81148,-51.52009],[-57.76486,-51.5262],[-57.76411,-51.54043],[-57.95419,-51.54041],[-57.98849,-51.52671],[-57.99373,-51.50631],[-58.03446,-51.5089],[-58.06157,-51.49363],[-58.07629,-51.49629],[-58.01747,-51.53555],[-58.11504,-51.5117],[-58.09517,-51.53311],[-58.10269,-51.53058],[-58.11691,-51.53695],[-58.12406,-51.52646],[-58.12031,-51.53707],[-58.16496,-51.54703],[-58.10599,-51.56255],[-58.14946,-51.56748],[-58.10214,-51.57743],[-58.10585,-51.58503],[-58.07327,-51.57821],[-58.10952,-51.5719],[-58.08521,-51.56487],[-58.05853,-51.59209],[-57.97567,-51.58676],[-57.88738,-51.59938],[-57.78342,-51.61694],[-57.72384,-51.64467],[-57.75961,-51.64264],[-57.78665,-51.6615],[-57.81291,-51.64908],[-57.80638,-51.65992],[-57.86006,-51.67558],[-57.87239,-51.67005],[-57.86709,-51.66108],[-57.89045,-51.67038],[-57.92507,-51.6495],[-57.95891,-51.65253],[-57.92907,-51.65049],[-57.91863,-51.66635],[-57.89599,-51.66857],[-57.90606,-51.67316],[-57.83093,-51.68243],[-57.88148,-51.68239],[-57.9189,-51.68549],[-57.92039,-51.68694],[-57.7856,-51.69908],[-57.82706,-51.68255],[-57.78594,-51.67297],[-57.71688,-51.68308],[-57.80467,-51.70451],[-57.82126,-51.7218],[-57.8496,-51.71742],[-57.8695,-51.73011],[-57.89334,-51.72868],[-57.89268,-51.72172],[-57.89687,-51.72],[-57.91103,-51.71828],[-57.89359,-51.72421],[-57.9524,-51.72566],[-57.95434,-51.73322],[-57.9991,-51.73282],[-58.01123,-51.73786],[-57.8565,-51.73909],[-57.88171,-51.74725],[-58.03561,-51.75881],[-58.05126,-51.75567],[-58.04412,-51.75073],[-58.04606,-51.7368],[-58.08451,-51.74137],[-58.04632,-51.75053],[-58.06732,-51.7644],[-58.06467,-51.77156],[-58.15645,-51.76594],[-58.16541,-51.75315],[-58.15245,-51.74016],[-58.18435,-51.74283],[-58.16358,-51.75656],[-58.18932,-51.75516],[-58.19354,-51.76656],[-58.26635,-51.7482],[-58.29748,-51.7474],[-58.29883,-51.7503],[-58.3045,-51.75238],[-58.30533,-51.75365],[-58.2347,-51.75772],[-58.24454,-51.76416],[-58.20096,-51.77733],[-58.23207,-51.78312],[-58.10911,-51.78889],[-58.13538,-51.79141],[-58.11892,-51.7992],[-58.23915,-51.79021],[-58.22994,-51.79668],[-58.28636,-51.80052],[-58.29822,-51.82226],[-58.33377,-51.81158],[-58.32207,-51.82102],[-58.38722,-51.82438],[-58.33901,-51.82622],[-58.32209,-51.8379],[-58.33551,-51.84384],[-58.32083,-51.84385],[-58.32198,-51.83368],[-58.28713,-51.82839],[-58.2952,-51.82255],[-58.28174,-51.80691],[-58.16452,-51.816],[-58.23428,-51.82813],[-58.23579,-51.83812],[-58.21426,-51.846],[-58.22429,-51.86709],[-58.25666,-51.86803],[-58.2261,-51.85677],[-58.22579,-51.8449],[-58.26232,-51.85513],[-58.27524,-51.85005],[-58.27009,-51.85712],[-58.28936,-51.85853],[-58.27881,-51.86417],[-58.31679,-51.86846],[-58.31015,-51.88153],[-58.29968,-51.87967],[-58.3056,-51.87339],[-58.28312,-51.87902],[-58.30255,-51.88535],[-58.37516,-51.88734],[-58.40816,-51.91636],[-58.40081,-51.92258],[-58.46696,-51.92191],[-58.47067,-51.90614],[-58.42744,-51.91658],[-58.40465,-51.90951],[-58.42883,-51.90561],[-58.40318,-51.9008],[-58.50398,-51.89519],[-58.50775,-51.88522],[-58.53708,-51.87934],[-58.53643,-51.8686],[-58.54155,-51.86492],[-58.51864,-51.8601],[-58.5581,-51.85704],[-58.54874,-51.84754],[-58.56304,-51.8469],[-58.56171,-51.83936],[-58.56953,-51.83606],[-58.56593,-51.82958],[-58.59324,-51.83119],[-58.57985,-51.83138],[-58.56415,-51.84769],[-58.55192,-51.84872],[-58.56869,-51.85003],[-58.5388,-51.87204],[-58.54809,-51.88226],[-58.51239,-51.89263],[-58.59567,-51.88766],[-58.55699,-51.89753],[-58.56069,-51.90737],[-58.57348,-51.89942],[-58.62464,-51.89512],[-58.63982,-51.90526],[-58.64143,-51.89439],[-58.67829,-51.9044],[-58.68529,-51.89172],[-58.63894,-51.89312],[-58.62966,-51.88449],[-58.66859,-51.89153],[-58.69483,-51.87673],[-58.71893,-51.87261],[-58.69058,-51.88148],[-58.69158,-51.89405],[-58.74362,-51.88206],[-58.73503,-51.88783],[-58.7565,-51.88708],[-58.75364,-51.89943],[-58.78157,-51.89539],[-58.81161,-51.88215],[-58.7952,-51.88098],[-58.81087,-51.86739],[-58.80534,-51.8757],[-58.85748,-51.85727],[-58.85259,-51.85306],[-58.83639,-51.85873],[-58.8199,-51.85934],[-58.81427,-51.85686],[-58.88298,-51.83626],[-58.87267,-51.83977],[-58.88807,-51.84642],[-58.85658,-51.85276],[-58.8623,-51.86398],[-58.93265,-51.84163],[-58.93715,-51.82236],[-58.92637,-51.8235],[-58.92215,-51.81696],[-58.92104,-51.81268],[-58.93785,-51.82026],[-58.94871,-51.80508],[-58.94087,-51.78922],[-58.95019,-51.78729],[-58.95334,-51.80333],[-58.9662,-51.80205],[-58.95628,-51.80669],[-58.9728,-51.82517],[-58.96467,-51.83103],[-58.98548,-51.84199],[-58.96981,-51.83679],[-58.97701,-51.84653],[-58.97301,-51.85022],[-58.98592,-51.857],[-59.02148,-51.84917],[-59.08687,-51.85739],[-59.08275,-51.84426],[-59.09218,-51.84027],[-59.11561,-51.83593],[-59.09212,-51.85479],[-59.13428,-51.88208],[-59.11624,-51.88287],[-59.09221,-51.8586],[-59.01899,-51.85362],[-59.00601,-51.86117],[-59.0276,-51.88589],[-59.01344,-51.87937],[-59.00327,-51.85776],[-58.98733,-51.86062],[-58.99135,-51.86801],[-58.98864,-51.87365],[-58.98707,-51.86368],[-58.97481,-51.85495],[-58.97327,-51.86566],[-58.96656,-51.86121],[-58.96504,-51.86428],[-58.95555,-51.86226],[-58.94963,-51.8658],[-58.96248,-51.8674],[-58.95605,-51.87472],[-58.9107,-51.88191],[-58.89416,-51.90195],[-58.76036,-51.93666],[-58.80224,-51.94475],[-58.82784,-51.92195],[-58.88709,-51.91913],[-58.87546,-51.91161],[-58.88285,-51.90628],[-58.89066,-51.90756],[-58.8927,-51.90428],[-58.90655,-51.90249],[-58.90758,-51.89814],[-58.91458,-51.89753],[-58.91181,-51.90319],[-58.89323,-51.91009],[-58.88297,-51.9083],[-58.89422,-51.92677],[-58.8416,-51.93297],[-58.85347,-51.93616],[-58.85516,-51.94076],[-58.86224,-51.94459],[-58.8623,-51.94661],[-58.83289,-51.93428],[-58.80465,-51.94825],[-58.81604,-51.95101],[-58.80102,-51.95524],[-58.80759,-51.95992],[-58.80647,-51.96343],[-58.79537,-51.95303],[-58.76912,-51.95619],[-58.78016,-51.96186],[-58.76306,-51.97092],[-58.76736,-51.98753],[-58.75279,-51.97263],[-58.76256,-51.96197],[-58.7412,-51.95985],[-58.74431,-51.95228],[-58.72492,-51.96706],[-58.72565,-51.9515],[-58.6993,-51.95249],[-58.69314,-51.97351],[-58.67648,-51.95956],[-58.65236,-51.96159],[-58.64841,-51.97544],[-58.62625,-51.96554],[-58.62635,-51.98253],[-58.61396,-51.97497],[-58.60519,-51.9833],[-58.62286,-51.98925],[-58.60207,-51.99085],[-58.63153,-52.006],[-58.58606,-52.01503],[-58.68801,-52.02376],[-58.67243,-52.04103],[-58.66531,-52.03096],[-58.64597,-52.03608],[-58.63586,-52.05115],[-58.66301,-52.05472],[-58.64471,-52.09116],[-58.65346,-52.10143],[-58.63914,-52.11095],[-58.65547,-52.11714],[-58.65963,-52.14148],[-58.66876,-52.12232],[-58.6935,-52.12305],[-58.67471,-52.09586],[-58.70148,-52.08769],[-58.7053,-52.0687],[-58.72046,-52.06382],[-58.73837,-52.07944],[-58.73622,-52.05011],[-58.78037,-52.04754],[-58.82258,-52.02394],[-58.81373,-52.05678],[-58.85729,-52.05333],[-58.86734,-52.04212],[-58.87832,-52.04657],[-58.8803,-52.04242],[-58.89043,-52.04021],[-58.89564,-52.03449],[-58.89634,-52.03419],[-58.89704,-52.03438],[-58.89024,-52.04879],[-58.86776,-52.05703],[-58.87283,-52.07429],[-58.85975,-52.08456],[-58.88702,-52.07464],[-58.92821,-52.11736],[-58.95284,-52.06051],[-58.98865,-52.09752],[-59.00463,-52.04604],[-58.98486,-52.04513],[-59.01817,-52.04391],[-59.01555,-52.0203],[-59.059,-52.04306],[-59.07336,-52.01548],[-59.1008,-52.03044],[-59.11748,-52.01641],[-59.11043,-52.00177],[-59.13817,-51.99739],[-59.13407,-51.98244],[-59.13678,-51.97714],[-59.15447,-51.99631],[-59.17809,-51.97609],[-59.18954,-51.97225],[-59.15749,-51.9994],[-59.17093,-52.01289],[-59.23893,-52.01098],[-59.24629,-51.9983],[-59.27867,-51.99043],[-59.26998,-52.00349],[-59.28154,-52.0118],[-59.31891,-52.01306],[-59.28602,-52.01357],[-59.29459,-52.02928],[-59.26576,-52.00682],[-59.18845,-52.02822],[-59.19068,-52.04418],[-59.23558,-52.05381],[-59.19877,-52.05262],[-59.19065,-52.06519],[-59.2127,-52.0808],[-59.17126,-52.05648],[-59.16578,-52.06387],[-59.13894,-52.03471],[-59.14476,-52.06333],[-59.13642,-52.05588],[-59.09975,-52.07949],[-59.17843,-52.09176],[-59.1778,-52.10269],[-59.15667,-52.0952],[-59.14925,-52.1086],[-59.13333,-52.09414],[-59.115,-52.10953],[-59.06798,-52.10295],[-59.07359,-52.11769],[-59.10222,-52.12623],[-59.116,-52.11817],[-59.13817,-52.13981],[-59.14928,-52.13791],[-59.18008,-52.14513],[-59.16141,-52.14305],[-59.1715,-52.15367],[-59.15965,-52.14432],[-59.14352,-52.14367],[-59.15787,-52.16214],[-59.11047,-52.13547],[-59.10165,-52.14898],[-59.11868,-52.16514],[-59.07339,-52.13712],[-59.02383,-52.14408],[-59.02546,-52.15607],[-59.0465,-52.15823],[-59.04103,-52.16658],[-59.07347,-52.16913],[-59.05955,-52.18105],[-59.08705,-52.18087],[-59.10385,-52.1982],[-59.08922,-52.19667],[-59.09234,-52.21466],[-59.07171,-52.19879],[-59.02311,-52.20455],[-59.05461,-52.2189],[-59.05059,-52.23548],[-59.02649,-52.23115],[-59.05428,-52.2425],[-59.01137,-52.25561],[-59.06817,-52.24372],[-59.06398,-52.23304],[-59.10496,-52.24197],[-59.12846,-52.22219],[-59.15047,-52.22465],[-59.15753,-52.21019],[-59.19979,-52.20328],[-59.22301,-52.22643],[-59.24118,-52.219],[-59.23628,-52.21135],[-59.25945,-52.19128],[-59.24615,-52.18836],[-59.24781,-52.17392],[-59.26599,-52.17617],[-59.26774,-52.1636],[-59.28335,-52.17119],[-59.29813,-52.16267],[-59.31372,-52.18461],[-59.32556,-52.17947],[-59.29219,-52.14051],[-59.35046,-52.1604],[-59.36785,-52.11097],[-59.37103,-52.1447],[-59.39532,-52.13778],[-59.39189,-52.129],[-59.40472,-52.11616],[-59.41129,-52.11614],[-59.40112,-52.14856],[-59.3825,-52.15805],[-59.41476,-52.16137],[-59.41505,-52.14155],[-59.45508,-52.12477],[-59.44139,-52.13458],[-59.4543,-52.14002],[-59.43767,-52.14025],[-59.43564,-52.15263],[-59.491,-52.16627],[-59.4534,-52.16114],[-59.39858,-52.17987],[-59.40623,-52.18716],[-59.42191,-52.18102],[-59.46627,-52.19608],[-59.42313,-52.19286],[-59.46146,-52.22448],[-59.40849,-52.20422],[-59.405,-52.21325],[-59.43311,-52.22311],[-59.417,-52.2208],[-59.434,-52.24386],[-59.37788,-52.20512],[-59.36361,-52.21454],[-59.33,-52.21127],[-59.38782,-52.22638],[-59.34356,-52.23839],[-59.34181,-52.25372],[-59.41466,-52.28399],[-59.3459,-52.26882],[-59.3389,-52.2875],[-59.37475,-52.29265],[-59.38778,-52.30428],[-59.38435,-52.31853],[-59.33544,-52.3352],[-59.33381,-52.34654],[-59.30686,-52.32776],[-59.29782,-52.3325],[-59.30945,-52.35094],[-59.36408,-52.35937],[-59.36718,-52.34848],[-59.39179,-52.34596],[-59.3702,-52.34285],[-59.37352,-52.33409],[-59.42591,-52.33115],[-59.40702,-52.32589],[-59.4149,-52.31027],[-59.49771,-52.31189],[-59.47832,-52.2754],[-59.51091,-52.27367],[-59.49278,-52.26427],[-59.51478,-52.25494],[-59.50861,-52.24284],[-59.54654,-52.25985],[-59.56255,-52.25149],[-59.583,-52.26023],[-59.5938,-52.24817],[-59.5532,-52.20411],[-59.63019,-52.20957],[-59.6138,-52.1884],[-59.646,-52.18239],[-59.62422,-52.17439],[-59.64354,-52.15973],[-59.66153,-52.16931],[-59.69126,-52.1368],[-59.70275,-52.1424],[-59.73656,-52.12478],[-59.70706,-52.10757],[-59.73155,-52.09713],[-59.70495,-52.09521],[-59.68517,-52.10898],[-59.66843,-52.10075],[-59.67987,-52.12429],[-59.66197,-52.12712],[-59.64044,-52.1117],[-59.63882,-52.12861],[-59.61175,-52.12371],[-59.61364,-52.10647],[-59.64074,-52.08404],[-59.61472,-52.07912],[-59.61619,-52.09123],[-59.60394,-52.093],[-59.55051,-52.0677],[-59.61375,-52.0486],[-59.62005,-52.03409],[-59.59073,-52.02987],[-59.64548,-52.01816],[-59.65394,-52.00582],[-59.54564,-52.00516],[-59.58859,-51.99936],[-59.60959,-51.9779],[-59.62357,-51.97955],[-59.62139,-51.96852],[-59.64825,-51.96513],[-59.60954,-51.96887],[-59.59594,-51.98535],[-59.51946,-51.97281],[-59.52766,-51.96908],[-59.51835,-51.96228],[-59.5539,-51.96354],[-59.56194,-51.95139],[-59.57688,-51.96026],[-59.61472,-51.95062],[-59.61034,-51.9181],[-59.59146,-51.90439],[-59.57114,-51.9134],[-59.57396,-51.92293],[-59.53876,-51.93121],[-59.52837,-51.92312],[-59.51668,-51.93875],[-59.49772,-51.93763],[-59.50518,-51.92408],[-59.4701,-51.92837],[-59.47477,-51.91638],[-59.52762,-51.90295],[-59.52696,-51.88453],[-59.53804,-51.88197],[-59.52107,-51.87141],[-59.49895,-51.89428],[-59.4421,-51.89162],[-59.48681,-51.88456],[-59.45862,-51.86568],[-59.5154,-51.85765],[-59.49587,-51.84895],[-59.50475,-51.84463],[-59.49747,-51.83573],[-59.44862,-51.82387],[-59.45545,-51.84728],[-59.41079,-51.81293],[-59.40351,-51.82472],[-59.41457,-51.84014],[-59.39312,-51.83327],[-59.3987,-51.84257],[-59.37858,-51.85931],[-59.37725,-51.83326],[-59.35369,-51.82732],[-59.36116,-51.80006],[-59.3499,-51.78783],[-59.32702,-51.79564],[-59.32457,-51.81082],[-59.30347,-51.79084],[-59.29052,-51.79299],[-59.30172,-51.80777],[-59.2925,-51.79644],[-59.27221,-51.79838],[-59.29153,-51.7766],[-59.30226,-51.78078],[-59.30533,-51.76042],[-59.2693,-51.74334],[-59.25378,-51.75854],[-59.2625,-51.76625],[-59.24888,-51.76666],[-59.23905,-51.75231],[-59.25321,-51.7498],[-59.24887,-51.73548],[-59.21458,-51.71734],[-59.22463,-51.76488],[-59.21613,-51.76312],[-59.1979,-51.72199],[-59.17444,-51.7451],[-59.16707,-51.74359],[-59.18012,-51.73373],[-59.1576,-51.7211],[-59.15848,-51.70754],[-59.12574,-51.69707],[-59.10447,-51.70546],[-59.08661,-51.69094],[-59.05403,-51.69167],[-59.04331,-51.71241],[-59.05907,-51.72245],[-59.04028,-51.74175],[-59.05314,-51.74499],[-59.03422,-51.74524],[-59.05242,-51.75335],[-59.02958,-51.75571],[-59.02532,-51.76793],[-59.03235,-51.7791],[-59.04477,-51.77331],[-59.07135,-51.78466],[-59.04366,-51.7862],[-59.02921,-51.80942],[-59.04595,-51.81182],[-59.04941,-51.82699],[-59.02181,-51.83078],[-59.03367,-51.82597],[-59.02942,-51.8164],[-59.00922,-51.82387],[-59.01349,-51.81416],[-58.98553,-51.80146],[-58.98429,-51.78513],[-58.97645,-51.78841],[-58.94942,-51.77394],[-58.97875,-51.78455],[-59.00508,-51.77448],[-59.00199,-51.76274],[-58.99294,-51.77219],[-58.98658,-51.76819],[-59.00355,-51.75958],[-58.99611,-51.74869],[-59.007,-51.74881],[-59.00852,-51.71113],[-59.02591,-51.71202],[-59.02356,-51.71839],[-59.0241,-51.72722],[-59.04095,-51.69867],[-59.01877,-51.6877],[-59.03502,-51.6783],[-59.03435,-51.67701],[-59.01697,-51.67785],[-59.01949,-51.68129],[-59.01076,-51.68722],[-59.00524,-51.68918],[-59.0066,-51.68142],[-59.02493,-51.67191],[-58.99675,-51.68586],[-58.99807,-51.67613],[-59.04836,-51.6532],[-58.97964,-51.67597],[-58.97718,-51.67065],[-59.04256,-51.6425],[-59.07363,-51.64397],[-59.10827,-51.61286],[-59.17886,-51.5844],[-59.11311,-51.52885],[-59.12833,-51.49622],[-59.08684,-51.52913],[-59.07326,-51.55448],[-59.07977,-51.56812],[-59.06563,-51.57226],[-59.07758,-51.58339],[-59.07737,-51.58817],[-59.05921,-51.57987],[-59.04179,-51.60091],[-59.01434,-51.6059],[-59.03736,-51.59037],[-59.02912,-51.57728],[-59.05033,-51.57446],[-59.03736,-51.57268],[-59.04543,-51.56012],[-59.02674,-51.5611],[-59.06532,-51.51971],[-59.04527,-51.50498],[-58.92493,-51.52184],[-58.94003,-51.54053],[-58.93503,-51.54559],[-58.93015,-51.53209],[-58.91526,-51.53009],[-58.91644,-51.52442],[-58.87821,-51.53202],[-58.85038,-51.52124],[-58.8562,-51.51124],[-58.84346,-51.51559],[-58.85748,-51.51038],[-58.85366,-51.52078],[-58.8796,-51.53038],[-58.8991,-51.52156],[-58.92005,-51.52174],[-58.92016,-51.52745],[-58.92513,-51.51903],[-58.94846,-51.51649],[-58.95174,-51.50814],[-59.00264,-51.50436],[-59.09497,-51.46778],[-59.11488,-51.47912],[-59.14455,-51.46149],[-59.13954,-51.44322],[-59.11568,-51.4369],[-59.09654,-51.40995],[-59.05011,-51.43305],[-58.9799,-51.42648],[-58.98191,-51.44348],[-58.96156,-51.44479],[-58.96973,-51.42298],[-59.0209,-51.41908],[-58.99851,-51.4079],[-59.00559,-51.38522],[-58.86814,-51.37862],[-58.85903,-51.35388],[-58.91826,-51.31337],[-58.91734,-51.29724],[-58.96409,-51.26308],[-58.94769,-51.25602],[-58.97176,-51.23364],[-58.90464,-51.27553],[-58.74426,-51.31732],[-58.75052,-51.32297],[-58.72799,-51.33696],[-58.73013,-51.34828],[-58.72053,-51.3411],[-58.72535,-51.32572],[-58.7433,-51.32265],[-58.73777,-51.31419],[-58.67224,-51.3334],[-58.64101,-51.32294],[-58.62445,-51.35428],[-58.59605,-51.34829],[-58.59522,-51.36027],[-58.57894,-51.34742],[-58.57234,-51.36016],[-58.58165,-51.33996],[-58.56816,-51.32313],[-58.58308,-51.32647],[-58.58502,-51.3423],[-58.61757,-51.35068],[-58.63632,-51.31304],[-58.61038,-51.32132],[-58.58197,-51.29838],[-58.54623,-51.30319],[-58.52953,-51.29339],[-58.50711,-51.30914],[-58.4651,-51.29789],[-58.46548,-51.30919]]],[[[-59.19268,-51.39947],[-59.22333,-51.41615],[-59.29296,-51.43145],[-59.26661,-51.44517],[-59.28936,-51.45026],[-59.27192,-51.45813],[-59.28605,-51.45743],[-59.29343,-51.46079],[-59.29224,-51.46478],[-59.26673,-51.46214],[-59.20108,-51.43421],[-59.19892,-51.43537],[-59.28666,-51.4835],[-59.33508,-51.52511],[-59.34403,-51.51836],[-59.33044,-51.49296],[-59.36722,-51.4861],[-59.35381,-51.50769],[-59.37321,-51.49826],[-59.41684,-51.51278],[-59.45924,-51.52006],[-59.47931,-51.52646],[-59.48073,-51.52],[-59.4864,-51.51782],[-59.49665,-51.52021],[-59.47659,-51.5282],[-59.37688,-51.50254],[-59.35387,-51.50972],[-59.36655,-51.526],[-59.37138,-51.52127],[-59.40273,-51.53636],[-59.36805,-51.52761],[-59.38745,-51.54996],[-59.34643,-51.52104],[-59.33856,-51.52851],[-59.38578,-51.57963],[-59.38973,-51.60522],[-59.44027,-51.63411],[-59.48078,-51.63341],[-59.44146,-51.58529],[-59.5363,-51.64779],[-59.5334,-51.63297],[-59.49952,-51.60878],[-59.50225,-51.60195],[-59.59131,-51.66088],[-59.60385,-51.68717],[-59.54347,-51.64668],[-59.60751,-51.73095],[-59.63316,-51.74138],[-59.63683,-51.73186],[-59.6655,-51.74433],[-59.6195,-51.74381],[-59.63082,-51.75537],[-59.72655,-51.81352],[-59.72629,-51.80489],[-59.75377,-51.80558],[-59.76548,-51.81246],[-59.77269,-51.82011],[-59.7469,-51.81613],[-59.80721,-51.87217],[-59.78588,-51.86369],[-59.83585,-51.89841],[-59.85881,-51.96356],[-59.9003,-51.97965],[-59.91977,-51.96672],[-59.95719,-51.99253],[-60.00509,-52.00518],[-60.01867,-52.0],[-59.99672,-51.98183],[-60.01774,-51.96753],[-60.01042,-51.96632],[-60.00304,-51.97043],[-59.99814,-51.96931],[-60.01579,-51.95977],[-60.03846,-51.96957],[-60.0767,-51.96151],[-60.05589,-51.95163],[-60.05245,-51.94184],[-60.06656,-51.95008],[-60.07918,-51.93805],[-60.09175,-51.95508],[-60.08747,-51.96453],[-60.10343,-51.95952],[-60.10937,-51.96044],[-60.11338,-51.96548],[-60.11716,-51.96524],[-60.08782,-51.9708],[-60.09978,-51.9851],[-60.0871,-51.99674],[-60.10007,-52.00828],[-60.16245,-52.00376],[-60.23905,-52.01676],[-60.15924,-51.96476],[-60.22053,-51.99451],[-60.20729,-51.9803],[-60.24217,-51.99374],[-60.23549,-51.9837],[-60.22261,-51.98015],[-60.20775,-51.96801],[-60.2065,-51.96655],[-60.20572,-51.96271],[-60.26663,-51.99808],[-60.28495,-51.99119],[-60.27371,-52.00206],[-60.2905,-52.01508],[-60.29375,-52.00655],[-60.3267,-51.99741],[-60.33053,-51.9794],[-60.33067,-51.9943],[-60.33462,-51.99252],[-60.34233,-51.99495],[-60.35762,-52.00737],[-60.33492,-51.99351],[-60.32802,-52.00006],[-60.29728,-52.00997],[-60.31154,-52.00847],[-60.29217,-52.01701],[-60.29512,-52.02637],[-60.2845,-52.01762],[-60.27872,-52.03678],[-60.28873,-52.04636],[-60.2739,-52.0413],[-60.28251,-52.08201],[-60.26963,-52.0789],[-60.25803,-52.0239],[-60.24235,-52.01859],[-60.25651,-52.0286],[-60.26693,-52.09085],[-60.35496,-52.16212],[-60.38085,-52.15426],[-60.37619,-52.14181],[-60.3825,-52.1184],[-60.37554,-52.11891],[-60.37003,-52.11643],[-60.37662,-52.10752],[-60.34739,-52.11411],[-60.32789,-52.10138],[-60.40739,-52.09195],[-60.38091,-52.11252],[-60.3931,-52.13643],[-60.40859,-52.12022],[-60.45066,-52.1143],[-60.4583,-52.10277],[-60.50439,-52.11287],[-60.40458,-52.12485],[-60.4036,-52.13029],[-60.38415,-52.14331],[-60.38849,-52.1587],[-60.36556,-52.16612],[-60.37803,-52.17746],[-60.40725,-52.17321],[-60.41447,-52.14464],[-60.46519,-52.15977],[-60.44321,-52.16965],[-60.46628,-52.17857],[-60.47837,-52.1724],[-60.47336,-52.14966],[-60.49102,-52.1557],[-60.48583,-52.16634],[-60.5084,-52.15812],[-60.54349,-52.13084],[-60.54341,-52.11247],[-60.58597,-52.12608],[-60.55772,-52.13798],[-60.57651,-52.16447],[-60.54471,-52.13651],[-60.52415,-52.15513],[-60.53892,-52.15788],[-60.53513,-52.16721],[-60.51932,-52.15922],[-60.49003,-52.18064],[-60.51278,-52.17913],[-60.50577,-52.1879],[-60.52219,-52.1912],[-60.551,-52.18418],[-60.50311,-52.20272],[-60.57252,-52.23657],[-60.59501,-52.2349],[-60.60442,-52.25153],[-60.62247,-52.23234],[-60.61643,-52.25877],[-60.65275,-52.25907],[-60.68143,-52.23545],[-60.66648,-52.22275],[-60.69639,-52.21311],[-60.67319,-52.19981],[-60.63193,-52.21464],[-60.64207,-52.2078],[-60.63383,-52.2078],[-60.63126,-52.20493],[-60.66508,-52.19297],[-60.63255,-52.18318],[-60.62931,-52.17539],[-60.67209,-52.19242],[-60.69694,-52.17924],[-60.66786,-52.16426],[-60.66141,-52.15434],[-60.70444,-52.1735],[-60.70157,-52.1417],[-60.71751,-52.16044],[-60.74691,-52.14411],[-60.71568,-52.12979],[-60.66342,-52.14102],[-60.71282,-52.1179],[-60.71226,-52.10685],[-60.72338,-52.1076],[-60.71516,-52.10544],[-60.71587,-52.10311],[-60.72578,-52.10694],[-60.72418,-52.11587],[-60.7473,-52.12468],[-60.76495,-52.11001],[-60.81101,-52.11234],[-60.81467,-52.09794],[-60.85052,-52.10762],[-60.84458,-52.12754],[-60.79534,-52.14071],[-60.76979,-52.16784],[-60.71934,-52.17672],[-60.73118,-52.18125],[-60.71993,-52.18644],[-60.79948,-52.18943],[-60.82584,-52.17336],[-60.81156,-52.1627],[-60.81785,-52.1514],[-60.8594,-52.14608],[-60.85886,-52.12431],[-60.93366,-52.11671],[-60.947,-52.09025],[-60.97863,-52.08743],[-60.97361,-52.07804],[-60.99778,-52.07346],[-60.99869,-52.05726],[-61.02283,-52.04302],[-61.03044,-52.04599],[-61.01045,-52.0636],[-61.01279,-52.07535],[-61.04763,-52.07297],[-61.04309,-52.01361],[-61.07987,-52.01485],[-61.02408,-52.00761],[-61.00433,-52.0186],[-61.00449,-52.03995],[-60.97592,-52.0494],[-60.8967,-52.03709],[-60.89329,-52.05875],[-60.91752,-52.06779],[-60.8823,-52.07328],[-60.92014,-52.08329],[-60.87669,-52.0734],[-60.85655,-52.08517],[-60.80497,-52.0582],[-60.87052,-52.0709],[-60.89628,-52.02842],[-60.85963,-52.04203],[-60.7455,-52.01771],[-60.74802,-52.00105],[-60.79116,-52.00041],[-60.79119,-51.9898],[-60.82511,-52.00008],[-60.82104,-51.9872],[-60.83855,-51.98465],[-60.82676,-51.98333],[-60.82844,-51.97609],[-60.85647,-51.96462],[-60.84604,-51.95403],[-60.7453,-51.96172],[-60.75519,-51.97904],[-60.73129,-51.96259],[-60.70432,-51.96421],[-60.72835,-51.98556],[-60.70753,-51.98558],[-60.71182,-51.99833],[-60.73215,-52.00211],[-60.71226,-52.0051],[-60.72184,-52.01237],[-60.69181,-52.00413],[-60.70248,-51.97485],[-60.69051,-51.96995],[-60.68131,-52.01365],[-60.69675,-52.02018],[-60.67538,-52.03723],[-60.68979,-52.03941],[-60.68345,-52.04697],[-60.68619,-52.0405],[-60.64494,-52.04164],[-60.63907,-52.03776],[-60.67685,-52.03227],[-60.65366,-52.02256],[-60.6712,-52.01538],[-60.65395,-52.00904],[-60.66964,-52.004],[-60.67331,-51.97528],[-60.64928,-51.96883],[-60.624,-51.97868],[-60.63135,-51.98036],[-60.6401,-51.99399],[-60.63443,-51.99943],[-60.62805,-51.98116],[-60.57758,-51.98691],[-60.58803,-52.00549],[-60.60744,-52.00479],[-60.59494,-52.00827],[-60.60786,-52.02651],[-60.59218,-52.02473],[-60.58542,-52.0093],[-60.56775,-52.02316],[-60.5558,-52.02592],[-60.58085,-52.00592],[-60.57078,-51.98948],[-60.53663,-52.00265],[-60.54955,-52.00787],[-60.54499,-52.02727],[-60.53364,-52.00728],[-60.50736,-52.02418],[-60.52746,-52.00604],[-60.51912,-52.00347],[-60.57034,-51.98433],[-60.46124,-51.97204],[-60.43642,-51.95716],[-60.43565,-51.96697],[-60.39714,-51.92587],[-60.5428,-51.95426],[-60.56286,-51.93822],[-60.64835,-51.92627],[-60.62908,-51.91825],[-60.54891,-51.94141],[-60.50575,-51.93605],[-60.48485,-51.91162],[-60.49798,-51.90841],[-60.44998,-51.876],[-60.47777,-51.87238],[-60.44567,-51.85113],[-60.47773,-51.82536],[-60.45244,-51.79527],[-60.46031,-51.78787],[-60.41565,-51.77017],[-60.43732,-51.79038],[-60.42064,-51.79276],[-60.40735,-51.77264],[-60.40313,-51.78073],[-60.37463,-51.76495],[-60.38667,-51.77887],[-60.37253,-51.77073],[-60.37212,-51.78597],[-60.41777,-51.80238],[-60.41866,-51.82338],[-60.39942,-51.79902],[-60.40367,-51.80798],[-60.39107,-51.81154],[-60.37068,-51.79741],[-60.35671,-51.81528],[-60.37295,-51.81648],[-60.36924,-51.82738],[-60.38635,-51.84149],[-60.4092,-51.84132],[-60.39738,-51.84551],[-60.41746,-51.86816],[-60.38333,-51.84577],[-60.38373,-51.85588],[-60.3598,-51.85488],[-60.35053,-51.86675],[-60.35784,-51.86666],[-60.36402,-51.876],[-60.36855,-51.89042],[-60.36228,-51.87523],[-60.33791,-51.86913],[-60.34447,-51.85978],[-60.32696,-51.86535],[-60.34395,-51.85461],[-60.32731,-51.83273],[-60.33389,-51.81913],[-60.30416,-51.84042],[-60.27647,-51.83106],[-60.29521,-51.83054],[-60.29837,-51.81432],[-60.32848,-51.8047],[-60.29445,-51.77925],[-60.31872,-51.77932],[-60.32044,-51.76834],[-60.33141,-51.77974],[-60.32384,-51.76079],[-60.26729,-51.74896],[-60.28449,-51.76075],[-60.27249,-51.76568],[-60.28082,-51.77171],[-60.25564,-51.76522],[-60.26954,-51.77862],[-60.25852,-51.78783],[-60.22749,-51.77296],[-60.22195,-51.77696],[-60.21819,-51.78857],[-60.21372,-51.79288],[-60.18167,-51.74586],[-60.18992,-51.7208],[-60.18119,-51.70937],[-60.19472,-51.70068],[-60.24752,-51.69631],[-60.2894,-51.72107],[-60.31081,-51.71515],[-60.31806,-51.69646],[-60.34266,-51.71714],[-60.36084,-51.71088],[-60.38232,-51.71745],[-60.38851,-51.73139],[-60.37152,-51.73123],[-60.37585,-51.74329],[-60.35847,-51.75608],[-60.41088,-51.74512],[-60.44285,-51.77114],[-60.47591,-51.77474],[-60.47968,-51.75973],[-60.49932,-51.77003],[-60.52168,-51.7607],[-60.55035,-51.77837],[-60.53523,-51.78451],[-60.55292,-51.79778],[-60.52462,-51.79403],[-60.53966,-51.80748],[-60.57112,-51.79931],[-60.5614,-51.77222],[-60.59165,-51.77527],[-60.64124,-51.72826],[-60.66325,-51.68471],[-60.65021,-51.66725],[-60.61091,-51.69637],[-60.61647,-51.67615],[-60.52114,-51.7125],[-60.36767,-51.67146],[-60.28696,-51.68063],[-60.23123,-51.65664],[-60.16947,-51.69204],[-60.1003,-51.70668],[-60.08667,-51.72322],[-60.08191,-51.71782],[-60.05733,-51.72959],[-60.02496,-51.7355],[-59.99164,-51.7338],[-59.98164,-51.74125],[-59.97415,-51.7419],[-59.98966,-51.73226],[-60.02045,-51.73449],[-60.08634,-51.71363],[-60.09408,-51.69996],[-60.0426,-51.70518],[-60.02551,-51.69925],[-60.07077,-51.68872],[-60.07256,-51.70073],[-60.09425,-51.69841],[-60.07545,-51.6951],[-60.0779,-51.68084],[-60.08936,-51.69137],[-60.09442,-51.68174],[-60.08568,-51.67194],[-60.08398,-51.66036],[-60.09248,-51.67779],[-60.09925,-51.67127],[-60.10572,-51.67034],[-60.13573,-51.6835],[-60.18353,-51.66537],[-60.22296,-51.63073],[-60.25881,-51.62561],[-60.22143,-51.62003],[-60.23164,-51.60882],[-60.27385,-51.61013],[-60.30499,-51.59772],[-60.30822,-51.58002],[-60.28489,-51.57915],[-60.26561,-51.57357],[-60.25884,-51.56055],[-60.2694,-51.57368],[-60.3138,-51.57742],[-60.29697,-51.56095],[-60.29985,-51.55888],[-60.29391,-51.55904],[-60.28998,-51.55344],[-60.321,-51.54516],[-60.32811,-51.52533],[-60.32599,-51.54162],[-60.34679,-51.54],[-60.3498,-51.54443],[-60.30201,-51.5615],[-60.33293,-51.58106],[-60.39797,-51.5676],[-60.3862,-51.54904],[-60.39042,-51.54401],[-60.406,-51.56213],[-60.43255,-51.54155],[-60.48744,-51.53225],[-60.48484,-51.5428],[-60.49503,-51.54007],[-60.51371,-51.52671],[-60.5031,-51.52275],[-60.515,-51.50971],[-60.50864,-51.50014],[-60.48208,-51.4906],[-60.38717,-51.50488],[-60.38247,-51.48655],[-60.42098,-51.45664],[-60.4483,-51.45388],[-60.45508,-51.4377],[-60.52073,-51.4517],[-60.6001,-51.43956],[-60.6166,-51.42001],[-60.65036,-51.41448],[-60.62837,-51.40377],[-60.6313,-51.37641],[-60.64528,-51.3789],[-60.66475,-51.36082],[-60.61031,-51.36031],[-60.66434,-51.3402],[-60.56482,-51.36529],[-60.57095,-51.37327],[-60.5231,-51.37361],[-60.51494,-51.3855],[-60.45114,-51.40169],[-60.45458,-51.41194],[-60.44608,-51.40316],[-60.40553,-51.41958],[-60.35793,-51.45431],[-60.24438,-51.49402],[-60.20043,-51.49828],[-60.16469,-51.48298],[-60.15555,-51.487],[-60.17135,-51.49014],[-60.16771,-51.50006],[-60.13095,-51.50724],[-60.12333,-51.49766],[-60.13407,-51.49504],[-60.11343,-51.49696],[-60.10654,-51.50466],[-60.08118,-51.48408],[-60.0524,-51.49346],[-60.03941,-51.47952],[-59.97242,-51.47556],[-60.01536,-51.45383],[-60.09142,-51.45086],[-60.10005,-51.43822],[-60.06763,-51.42097],[-60.08119,-51.408],[-60.03045,-51.41598],[-60.05164,-51.38821],[-60.00893,-51.38057],[-59.983,-51.38838],[-60.02005,-51.40337],[-60.00221,-51.42158],[-59.97974,-51.42617],[-59.98372,-51.41051],[-59.9647,-51.4111],[-59.95958,-51.3953],[-59.91622,-51.39661],[-59.90245,-51.3916],[-59.91634,-51.38381],[-59.89113,-51.38183],[-59.85991,-51.39152],[-59.9006,-51.39544],[-59.87354,-51.40057],[-59.90849,-51.4029],[-59.88831,-51.40697],[-59.90053,-51.41496],[-59.89888,-51.4235],[-59.89066,-51.41074],[-59.8208,-51.39524],[-59.81024,-51.39621],[-59.8752,-51.41349],[-59.77063,-51.42049],[-59.76965,-51.41489],[-59.75769,-51.40556],[-59.76031,-51.41446],[-59.73027,-51.42093],[-59.77047,-51.43079],[-59.77694,-51.44817],[-59.77835,-51.43062],[-59.84145,-51.44354],[-59.81363,-51.44352],[-59.8165,-51.45542],[-59.75767,-51.4498],[-59.73342,-51.46063],[-59.63488,-51.43709],[-59.62664,-51.46859],[-59.61895,-51.43476],[-59.57357,-51.43433],[-59.52153,-51.39981],[-59.4902,-51.39564],[-59.49532,-51.4047],[-59.48244,-51.41477],[-59.54192,-51.44],[-59.5478,-51.43705],[-59.58849,-51.44471],[-59.60121,-51.44208],[-59.6068,-51.445],[-59.52042,-51.48081],[-59.5416,-51.4531],[-59.54288,-51.44216],[-59.46749,-51.46465],[-59.43943,-51.44706],[-59.38466,-51.43945],[-59.39908,-51.42112],[-59.4768,-51.40467],[-59.43629,-51.38879],[-59.44952,-51.35215],[-59.39808,-51.36757],[-59.41483,-51.33776],[-59.38124,-51.33798],[-59.35832,-51.35939],[-59.24063,-51.3895],[-59.22842,-51.40206],[-59.19268,-51.39947]]],[[[-60.86292,-51.76424],[-60.86525,-51.8161],[-60.88165,-51.82216],[-60.88123,-51.87715],[-60.89774,-51.88354],[-60.87185,-51.89024],[-60.91554,-51.89633],[-60.90944,-51.91125],[-60.87011,-51.90109],[-60.87045,-51.91677],[-60.8883,-51.92146],[-60.89109,-51.93723],[-60.9255,-51.93673],[-60.89683,-51.95181],[-60.9666,-51.96474],[-60.97519,-51.98385],[-60.99499,-51.98935],[-61.03131,-51.96552],[-61.05704,-51.96663],[-61.03788,-51.9582],[-61.07381,-51.9418],[-61.03894,-51.92563],[-61.06712,-51.93584],[-61.08011,-51.93098],[-61.08016,-51.91566],[-61.09851,-51.93187],[-61.11045,-51.92354],[-61.10101,-51.90099],[-61.13752,-51.90407],[-61.1183,-51.88046],[-61.1364,-51.88088],[-61.13383,-51.85962],[-61.09915,-51.85912],[-61.09374,-51.84798],[-61.1657,-51.84709],[-61.16605,-51.83079],[-61.15049,-51.83788],[-61.13138,-51.82507],[-61.14071,-51.81903],[-61.10201,-51.80895],[-61.09347,-51.81681],[-61.11708,-51.83695],[-61.09164,-51.82428],[-61.03864,-51.84522],[-61.06385,-51.8256],[-61.04847,-51.81005],[-61.03373,-51.81513],[-61.04446,-51.79955],[-61.02935,-51.77904],[-60.97484,-51.77919],[-60.98834,-51.80541],[-60.93948,-51.80274],[-60.94088,-51.81979],[-60.96308,-51.81534],[-60.96409,-51.82844],[-61.03469,-51.85889],[-61.02873,-51.87226],[-61.04098,-51.87777],[-61.05183,-51.89024],[-61.01315,-51.86976],[-60.95486,-51.86619],[-60.95012,-51.84284],[-60.93507,-51.8513],[-60.91918,-51.83159],[-60.90236,-51.85586],[-60.90554,-51.83086],[-60.8757,-51.8055],[-60.891,-51.81159],[-60.91109,-51.79004],[-60.91045,-51.77192],[-60.89077,-51.77166],[-60.90049,-51.76229],[-60.86292,-51.76424]]],[[[-60.04581,-51.33623],[-60.0823,-51.3623],[-60.07679,-51.37354],[-60.08855,-51.37068],[-60.07972,-51.38234],[-60.10735,-51.37939],[-60.09891,-51.38446],[-60.12714,-51.39569],[-60.10829,-51.40445],[-60.17125,-51.3981],[-60.19745,-51.40581],[-60.1995,-51.39611],[-60.26524,-51.41305],[-60.31609,-51.38921],[-60.27506,-51.39709],[-60.28492,-51.3694],[-60.24062,-51.35964],[-60.2347,-51.33761],[-60.1686,-51.38095],[-60.18422,-51.38341],[-60.17589,-51.39653],[-60.13842,-51.39148],[-60.14658,-51.38121],[-60.12832,-51.38764],[-60.12111,-51.36221],[-60.15111,-51.36371],[-60.13939,-51.36078],[-60.14646,-51.35231],[-60.20045,-51.34362],[-60.24103,-51.30785],[-60.28559,-51.30432],[-60.31938,-51.28364],[-60.32603,-51.2635],[-60.28596,-51.26219],[-60.26511,-51.27083],[-60.24808,-51.30051],[-60.1851,-51.31506],[-60.0857,-51.30375],[-60.09094,-51.31086],[-60.06127,-51.31631],[-60.09529,-51.32807],[-60.04581,-51.33623]]],[[[-59.47278,-51.30225],[-59.42439,-51.33812],[-59.45942,-51.32777],[-59.4793,-51.30267],[-59.47207,-51.31934],[-59.48534,-51.33258],[-59.46142,-51.35109],[-59.58626,-51.34378],[-59.61949,-51.30509],[-59.68036,-51.29415],[-59.71814,-51.30254],[-59.72094,-51.28939],[-59.72752,-51.30054],[-59.83788,-51.26435],[-59.76505,-51.24804],[-59.7437,-51.2649],[-59.72648,-51.25703],[-59.72573,-51.26843],[-59.69613,-51.27273],[-59.60317,-51.2613],[-59.58753,-51.26976],[-59.601,-51.27622],[-59.60121,-51.28969],[-59.58808,-51.28341],[-59.60053,-51.30534],[-59.58245,-51.31174],[-59.54365,-51.2998],[-59.5529,-51.29106],[-59.53863,-51.28609],[-59.54941,-51.27807],[-59.51532,-51.2858],[-59.51777,-51.27504],[-59.49872,-51.27399],[-59.47374,-51.28406],[-59.47278,-51.30225]]],[[[-58.42488,-51.99307],[-58.40379,-52.01444],[-58.41883,-52.02371],[-58.45508,-52.00811],[-58.44538,-52.01787],[-58.459,-52.01855],[-58.43982,-52.02815],[-58.47017,-52.02722],[-58.45905,-52.03379],[-58.46565,-52.04023],[-58.44626,-52.04096],[-58.43477,-52.02327],[-58.42302,-52.02661],[-58.44207,-52.0476],[-58.42549,-52.06695],[-58.43382,-52.08812],[-58.41383,-52.09709],[-58.42928,-52.10277],[-58.46693,-52.09441],[-58.44428,-52.087],[-58.44619,-52.07542],[-58.47443,-52.08481],[-58.48101,-52.07065],[-58.52927,-52.05889],[-58.51332,-52.05547],[-58.52476,-52.03625],[-58.5542,-52.02706],[-58.53354,-52.01033],[-58.51231,-52.01598],[-58.5243,-52.01004],[-58.49063,-51.99674],[-58.4698,-52.00305],[-58.48414,-51.98942],[-58.44925,-51.99517],[-58.4465,-52.00553],[-58.41756,-52.00299],[-58.42488,-51.99307]]],[[[-59.69381,-52.21772],[-59.67015,-52.22215],[-59.68948,-52.22906],[-59.68221,-52.24473],[-59.7176,-52.26666],[-59.73053,-52.26171],[-59.73604,-52.29267],[-59.74713,-52.29605],[-59.76214,-52.2667],[-59.76067,-52.24978],[-59.73962,-52.24481],[-59.75401,-52.22908],[-59.73973,-52.22284],[-59.74166,-52.19134],[-59.76133,-52.17911],[-59.78625,-52.1853],[-59.79155,-52.17051],[-59.80826,-52.16858],[-59.77941,-52.13964],[-59.77001,-52.17328],[-59.69916,-52.16751],[-59.6853,-52.18138],[-59.69381,-52.21772]]],[[[-61.19991,-51.81922],[-61.20975,-51.82994],[-61.23962,-51.82062],[-61.25337,-51.83183],[-61.22967,-51.84297],[-61.26452,-51.86154],[-61.20402,-51.85042],[-61.24004,-51.87876],[-61.34902,-51.8353],[-61.34735,-51.82425],[-61.32513,-51.81944],[-61.31249,-51.8218],[-61.30685,-51.81802],[-61.29762,-51.83055],[-61.30952,-51.80038],[-61.26958,-51.83162],[-61.25534,-51.8218],[-61.2658,-51.80867],[-61.23888,-51.81393],[-61.23898,-51.79576],[-61.19991,-51.81922]]],[[[-59.90311,-51.31267],[-59.90575,-51.32121],[-59.91655,-51.32652],[-59.93005,-51.31623],[-59.94974,-51.31725],[-59.9294,-51.32275],[-59.94571,-51.32976],[-59.92028,-51.33676],[-59.92878,-51.35591],[-59.94407,-51.35771],[-59.98873,-51.34518],[-60.04522,-51.30488],[-59.95585,-51.28161],[-59.9228,-51.31513],[-59.90311,-51.31267]]],[[[-59.68367,-52.30151],[-59.68956,-52.3153],[-59.71697,-52.31598],[-59.72154,-52.33587],[-59.75377,-52.34857],[-59.73562,-52.35957],[-59.76003,-52.38327],[-59.78678,-52.37723],[-59.78658,-52.36365],[-59.81646,-52.36141],[-59.78458,-52.34062],[-59.76365,-52.34378],[-59.7644,-52.31776],[-59.75114,-52.30873],[-59.74032,-52.31736],[-59.68367,-52.30151]]],[[[-58.82618,-52.13308],[-58.82905,-52.16099],[-58.85034,-52.17049],[-58.82626,-52.19916],[-58.83545,-52.2107],[-58.93579,-52.24319],[-59.00449,-52.24725],[-58.99016,-52.22272],[-58.96898,-52.23643],[-58.94904,-52.22435],[-58.93664,-52.23491],[-58.91474,-52.21377],[-58.85658,-52.2142],[-58.86318,-52.17745],[-58.82618,-52.13308]]],[[[-61.21201,-51.68987],[-61.21357,-51.70428],[-61.25606,-51.69974],[-61.23919,-51.71788],[-61.26986,-51.69848],[-61.29347,-51.70645],[-61.27967,-51.72151],[-61.30016,-51.72152],[-61.29217,-51.7277],[-61.30468,-51.73979],[-61.27519,-51.74534],[-61.29453,-51.76431],[-61.31625,-51.74676],[-61.30964,-51.72249],[-61.3331,-51.69262],[-61.27624,-51.69542],[-61.2611,-51.67623],[-61.24957,-51.69062],[-61.21201,-51.68987]]],[[[-59.74505,-51.33627],[-59.66032,-51.37061],[-59.68428,-51.3707],[-59.72227,-51.35662],[-59.74475,-51.38188],[-59.74616,-51.37117],[-59.7663,-51.36566],[-59.74396,-51.36407],[-59.783,-51.3521],[-59.81493,-51.36029],[-59.79504,-51.36243],[-59.80039,-51.37408],[-59.8319,-51.3594],[-59.78119,-51.34378],[-59.74964,-51.34824],[-59.7816,-51.32224],[-59.75177,-51.33346],[-59.75338,-51.32442],[-59.75028,-51.31867],[-59.74505,-51.33627]]],[[[-60.51048,-51.30429],[-60.52409,-51.3185],[-60.53643,-51.29642],[-60.58486,-51.28972],[-60.6064,-51.27026],[-60.59491,-51.25135],[-60.60278,-51.24307],[-60.51048,-51.30429]]],[[[-60.84962,-52.00346],[-60.85791,-52.01394],[-60.95075,-51.99587],[-60.9087,-51.98963],[-60.90304,-51.97891],[-60.8869,-51.9845],[-60.88108,-51.96315],[-60.85632,-51.974],[-60.86664,-51.98265],[-60.85379,-51.99382],[-60.87062,-52.0008],[-60.84962,-52.00346]]],[[[-61.04666,-51.07792],[-61.12693,-51.07235],[-61.13743,-51.06178],[-61.10944,-51.0489],[-61.13373,-51.02696],[-61.09088,-51.03453],[-61.07282,-51.06516],[-61.04666,-51.07792]]],[[[-59.57895,-51.78332],[-59.53586,-51.75671],[-59.55671,-51.77591],[-59.55916,-51.80613],[-59.62447,-51.80937],[-59.62581,-51.79019],[-59.57895,-51.78332]]],[[[-60.66635,-51.35041],[-60.70514,-51.38101],[-60.71752,-51.36941],[-60.71396,-51.35084],[-60.73591,-51.33564],[-60.72581,-51.327],[-60.68221,-51.34228],[-60.68272,-51.354],[-60.66635,-51.35041]]],[[[-59.66907,-51.97354],[-59.69647,-51.99179],[-59.70116,-51.9784],[-59.72034,-51.97947],[-59.70887,-51.96441],[-59.71486,-51.94199],[-59.69195,-51.93416],[-59.68124,-51.9452],[-59.70135,-51.95982],[-59.66907,-51.97354]]],[[[-59.65115,-52.36604],[-59.68539,-52.37636],[-59.7054,-52.39802],[-59.72887,-52.39784],[-59.74442,-52.3834],[-59.71992,-52.37934],[-59.7178,-52.36823],[-59.69234,-52.37587],[-59.66132,-52.34964],[-59.65115,-52.36604]]],[[[-59.10446,-52.42224],[-59.03643,-52.43213],[-59.12365,-52.44946],[-59.15255,-52.43757],[-59.10446,-52.42224]]],[[[-61.16688,-51.05476],[-61.19349,-51.05632],[-61.21348,-51.03597],[-61.24796,-51.02989],[-61.25803,-51.01047],[-61.16688,-51.05476]]],[[[-59.68544,-51.40278],[-59.72216,-51.42269],[-59.74007,-51.40666],[-59.71708,-51.38848],[-59.68758,-51.3903],[-59.69656,-51.39887],[-59.68544,-51.40278]]],[[[-60.6614,-51.65714],[-60.68913,-51.67541],[-60.68453,-51.62529],[-60.70017,-51.60374],[-60.6614,-51.65714]]],[[[-60.73308,-51.58462],[-60.80297,-51.58302],[-60.8186,-51.57076],[-60.76339,-51.57083],[-60.73308,-51.58462]]],[[[-59.71816,-52.0444],[-59.73131,-52.09392],[-59.74905,-52.0884],[-59.73883,-52.0594],[-59.71816,-52.0444]]],[[[-59.67229,-51.37417],[-59.59013,-51.3716],[-59.66641,-51.38515],[-59.67229,-51.37417]]],[[[-59.63821,-51.34775],[-59.64949,-51.35856],[-59.65085,-51.34407],[-59.6778,-51.34966],[-59.6654,-51.35755],[-59.69055,-51.35436],[-59.70512,-51.34988],[-59.71439,-51.33539],[-59.69724,-51.33221],[-59.70621,-51.34419],[-59.69315,-51.35011],[-59.67545,-51.3358],[-59.63821,-51.34775]]],[[[-61.16584,-51.87539],[-61.19623,-51.90546],[-61.21585,-51.91086],[-61.1891,-51.87525],[-61.16584,-51.87539]]],[[[-60.47115,-51.8348],[-60.47092,-51.85166],[-60.49294,-51.85852],[-60.5109,-51.83325],[-60.49967,-51.81989],[-60.49368,-51.83373],[-60.47115,-51.8348]]],[[[-59.90179,-51.23996],[-59.84097,-51.26309],[-59.88863,-51.25806],[-59.90179,-51.23996]]],[[[-59.60768,-51.40417],[-59.59803,-51.42674],[-59.64229,-51.41774],[-59.60768,-51.40417]]],[[[-60.84316,-51.19418],[-60.88013,-51.20923],[-60.94134,-51.21472],[-60.8815,-51.19911],[-60.84316,-51.19418]]],[[[-60.92016,-51.08792],[-60.86018,-51.12193],[-60.87242,-51.12387],[-60.92016,-51.08792]]],[[[-61.14832,-51.89438],[-61.15841,-51.90866],[-61.19425,-51.90979],[-61.16469,-51.89113],[-61.16467,-51.90568],[-61.14832,-51.89438]]],[[[-60.42105,-51.62359],[-60.44487,-51.62414],[-60.46136,-51.60714],[-60.43378,-51.6054],[-60.42105,-51.62359]]],[[[-60.37678,-51.14614],[-60.39469,-51.1545],[-60.44566,-51.15113],[-60.39706,-51.14266],[-60.37678,-51.14614]]],[[[-58.59844,-52.1379],[-58.61544,-52.15024],[-58.60911,-52.14037],[-58.62776,-52.13247],[-58.62465,-52.11267],[-58.59844,-52.1379]]],[[[-58.04282,-51.55989],[-58.07604,-51.56148],[-58.09548,-51.55304],[-58.08003,-51.54903],[-58.04282,-51.55989]]],[[[-60.82771,-51.15502],[-60.85505,-51.16964],[-60.87936,-51.17107],[-60.86282,-51.16824],[-60.8559,-51.15197],[-60.82771,-51.15502]]],[[[-58.43487,-51.9825],[-58.46937,-51.98514],[-58.4992,-51.97369],[-58.45072,-51.9824],[-58.44038,-51.97734],[-58.43487,-51.9825]]],[[[-59.62724,-51.76988],[-59.63553,-51.78481],[-59.6639,-51.799],[-59.66469,-51.79061],[-59.62724,-51.76988]]],[[[-59.82647,-51.36819],[-59.83424,-51.37922],[-59.87126,-51.37325],[-59.8614,-51.3664],[-59.82647,-51.36819]]],[[[-61.17122,-51.85402],[-61.18736,-51.8643],[-61.20616,-51.86601],[-61.19006,-51.844],[-61.17122,-51.85402]]],[[[-60.37075,-51.36885],[-60.38797,-51.37074],[-60.41277,-51.35732],[-60.38896,-51.35794],[-60.37075,-51.36885]]],[[[-59.5942,-51.86034],[-59.60825,-51.87793],[-59.62274,-51.86894],[-59.6075,-51.85908],[-59.5942,-51.86034]]],[[[-59.68012,-51.3788],[-59.67778,-51.38671],[-59.75419,-51.3881],[-59.68012,-51.3788]]],[[[-60.69346,-51.47448],[-60.69676,-51.48258],[-60.70351,-51.48387],[-60.73174,-51.46589],[-60.69346,-51.47448]]],[[[-58.51322,-51.90584],[-58.52301,-51.91393],[-58.55438,-51.89787],[-58.51951,-51.89784],[-58.53675,-51.90058],[-58.51322,-51.90584]]],[[[-60.48194,-51.55274],[-60.49143,-51.56988],[-60.50725,-51.55584],[-60.49324,-51.54818],[-60.48194,-51.55274]]],[[[-61.03864,-51.77649],[-61.06316,-51.79403],[-61.07547,-51.78683],[-61.06948,-51.78081],[-61.03864,-51.77649]]],[[[-60.46156,-52.21006],[-60.41459,-52.19999],[-60.45115,-52.22213],[-60.46156,-52.21006]]],[[[-58.35457,-51.99679],[-58.36936,-52.00902],[-58.39226,-51.99594],[-58.35457,-51.99679]]],[[[-58.70363,-52.12947],[-58.72064,-52.13948],[-58.73482,-52.12987],[-58.71314,-52.12575],[-58.70363,-52.12947]]],[[[-59.1972,-52.90163],[-59.18154,-52.89322],[-59.19555,-52.91999],[-59.1972,-52.90163]]],[[[-59.53839,-52.26733],[-59.54834,-52.28245],[-59.56101,-52.26306],[-59.53839,-52.26733]]],[[[-61.14041,-51.78259],[-61.13919,-51.79701],[-61.16308,-51.7942],[-61.1624,-51.78522],[-61.14041,-51.78259]]],[[[-58.17425,-51.80542],[-58.20347,-51.80847],[-58.22593,-51.80491],[-58.18594,-51.80208],[-58.17425,-51.80542]]],[[[-60.35161,-51.63062],[-60.34076,-51.64232],[-60.36162,-51.63761],[-60.35161,-51.63062]]],[[[-60.89069,-51.55675],[-60.85552,-51.56401],[-60.87531,-51.56805],[-60.89069,-51.55675]]],[[[-59.9176,-51.20844],[-59.8994,-51.22446],[-59.93658,-51.21541],[-59.9176,-51.20844]]],[[[-59.01573,-52.1446],[-58.98768,-52.13698],[-59.01368,-52.15048],[-59.01573,-52.1446]]],[[[-58.70296,-51.92447],[-58.7209,-51.93065],[-58.7096,-51.93627],[-58.73592,-51.93289],[-58.72469,-51.92939],[-58.73363,-51.92199],[-58.70296,-51.92447]]],[[[-58.45618,-51.95042],[-58.46429,-51.96211],[-58.4934,-51.95451],[-58.4717,-51.9536],[-58.45618,-51.95042]]],[[[-59.51704,-51.73321],[-59.51045,-51.74052],[-59.52882,-51.75123],[-59.51704,-51.73321]]],[[[-59.676,-51.88915],[-59.66321,-51.8945],[-59.68651,-51.89721],[-59.676,-51.88915]]],[[[-59.6572,-51.91393],[-59.63887,-51.93005],[-59.65149,-51.92735],[-59.6572,-51.91393]]],[[[-60.12513,-51.41402],[-60.10638,-51.42765],[-60.11403,-51.42888],[-60.15896,-51.4136],[-60.12513,-51.41402]]],[[[-59.68199,-52.01626],[-59.66909,-52.02746],[-59.68859,-52.02175],[-59.68199,-52.01626]]],[[[-60.21397,-51.77569],[-60.22869,-51.76892],[-60.22355,-51.75655],[-60.21856,-51.76132],[-60.21397,-51.77569]]],[[[-60.99589,-52.00462],[-60.98952,-52.01985],[-60.99809,-52.02431],[-61.00512,-52.01265],[-60.99589,-52.00462]]],[[[-58.04902,-51.78754],[-58.06048,-51.79441],[-58.08705,-51.78817],[-58.07464,-51.78612],[-58.04902,-51.78754]]],[[[-60.51519,-51.48976],[-60.52502,-51.49983],[-60.53213,-51.49706],[-60.53196,-51.49094],[-60.51519,-51.48976]]],[[[-60.92397,-52.16189],[-60.90961,-52.17064],[-60.94003,-52.16911],[-60.92397,-52.16189]]],[[[-61.09477,-51.78544],[-61.10157,-51.79385],[-61.10977,-51.78038],[-61.10487,-51.78012],[-61.09477,-51.78544]]],[[[-59.64612,-51.38497],[-59.66765,-51.39161],[-59.66611,-51.39955],[-59.67481,-51.40468],[-59.67037,-51.3893],[-59.64612,-51.38497]]],[[[-59.83765,-51.34342],[-59.83852,-51.35674],[-59.85513,-51.34877],[-59.83765,-51.34342]]],[[[-60.76799,-52.13524],[-60.76654,-52.14723],[-60.78035,-52.13997],[-60.76799,-52.13524]]],[[[-59.66118,-51.98729],[-59.64477,-51.99431],[-59.66382,-51.99766],[-59.66118,-51.98729]]],[[[-59.31941,-52.23803],[-59.31616,-52.25247],[-59.32577,-52.25319],[-59.31941,-52.23803]]],[[[-58.38268,-52.01097],[-58.35082,-52.0174],[-58.37606,-52.01803],[-58.38268,-52.01097]]],[[[-59.89194,-51.36541],[-59.89683,-51.37855],[-59.90717,-51.37359],[-59.89194,-51.36541]]],[[[-60.96542,-52.01084],[-60.95655,-52.02263],[-60.97586,-52.02267],[-60.96542,-52.01084]]],[[[-60.83563,-51.56562],[-60.84819,-51.57679],[-60.84826,-51.56832],[-60.83563,-51.56562]]],[[[-60.73461,-51.12451],[-60.75162,-51.13394],[-60.7627,-51.12831],[-60.75516,-51.12953],[-60.73461,-51.12451]]],[[[-59.8578,-52.12559],[-59.84775,-52.13576],[-59.85779,-52.13567],[-59.8578,-52.12559]]],[[[-60.46107,-51.32858],[-60.47028,-51.34184],[-60.47382,-51.33353],[-60.46107,-51.32858]]],[[[-61.23087,-51.64843],[-61.23125,-51.66285],[-61.23761,-51.6488],[-61.23087,-51.64843]]],[[[-60.50013,-52.23423],[-60.46951,-52.22528],[-60.47491,-52.23161],[-60.50013,-52.23423]]],[[[-59.65695,-51.42222],[-59.64306,-51.40966],[-59.64478,-51.41842],[-59.65695,-51.42222]]],[[[-61.07489,-51.77682],[-61.08494,-51.78405],[-61.09101,-51.78012],[-61.08696,-51.77367],[-61.07489,-51.77682]]],[[[-61.11146,-51.79814],[-61.11795,-51.80694],[-61.12768,-51.80776],[-61.12119,-51.79299],[-61.11146,-51.79814]]],[[[-58.27615,-51.86948],[-58.25852,-51.87426],[-58.28614,-51.87125],[-58.2764,-51.86618],[-58.27615,-51.86948]]],[[[-61.32041,-51.806],[-61.31933,-51.81917],[-61.32706,-51.80809],[-61.32041,-51.806]]],[[[-58.89797,-52.44342],[-58.89742,-52.45002],[-58.91291,-52.44886],[-58.89797,-52.44342]]],[[[-59.07776,-52.06716],[-59.08154,-52.08027],[-59.0924,-52.07642],[-59.07776,-52.06716]]],[[[-58.3617,-51.53449],[-58.34898,-51.53592],[-58.36292,-51.54119],[-58.3617,-51.53449]]],[[[-59.85202,-52.02703],[-59.86172,-52.03246],[-59.85666,-52.02127],[-59.85202,-52.02703]]],[[[-58.678,-51.93769],[-58.64877,-51.94501],[-58.68586,-51.94426],[-58.678,-51.93769]]],[[[-59.21653,-51.59332],[-59.2043,-51.58378],[-59.2023,-51.58575],[-59.21653,-51.59332]]],[[[-59.67905,-51.42711],[-59.66399,-51.43496],[-59.67654,-51.43758],[-59.68088,-51.43699],[-59.67162,-51.43185],[-59.67905,-51.42711]]],[[[-60.70785,-52.1834],[-60.68666,-52.18999],[-60.71114,-52.18503],[-60.70785,-52.1834]]],[[[-59.72907,-51.3017],[-59.71361,-51.30841],[-59.7339,-51.31321],[-59.72907,-51.3017]]],[[[-59.25791,-52.20073],[-59.26581,-52.20787],[-59.27094,-52.20332],[-59.25791,-52.20073]]],[[[-61.07764,-51.79672],[-61.08447,-51.80365],[-61.09052,-51.79955],[-61.08692,-51.79585],[-61.07764,-51.79672]]],[[[-61.25835,-51.73452],[-61.25465,-51.74418],[-61.26493,-51.73943],[-61.25835,-51.73452]]],[[[-58.28604,-51.54012],[-58.27609,-51.54741],[-58.28521,-51.54807],[-58.28604,-51.54012]]],[[[-59.68758,-52.26474],[-59.67471,-52.26786],[-59.69421,-52.26944],[-59.68758,-52.26474]]],[[[-59.76176,-51.39165],[-59.75644,-51.39254],[-59.77652,-51.39499],[-59.76176,-51.39165]]],[[[-60.75329,-52.20059],[-60.74382,-52.19489],[-60.74254,-52.19602],[-60.75329,-52.20059]]],[[[-59.97335,-51.37766],[-59.95697,-51.37443],[-59.96379,-51.37942],[-59.97335,-51.37766]]],[[[-59.63708,-51.87945],[-59.62865,-51.88493],[-59.63594,-51.88861],[-59.63708,-51.87945]]],[[[-61.05659,-51.80074],[-61.06143,-51.81045],[-61.06895,-51.81002],[-61.06461,-51.80482],[-61.05659,-51.80074]]],[[[-59.77652,-51.85199],[-59.7508,-51.82978],[-59.75129,-51.83408],[-59.76788,-51.84879],[-59.77652,-51.85199]]],[[[-60.51405,-51.48219],[-60.49853,-51.4867],[-60.52011,-51.48407],[-60.51405,-51.48219]]],[[[-58.78311,-51.94715],[-58.75385,-51.94589],[-58.76296,-51.9492],[-58.78311,-51.94715]]],[[[-59.62646,-51.33766],[-59.61998,-51.3439],[-59.63351,-51.34479],[-59.62646,-51.33766]]],[[[-58.48355,-51.45498],[-58.49188,-51.45786],[-58.4963,-51.45562],[-58.49258,-51.44945],[-58.48355,-51.45498]]],[[[-59.66808,-52.03771],[-59.65102,-52.028],[-59.65991,-52.03782],[-59.66808,-52.03771]]],[[[-59.75905,-51.39525],[-59.74325,-51.39411],[-59.75534,-51.40501],[-59.75905,-51.39525]]],[[[-59.19509,-51.579],[-59.18296,-51.59087],[-59.1935,-51.58698],[-59.19509,-51.579]]],[[[-58.6522,-51.95233],[-58.65209,-51.95445],[-58.67101,-51.9519],[-58.66844,-51.94902],[-58.6522,-51.95233]]],[[[-59.71536,-51.43819],[-59.7102,-51.42843],[-59.71008,-51.43782],[-59.71536,-51.43819]]],[[[-59.07568,-51.48287],[-59.05924,-51.48492],[-59.09397,-51.48867],[-59.07568,-51.48287]]],[[[-58.94166,-51.85028],[-58.92916,-51.85843],[-58.9429,-51.85135],[-58.94166,-51.85028]]],[[[-61.24133,-51.66614],[-61.24013,-51.67245],[-61.24735,-51.66795],[-61.24133,-51.66614]]],[[[-59.87564,-52.12871],[-59.86765,-52.13552],[-59.87832,-52.1305],[-59.87564,-52.12871]]],[[[-59.01065,-52.08166],[-59.00047,-52.08195],[-59.00517,-52.0875],[-59.01065,-52.08166]]],[[[-58.93176,-51.86589],[-58.91884,-51.87205],[-58.94454,-51.8603],[-58.93176,-51.86589]]],[[[-61.15933,-51.0555],[-61.15402,-51.06235],[-61.16313,-51.05868],[-61.15933,-51.0555]]],[[[-60.48309,-52.1799],[-60.4777,-52.18622],[-60.48486,-52.18215],[-60.48309,-52.1799]]],[[[-60.30555,-51.64532],[-60.29874,-51.65037],[-60.30784,-51.64964],[-60.30555,-51.64532]]],[[[-59.85452,-51.33621],[-59.84603,-51.33697],[-59.86147,-51.34111],[-59.85452,-51.33621]]],[[[-57.75852,-51.6208],[-57.74214,-51.62521],[-57.76045,-51.62258],[-57.75852,-51.6208]]],[[[-61.10081,-52.00405],[-61.08972,-52.00525],[-61.10451,-52.00426],[-61.10081,-52.00405]]],[[[-59.00464,-52.44616],[-59.00271,-52.44039],[-58.99648,-52.44248],[-59.00464,-52.44616]]],[[[-61.20575,-51.80166],[-61.19813,-51.80008],[-61.20188,-51.80506],[-61.20575,-51.80166]]],[[[-58.60588,-51.97148],[-58.59638,-51.97626],[-58.60866,-51.97207],[-58.60588,-51.97148]]],[[[-58.80684,-52.1928],[-58.79928,-52.19499],[-58.80707,-52.1972],[-58.80684,-52.1928]]],[[[-58.49197,-51.98002],[-58.4822,-51.98244],[-58.50021,-51.98153],[-58.49197,-51.98002]]],[[[-59.55446,-51.66823],[-59.53811,-51.65885],[-59.5571,-51.67129],[-59.55446,-51.66823]]],[[[-60.98733,-51.85938],[-60.98022,-51.8593],[-60.9872,-51.86357],[-60.98733,-51.85938]]],[[[-61.20102,-51.80523],[-61.19036,-51.80324],[-61.19124,-51.80904],[-61.20102,-51.80523]]],[[[-61.21857,-51.83478],[-61.20961,-51.83967],[-61.22084,-51.8369],[-61.21857,-51.83478]]],[[[-58.90879,-51.86852],[-58.89976,-51.87337],[-58.91735,-51.86758],[-58.90879,-51.86852]]],[[[-61.21614,-51.87317],[-61.20208,-51.86947],[-61.20312,-51.87156],[-61.2081,-51.8738],[-61.21614,-51.87317]]],[[[-58.6077,-52.03551],[-58.60005,-52.03956],[-58.60929,-52.03699],[-58.6077,-52.03551]]],[[[-58.25328,-51.85411],[-58.24291,-51.85641],[-58.26097,-51.85593],[-58.25328,-51.85411]]],[[[-58.95559,-51.83591],[-58.95082,-51.83972],[-58.9607,-51.83636],[-58.95559,-51.83591]]],[[[-59.59262,-52.22583],[-59.59102,-52.23127],[-59.59766,-52.22839],[-59.59262,-52.22583]]],[[[-58.92404,-52.12053],[-58.91313,-52.12528],[-58.91986,-52.1259],[-58.92404,-52.12053]]],[[[-61.14432,-51.81004],[-61.14024,-51.81693],[-61.14822,-51.81111],[-61.14432,-51.81004]]],[[[-61.29644,-51.0071],[-61.30653,-51.00573],[-61.3139,-51.0],[-61.29644,-51.0071]],[[-61.30224,-51.0069],[-61.3018,-51.00693],[-61.30223,-51.00677],[-61.30224,-51.0069]],[[-61.30101,-51.00683],[-61.30143,-51.00655],[-61.30169,-51.00662],[-61.30101,-51.00683]]],[[[-58.86132,-52.1393],[-58.85125,-52.14271],[-58.86231,-52.14263],[-58.86132,-52.1393]]],[[[-58.08577,-51.53754],[-58.07619,-51.54286],[-58.09284,-51.53832],[-58.08577,-51.53754]]],[[[-59.76697,-51.37683],[-59.75943,-51.37236],[-59.75377,-51.37451],[-59.76697,-51.37683]]],[[[-61.16459,-51.86263],[-61.15642,-51.86814],[-61.16672,-51.86421],[-61.16459,-51.86263]]],[[[-58.30699,-51.42032],[-58.31038,-51.42885],[-58.31473,-51.4242],[-58.30699,-51.42032]]],[[[-60.85056,-51.25358],[-60.85072,-51.25911],[-60.85326,-51.2538],[-60.85056,-51.25358]]],[[[-59.65729,-51.34766],[-59.66103,-51.35411],[-59.66198,-51.35022],[-59.65729,-51.34766]]],[[[-60.9796,-51.05443],[-60.98493,-51.05342],[-60.98117,-51.04809],[-60.9796,-51.05443]]],[[[-59.06731,-51.67934],[-59.065,-51.68641],[-59.06987,-51.6802],[-59.06731,-51.67934]]],[[[-59.90591,-51.36549],[-59.89567,-51.36542],[-59.90909,-51.36816],[-59.90591,-51.36549]]],[[[-59.14346,-52.01224],[-59.1397,-52.0061],[-59.13719,-52.00779],[-59.14346,-52.01224]]],[[[-58.39806,-51.46416],[-58.38087,-51.46883],[-58.40053,-51.46686],[-58.39806,-51.46416]]],[[[-59.02392,-51.80417],[-59.01423,-51.8124],[-59.02624,-51.80714],[-59.02392,-51.80417]]],[[[-61.44486,-51.00072],[-61.45372,-51.00105],[-61.4589,-50.99726],[-61.45771,-50.99655],[-61.44486,-51.00072]]],[[[-60.52989,-51.86413],[-60.52421,-51.86622],[-60.53063,-51.86516],[-60.52989,-51.86413]]],[[[-60.7685,-51.3165],[-60.76538,-51.32325],[-60.76984,-51.32008],[-60.7685,-51.3165]]],[[[-60.81328,-51.11016],[-60.79959,-51.11767],[-60.81931,-51.10858],[-60.81328,-51.11016]]],[[[-60.87931,-51.93454],[-60.87356,-51.93193],[-60.87782,-51.93918],[-60.87931,-51.93454]]],[[[-60.9685,-51.98177],[-60.9667,-51.98783],[-60.97374,-51.98518],[-60.9685,-51.98177]]],[[[-58.94673,-51.83378],[-58.93695,-51.8383],[-58.93878,-51.84515],[-58.94673,-51.83378]]],[[[-60.46895,-52.20516],[-60.46961,-52.21428],[-60.47172,-52.20421],[-60.46895,-52.20516]]],[[[-59.07661,-51.68641],[-59.07977,-51.69027],[-59.08108,-51.68373],[-59.07661,-51.68641]]],[[[-58.79784,-51.90589],[-58.77469,-51.9078],[-58.78016,-51.90896],[-58.79784,-51.90589]]],[[[-59.65877,-51.90678],[-59.6493,-51.90859],[-59.66105,-51.91011],[-59.65877,-51.90678]]],[[[-59.67099,-51.33414],[-59.65666,-51.33449],[-59.66062,-51.33777],[-59.67099,-51.33414]]],[[[-60.77662,-52.19202],[-60.7692,-52.18953],[-60.76584,-52.18995],[-60.77132,-52.19389],[-60.77662,-52.19202]]],[[[-60.21213,-51.40734],[-60.20177,-51.40481],[-60.20564,-51.40694],[-60.21213,-51.40734]]],[[[-60.56481,-51.47455],[-60.56444,-51.47996],[-60.5686,-51.47625],[-60.56481,-51.47455]]],[[[-60.55582,-51.8172],[-60.54928,-51.8179],[-60.55503,-51.82048],[-60.55582,-51.8172]]],[[[-60.64574,-51.24227],[-60.6418,-51.24968],[-60.64693,-51.24407],[-60.64574,-51.24227]]],[[[-59.83112,-51.394],[-59.81203,-51.39319],[-59.83245,-51.39502],[-59.83112,-51.394]]],[[[-59.0365,-52.18961],[-59.03085,-52.19132],[-59.03854,-52.19349],[-59.0365,-52.18961]]],[[[-58.90259,-51.88765],[-58.89589,-51.88714],[-58.89303,-51.88962],[-58.90259,-51.88765]]],[[[-59.71848,-51.37089],[-59.70193,-51.37165],[-59.70164,-51.37241],[-59.71848,-51.37089]]],[[[-60.50613,-52.21344],[-60.50133,-52.20959],[-60.50126,-52.21243],[-60.50613,-52.21344]]],[[[-59.65252,-51.87256],[-59.64555,-51.87673],[-59.65855,-51.87659],[-59.65252,-51.87256]]],[[[-59.77514,-51.36614],[-59.77105,-51.364],[-59.76605,-51.36353],[-59.77514,-51.36614]]],[[[-58.95705,-51.84616],[-58.96278,-51.84747],[-58.97365,-51.84688],[-58.95886,-51.84503],[-58.95846,-51.84185],[-58.95705,-51.84616]]],[[[-59.84364,-52.15935],[-59.8355,-52.15505],[-59.8434,-52.16095],[-59.84364,-52.15935]]],[[[-59.88625,-51.38002],[-59.87337,-51.37492],[-59.87608,-51.37957],[-59.88625,-51.38002]]],[[[-60.64845,-52.20687],[-60.64404,-52.20476],[-60.64273,-52.20645],[-60.64845,-52.20687]]],[[[-58.8506,-51.89398],[-58.84651,-51.8975],[-58.85211,-51.89564],[-58.8506,-51.89398]]],[[[-58.9881,-52.44494],[-58.98247,-52.44275],[-58.98197,-52.44528],[-58.9881,-52.44494]]],[[[-58.31586,-51.39213],[-58.3158,-51.39654],[-58.32044,-51.39548],[-58.31586,-51.39213]]],[[[-58.95491,-51.84235],[-58.94626,-51.84463],[-58.94563,-51.84647],[-58.95491,-51.84235]]],[[[-58.52369,-51.99408],[-58.53058,-51.99808],[-58.53252,-51.99425],[-58.52369,-51.99408]]],[[[-58.71078,-52.14981],[-58.70646,-52.14651],[-58.70878,-52.15218],[-58.71078,-52.14981]]],[[[-60.76323,-52.19402],[-60.75972,-52.19],[-60.75838,-52.19105],[-60.76323,-52.19402]]],[[[-59.83192,-52.16244],[-59.82472,-52.16197],[-59.82946,-52.16612],[-59.83192,-52.16244]]],[[[-59.74458,-51.4387],[-59.73091,-51.43816],[-59.73823,-51.43963],[-59.74458,-51.4387]]],[[[-58.19708,-51.7744],[-58.18777,-51.77627],[-58.19923,-51.77581],[-58.19708,-51.7744]]],[[[-59.0327,-52.17084],[-59.03109,-52.16664],[-59.02999,-52.16966],[-59.0327,-52.17084]]],[[[-60.46073,-51.85173],[-60.45803,-51.85542],[-60.46569,-51.85387],[-60.46073,-51.85173]]],[[[-59.89963,-51.26841],[-59.89449,-51.2687],[-59.89034,-51.27124],[-59.89963,-51.26841]]],[[[-58.3915,-52.00969],[-58.38649,-52.00646],[-58.39035,-52.01049],[-58.3915,-52.00969]]],[[[-59.50518,-52.28717],[-59.50766,-52.28419],[-59.50213,-52.28426],[-59.50518,-52.28717]]],[[[-58.62225,-51.90285],[-58.60923,-51.905],[-58.62354,-51.90404],[-58.62225,-51.90285]]],[[[-58.46895,-51.98697],[-58.46728,-51.99044],[-58.47468,-51.98762],[-58.46895,-51.98697]]],[[[-58.50774,-51.97359],[-58.50072,-51.97163],[-58.50016,-51.97311],[-58.50774,-51.97359]]],[[[-59.79474,-52.12794],[-59.79416,-52.12382],[-59.79256,-52.12463],[-59.79474,-52.12794]]],[[[-59.92069,-51.36999],[-59.90782,-51.3753],[-59.91132,-51.37638],[-59.92069,-51.36999]]],[[[-59.02082,-51.74683],[-59.0201,-51.751],[-59.02393,-51.75024],[-59.02082,-51.74683]]],[[[-60.56665,-51.97524],[-60.55922,-51.97687],[-60.56462,-51.97874],[-60.56665,-51.97524]]],[[[-59.74021,-51.32025],[-59.74233,-51.31634],[-59.73921,-51.3157],[-59.74021,-51.32025]]],[[[-59.36214,-51.78085],[-59.35658,-51.7791],[-59.35742,-51.78214],[-59.36214,-51.78085]]],[[[-58.32004,-51.82695],[-58.30686,-51.82666],[-58.30899,-51.82847],[-58.32004,-51.82695]]],[[[-61.27338,-51.72996],[-61.27208,-51.72605],[-61.27045,-51.72633],[-61.27338,-51.72996]]],[[[-59.63199,-52.23996],[-59.62918,-52.23714],[-59.62741,-52.23929],[-59.63199,-52.23996]]],[[[-57.74797,-51.67088],[-57.74019,-51.67262],[-57.74981,-51.67306],[-57.74797,-51.67088]]],[[[-59.68093,-51.42194],[-59.67722,-51.42455],[-59.68308,-51.42491],[-59.68093,-51.42194]]],[[[-59.82783,-52.01775],[-59.8274,-52.01333],[-59.82543,-52.0137],[-59.82783,-52.01775]]],[[[-59.71096,-52.36178],[-59.70527,-52.36283],[-59.71132,-52.36448],[-59.71096,-52.36178]]],[[[-60.96814,-51.77625],[-60.96291,-51.77709],[-60.96796,-51.77847],[-60.96814,-51.77625]]],[[[-58.60407,-52.15761],[-58.60026,-52.15501],[-58.5993,-52.15689],[-58.60407,-52.15761]]],[[[-59.25947,-51.45379],[-59.24845,-51.44921],[-59.24754,-51.4492],[-59.25947,-51.45379]]],[[[-60.97327,-51.05691],[-60.97189,-51.06169],[-60.97603,-51.05767],[-60.97327,-51.05691]]],[[[-61.09712,-51.02424],[-61.09657,-51.02822],[-61.09873,-51.02628],[-61.09712,-51.02424]]],[[[-60.87391,-51.86949],[-60.87327,-51.87348],[-60.87645,-51.86915],[-60.87391,-51.86949]]],[[[-58.8543,-51.88816],[-58.84676,-51.89156],[-58.85603,-51.88842],[-58.8543,-51.88816]]],[[[-58.87752,-52.18729],[-58.87715,-52.19236],[-58.8815,-52.18543],[-58.87752,-52.18729]]],[[[-61.28092,-51.70797],[-61.27591,-51.71072],[-61.28164,-51.71033],[-61.28092,-51.70797]]],[[[-59.68922,-51.32608],[-59.6842,-51.32341],[-59.68128,-51.32424],[-59.68922,-51.32608]]],[[[-60.64807,-51.23548],[-60.64619,-51.23622],[-60.65302,-51.23944],[-60.64807,-51.23548]]],[[[-58.70699,-52.15743],[-58.70171,-52.15581],[-58.7064,-52.15919],[-58.70699,-52.15743]]],[[[-59.50848,-51.82646],[-59.50354,-51.82634],[-59.50522,-51.82827],[-59.50848,-51.82646]]],[[[-58.68834,-51.9555],[-58.6802,-51.95765],[-58.68908,-51.95677],[-58.68834,-51.9555]]],[[[-58.5132,-51.46712],[-58.51315,-51.46996],[-58.51766,-51.46739],[-58.5132,-51.46712]]],[[[-58.34924,-51.52476],[-58.34395,-51.52462],[-58.3476,-51.52655],[-58.34924,-51.52476]]],[[[-61.14076,-51.88745],[-61.13611,-51.88604],[-61.1405,-51.89018],[-61.14076,-51.88745]]],[[[-59.29985,-52.24985],[-59.29855,-52.24639],[-59.29622,-52.2489],[-59.29985,-52.24985]]],[[[-58.59634,-51.90047],[-58.59008,-51.9002],[-58.58725,-51.90164],[-58.59634,-51.90047]]],[[[-57.73714,-51.51317],[-57.72236,-51.51534],[-57.71813,-51.51736],[-57.73714,-51.51317]]],[[[-59.66098,-51.35913],[-59.65868,-51.35592],[-59.65794,-51.35827],[-59.66098,-51.35913]]],[[[-58.51557,-51.96231],[-58.5061,-51.96281],[-58.5174,-51.96243],[-58.51557,-51.96231]]],[[[-59.99771,-51.37962],[-59.99381,-51.38242],[-59.99934,-51.38116],[-59.99771,-51.37962]]],[[[-59.89084,-51.35824],[-59.88741,-51.3543],[-59.88653,-51.35508],[-59.89084,-51.35824]]],[[[-58.61597,-51.97171],[-58.61087,-51.97207],[-58.61843,-51.9743],[-58.61597,-51.97171]]],[[[-59.72121,-51.37475],[-59.71906,-51.37278],[-59.71478,-51.37496],[-59.72121,-51.37475]]],[[[-60.38887,-52.2178],[-60.38292,-52.21782],[-60.38541,-52.22237],[-60.38887,-52.2178]]],[[[-60.89067,-51.17111],[-60.87993,-51.17163],[-60.89465,-51.17219],[-60.89067,-51.17111]]],[[[-59.68858,-52.03244],[-59.68798,-52.02933],[-59.68712,-52.02945],[-59.68858,-52.03244]]],[[[-59.68471,-51.39524],[-59.67881,-51.39145],[-59.67647,-51.39164],[-59.68471,-51.39524]]],[[[-59.014,-51.71282],[-59.01132,-51.71958],[-59.01321,-51.72108],[-59.014,-51.71282]]],[[[-59.01808,-51.73025],[-59.02134,-51.73437],[-59.02281,-51.73079],[-59.01808,-51.73025]]],[[[-59.73522,-51.3306],[-59.73109,-51.33087],[-59.73233,-51.33521],[-59.73522,-51.3306]]],[[[-60.12212,-51.68203],[-60.11429,-51.68846],[-60.1194,-51.68611],[-60.12212,-51.68203]]],[[[-61.19305,-51.82304],[-61.19393,-51.82762],[-61.19524,-51.82323],[-61.19305,-51.82304]]],[[[-59.01099,-52.26824],[-59.01039,-52.26442],[-59.00834,-52.26493],[-59.01099,-52.26824]]],[[[-60.57733,-51.97955],[-60.57177,-51.98041],[-60.57888,-51.98206],[-60.57733,-51.97955]]],[[[-59.48066,-51.81812],[-59.47765,-51.82043],[-59.48363,-51.82433],[-59.48066,-51.81812]]],[[[-60.51134,-51.8694],[-60.50764,-51.86592],[-60.50822,-51.86983],[-60.51134,-51.8694]]],[[[-60.50226,-51.85172],[-60.4989,-51.85397],[-60.50248,-51.85588],[-60.50226,-51.85172]]],[[[-59.74773,-52.106],[-59.74522,-52.10148],[-59.74309,-52.10304],[-59.74773,-52.106]]],[[[-60.47981,-51.58522],[-60.48044,-51.58939],[-60.48229,-51.5842],[-60.47981,-51.58522]]],[[[-60.39041,-51.76139],[-60.38666,-51.76314],[-60.39338,-51.76376],[-60.39041,-51.76139]]],[[[-59.79846,-51.9988],[-59.79666,-52.00321],[-59.79927,-52.00374],[-59.79846,-51.9988]]],[[[-59.49162,-52.28726],[-59.48717,-52.28542],[-59.48537,-52.28717],[-59.49162,-52.28726]]],[[[-59.98051,-51.38227],[-59.97533,-51.38443],[-59.98057,-51.38526],[-59.98051,-51.38227]]],[[[-59.68628,-52.20985],[-59.68729,-52.20661],[-59.68433,-52.2062],[-59.68628,-52.20985]]],[[[-59.09421,-52.03542],[-59.09157,-52.03252],[-59.09188,-52.03649],[-59.09421,-52.03542]]],[[[-59.67858,-51.91045],[-59.66854,-51.91061],[-59.67276,-51.91145],[-59.67858,-51.91045]]],[[[-59.39589,-52.35134],[-59.39537,-52.34878],[-59.39335,-52.34898],[-59.39589,-52.35134]]],[[[-61.28852,-51.78272],[-61.29124,-51.78369],[-61.29567,-51.78003],[-61.28852,-51.78272]]],[[[-60.48238,-51.57592],[-60.48045,-51.58073],[-60.48078,-51.58347],[-60.48238,-51.57592]]],[[[-59.02348,-52.25962],[-59.02628,-52.26153],[-59.02634,-52.26004],[-59.02348,-52.25962]]],[[[-59.8875,-51.4058],[-59.8768,-51.40319],[-59.88254,-51.40563],[-59.8875,-51.4058]]],[[[-58.88682,-51.88947],[-58.88229,-51.88995],[-58.88761,-51.89126],[-58.88682,-51.88947]]],[[[-59.61729,-51.34765],[-59.61398,-51.34644],[-59.61309,-51.34758],[-59.61729,-51.34765]]],[[[-57.72606,-51.6725],[-57.73135,-51.67418],[-57.73332,-51.67303],[-57.72606,-51.6725]]],[[[-59.79002,-51.39413],[-59.78414,-51.3939],[-59.77929,-51.39405],[-59.79002,-51.39413]]],[[[-58.60733,-52.00155],[-58.60323,-52.00351],[-58.60807,-52.00308],[-58.60733,-52.00155]]],[[[-58.62259,-51.96708],[-58.61808,-51.9645],[-58.61755,-51.96493],[-58.62259,-51.96708]]],[[[-60.97947,-51.85569],[-60.97725,-51.85277],[-60.97541,-51.85332],[-60.97947,-51.85569]]],[[[-59.3974,-52.33864],[-59.39329,-52.34046],[-59.39772,-52.34195],[-59.3974,-52.33864]]],[[[-59.19857,-51.71587],[-59.20052,-51.71899],[-59.20046,-51.71387],[-59.19857,-51.71587]]],[[[-59.61546,-51.39807],[-59.61329,-51.39476],[-59.61223,-51.3963],[-59.61546,-51.39807]]],[[[-59.01686,-51.77504],[-59.01273,-51.78036],[-59.01883,-51.77521],[-59.01686,-51.77504]]],[[[-61.22589,-51.87311],[-61.22241,-51.87094],[-61.22179,-51.87182],[-61.22589,-51.87311]]],[[[-59.76317,-51.37734],[-59.7581,-51.37604],[-59.75516,-51.37681],[-59.76317,-51.37734]]],[[[-57.79125,-51.60363],[-57.78399,-51.60689],[-57.79462,-51.60418],[-57.79125,-51.60363]]],[[[-60.25135,-51.1593],[-60.24126,-51.16048],[-60.24613,-51.16086],[-60.25135,-51.1593]]],[[[-60.04355,-51.20112],[-60.04282,-51.19835],[-60.04147,-51.19991],[-60.04355,-51.20112]]],[[[-60.32084,-51.57896],[-60.31713,-51.57713],[-60.31482,-51.57788],[-60.31634,-51.57991],[-60.32084,-51.57896]]],[[[-60.53015,-51.84431],[-60.52519,-51.84087],[-60.5279,-51.84549],[-60.53015,-51.84431]]],[[[-60.02973,-51.20464],[-60.02488,-51.2071],[-60.03188,-51.2049],[-60.02973,-51.20464]]],[[[-59.87403,-51.34506],[-59.86959,-51.34237],[-59.86682,-51.34275],[-59.87403,-51.34506]]],[[[-59.08361,-52.44863],[-59.08172,-52.44647],[-59.07645,-52.44404],[-59.08361,-52.44863]]],[[[-59.77955,-51.23208],[-59.7737,-51.2315],[-59.77377,-51.23261],[-59.77955,-51.23208]]],[[[-60.09222,-51.38877],[-60.09025,-51.38727],[-60.08872,-51.38878],[-60.09222,-51.38877]]],[[[-59.48502,-51.80908],[-59.47979,-51.80758],[-59.47976,-51.80822],[-59.48502,-51.80908]]],[[[-58.26267,-51.85805],[-58.25765,-51.85846],[-58.26455,-51.85969],[-58.26267,-51.85805]]],[[[-60.26262,-51.66107],[-60.25915,-51.65878],[-60.25855,-51.65992],[-60.26262,-51.66107]]],[[[-59.76255,-51.38263],[-59.76062,-51.37996],[-59.75856,-51.38054],[-59.76255,-51.38263]]],[[[-59.93605,-51.36911],[-59.93247,-51.36796],[-59.93831,-51.36988],[-59.93605,-51.36911]]],[[[-59.63742,-51.33991],[-59.63176,-51.33227],[-59.63142,-51.33244],[-59.63742,-51.33991]]],[[[-58.34512,-51.54409],[-58.34284,-51.54679],[-58.34733,-51.54321],[-58.34512,-51.54409]]],[[[-60.11289,-51.43217],[-60.10955,-51.43037],[-60.10912,-51.43073],[-60.11289,-51.43217]]],[[[-60.11367,-51.39863],[-60.10808,-51.40204],[-60.11452,-51.39927],[-60.11367,-51.39863]]],[[[-59.312,-51.78883],[-59.30924,-51.78938],[-59.3136,-51.79287],[-59.312,-51.78883]]],[[[-60.46917,-51.59854],[-60.46537,-51.59938],[-60.46467,-51.60076],[-60.46917,-51.59854]]],[[[-58.53392,-52.06231],[-58.53475,-52.06648],[-58.53615,-52.06587],[-58.53392,-52.06231]]],[[[-59.03173,-51.80435],[-59.02822,-51.80329],[-59.02856,-51.80562],[-59.03173,-51.80435]]],[[[-59.79021,-51.36693],[-59.78759,-51.36507],[-59.78582,-51.36602],[-59.79021,-51.36693]]],[[[-60.72923,-51.58901],[-60.72486,-51.58947],[-60.72978,-51.5902],[-60.72923,-51.58901]]],[[[-60.09313,-51.40255],[-60.09007,-51.40088],[-60.08908,-51.4019],[-60.09313,-51.40255]]],[[[-59.35912,-51.78736],[-59.3562,-51.78472],[-59.35453,-51.78744],[-59.35912,-51.78736]]],[[[-61.2084,-51.83252],[-61.20567,-51.83113],[-61.20266,-51.83267],[-61.2084,-51.83252]]],[[[-59.30884,-52.25032],[-59.30696,-52.24804],[-59.30456,-52.24783],[-59.30884,-52.25032]]],[[[-59.78914,-51.39673],[-59.78374,-51.39675],[-59.7794,-51.39709],[-59.78914,-51.39673]]],[[[-60.00919,-51.37827],[-60.00965,-51.37532],[-60.00833,-51.37618],[-60.00919,-51.37827]]],[[[-58.45958,-52.03151],[-58.45318,-52.03325],[-58.45222,-52.03565],[-58.45958,-52.03151]]],[[[-59.82223,-51.4093],[-59.81877,-51.40858],[-59.81902,-51.41062],[-59.82223,-51.4093]]],[[[-59.79441,-51.36561],[-59.79086,-51.36362],[-59.7912,-51.36628],[-59.79441,-51.36561]]],[[[-60.16343,-51.3631],[-60.16086,-51.36151],[-60.15924,-51.36213],[-60.16343,-51.3631]]],[[[-58.81427,-51.89747],[-58.81335,-51.89584],[-58.81086,-51.89817],[-58.81427,-51.89747]]],[[[-59.83246,-51.33415],[-59.82766,-51.33367],[-59.83417,-51.33511],[-59.83246,-51.33415]]],[[[-58.14457,-51.80419],[-58.13891,-51.80561],[-58.13861,-51.8063],[-58.14457,-51.80419]]],[[[-60.51561,-51.32642],[-60.50979,-51.32634],[-60.50825,-51.32759],[-60.51561,-51.32642]]],[[[-60.74778,-51.32318],[-60.74287,-51.3233],[-60.74276,-51.32368],[-60.74778,-51.32318]]],[[[-61.08824,-51.94328],[-61.08381,-51.94223],[-61.08905,-51.9446],[-61.08824,-51.94328]]],[[[-58.36757,-51.4672],[-58.36478,-51.46975],[-58.36944,-51.46587],[-58.36757,-51.4672]]],[[[-60.69042,-52.19673],[-60.69076,-52.19446],[-60.68856,-52.19555],[-60.69042,-52.19673]]],[[[-59.83987,-51.97606],[-59.83616,-51.97232],[-59.83519,-51.97227],[-59.83987,-51.97606]]],[[[-61.07367,-51.79756],[-61.07376,-51.79966],[-61.07579,-51.79953],[-61.07367,-51.79756]]],[[[-58.50825,-51.91731],[-58.50366,-51.91671],[-58.50284,-51.91736],[-58.50825,-51.91731]]],[[[-60.38262,-51.75894],[-60.37901,-51.75675],[-60.37799,-51.75711],[-60.38262,-51.75894]]],[[[-61.30092,-51.77809],[-61.29642,-51.77943],[-61.2962,-51.77994],[-61.30092,-51.77809]]],[[[-59.91091,-51.3725],[-59.90924,-51.37031],[-59.90771,-51.3711],[-59.91091,-51.3725]]],[[[-61.16935,-51.84835],[-61.16665,-51.84833],[-61.16631,-51.85028],[-61.16935,-51.84835]]],[[[-60.04168,-51.69833],[-60.03807,-51.69949],[-60.0436,-51.69935],[-60.04168,-51.69833]]],[[[-58.86448,-51.90502],[-58.85899,-51.9054],[-58.85723,-51.90671],[-58.86448,-51.90502]]],[[[-60.78504,-52.13185],[-60.7852,-52.12958],[-60.78261,-52.1299],[-60.78504,-52.13185]]],[[[-60.27162,-51.75805],[-60.26821,-51.75561],[-60.26731,-51.75603],[-60.27162,-51.75805]]],[[[-58.3817,-52.00674],[-58.37836,-52.01029],[-58.38435,-52.00664],[-58.3817,-52.00674]]],[[[-60.51634,-51.78642],[-60.51337,-51.78622],[-60.5135,-51.78678],[-60.51634,-51.78642]]],[[[-60.95268,-51.84087],[-60.95165,-51.83858],[-60.95066,-51.8387],[-60.95268,-51.84087]]],[[[-59.72205,-52.36592],[-59.71773,-52.36533],[-59.71783,-52.36642],[-59.72205,-52.36592]]],[[[-59.8907,-51.39861],[-59.88612,-51.39825],[-59.88563,-51.39883],[-59.8907,-51.39861]]],[[[-59.67319,-52.01311],[-59.67089,-52.01188],[-59.67594,-52.01546],[-59.67319,-52.01311]]],[[[-59.63758,-52.20445],[-59.63532,-52.20276],[-59.63498,-52.204],[-59.63758,-52.20445]]],[[[-58.56838,-51.94601],[-58.56686,-51.94425],[-58.56605,-51.94574],[-58.56838,-51.94601]]],[[[-59.91372,-51.36786],[-59.9125,-51.36571],[-59.91097,-51.36727],[-59.91372,-51.36786]]],[[[-60.87797,-51.86492],[-60.87633,-51.86728],[-60.87794,-51.86775],[-60.87797,-51.86492]]],[[[-60.9832,-52.024],[-60.9831,-52.02157],[-60.98204,-52.02164],[-60.9832,-52.024]]],[[[-60.2592,-51.75349],[-60.25745,-51.75666],[-60.25983,-51.75686],[-60.2592,-51.75349]]],[[[-59.37719,-52.16146],[-59.37611,-52.16382],[-59.3784,-52.16267],[-59.37719,-52.16146]]],[[[-58.97521,-52.14449],[-58.971,-52.14207],[-58.96882,-52.14176],[-58.97521,-52.14449]]],[[[-60.25635,-51.15876],[-60.253,-51.15943],[-60.25952,-51.15845],[-60.25635,-51.15876]]],[[[-59.15559,-51.53752],[-59.15327,-51.53595],[-59.15615,-51.53892],[-59.15559,-51.53752]]],[[[-57.69295,-51.67646],[-57.68873,-51.67524],[-57.68697,-51.67643],[-57.69295,-51.67646]]],[[[-61.1509,-51.82603],[-61.14816,-51.82448],[-61.14812,-51.82612],[-61.1509,-51.82603]]],[[[-60.79318,-51.11991],[-60.78621,-51.12181],[-60.78816,-51.12198],[-60.79318,-51.11991]]],[[[-58.26309,-51.86678],[-58.26312,-51.86494],[-58.26067,-51.86592],[-58.26309,-51.86678]]],[[[-59.72335,-51.36391],[-59.72137,-51.36241],[-59.72022,-51.36313],[-59.72335,-51.36391]]],[[[-58.4858,-51.98538],[-58.48172,-51.98661],[-58.48722,-51.98627],[-58.4858,-51.98538]]],[[[-59.18978,-51.59507],[-59.18841,-51.59338],[-59.1872,-51.59476],[-59.18978,-51.59507]]],[[[-58.87323,-51.89492],[-58.87057,-51.89366],[-58.87019,-51.89418],[-58.87323,-51.89492]]],[[[-59.54005,-51.92059],[-59.53779,-51.91934],[-59.53827,-51.92125],[-59.54005,-51.92059]]],[[[-60.26812,-51.15642],[-60.26339,-51.15871],[-60.26873,-51.15727],[-60.26812,-51.15642]]],[[[-60.4472,-51.34171],[-60.44733,-51.34418],[-60.44895,-51.34181],[-60.4472,-51.34171]]],[[[-59.01626,-52.13222],[-59.01427,-52.1299],[-59.01374,-52.13074],[-59.01626,-52.13222]]],[[[-60.90414,-51.17034],[-60.89946,-51.17049],[-60.89865,-51.17112],[-60.90414,-51.17034]]],[[[-58.27178,-51.85976],[-58.26708,-51.85974],[-58.27248,-51.86045],[-58.27178,-51.85976]]],[[[-59.75507,-52.02577],[-59.75413,-52.02384],[-59.75254,-52.02388],[-59.75507,-52.02577]]],[[[-58.8693,-52.2071],[-58.86856,-52.20521],[-58.86668,-52.20671],[-58.8693,-52.2071]]],[[[-60.08071,-51.9446],[-60.07949,-51.94754],[-60.0803,-51.94811],[-60.08071,-51.9446]]],[[[-58.87876,-52.20369],[-58.8762,-52.20303],[-58.87536,-52.20434],[-58.87876,-52.20369]]],[[[-58.86327,-52.21057],[-58.86116,-52.20932],[-58.86049,-52.21122],[-58.86327,-52.21057]]],[[[-58.9937,-52.18632],[-58.99225,-52.18765],[-58.99517,-52.18821],[-58.9937,-52.18632]]],[[[-58.20429,-51.86984],[-58.19968,-51.87088],[-58.20268,-51.87097],[-58.20429,-51.86984]]],[[[-58.69336,-51.94301],[-58.69264,-51.94169],[-58.69093,-51.94317],[-58.69336,-51.94301]]],[[[-58.83139,-52.1908],[-58.83128,-52.18829],[-58.82997,-52.18972],[-58.83139,-52.1908]]],[[[-58.16246,-51.80234],[-58.15451,-51.80329],[-58.16029,-51.80327],[-58.16285,-51.80239],[-58.16423,-51.80078],[-58.16623,-51.80047],[-58.16684,-51.80002],[-58.16403,-51.80057],[-58.16246,-51.80234]]],[[[-59.14865,-51.60527],[-59.1487,-51.60339],[-59.14575,-51.60393],[-59.14865,-51.60527]]],[[[-58.96289,-51.8432],[-58.96054,-51.84241],[-58.95943,-51.84337],[-58.96289,-51.8432]]],[[[-59.01128,-51.72247],[-59.01207,-51.72568],[-59.01188,-51.72207],[-59.01128,-51.72247]]],[[[-60.50592,-52.22797],[-60.50679,-52.22552],[-60.50411,-52.22695],[-60.50592,-52.22797]]],[[[-58.23658,-51.84896],[-58.23138,-51.84877],[-58.23033,-51.84905],[-58.23118,-51.84978],[-58.23658,-51.84896]]],[[[-59.69539,-51.32869],[-59.6926,-51.32679],[-59.69059,-51.32742],[-59.69539,-51.32869]]],[[[-58.09849,-51.79695],[-58.09378,-51.79784],[-58.09915,-51.79726],[-58.09849,-51.79695]]],[[[-59.68301,-51.3897],[-59.67999,-51.38877],[-59.67856,-51.389],[-59.68301,-51.3897]]],[[[-58.45898,-51.97778],[-58.45534,-51.97673],[-58.45487,-51.97738],[-58.45898,-51.97778]]],[[[-58.80537,-51.90412],[-58.80195,-51.90397],[-58.80159,-51.90523],[-58.80537,-51.90412]]],[[[-59.18628,-52.02945],[-59.18356,-52.02708],[-59.18343,-52.02722],[-59.18628,-52.02945]]],[[[-59.74147,-52.30928],[-59.74249,-52.30944],[-59.74218,-52.30603],[-59.74147,-52.30928]]],[[[-60.22333,-51.7507],[-60.22019,-51.75099],[-60.21931,-51.75209],[-60.22333,-51.7507]]],[[[-58.05084,-51.79351],[-58.04558,-51.79474],[-58.05118,-51.79397],[-58.05084,-51.79351]]],[[[-59.80558,-51.39446],[-59.80508,-51.39306],[-59.80384,-51.39315],[-59.80558,-51.39446]]],[[[-61.23473,-51.72187],[-61.2336,-51.71972],[-61.23369,-51.72221],[-61.23473,-51.72187]]],[[[-60.797,-51.11789],[-60.79368,-51.11997],[-60.79818,-51.11784],[-60.797,-51.11789]]],[[[-59.02081,-51.73699],[-59.01866,-51.7408],[-59.01925,-51.74139],[-59.02081,-51.73699]]],[[[-59.13206,-51.62071],[-59.13132,-51.6191],[-59.13132,-51.61966],[-59.13206,-51.62071]]],[[[-60.11048,-51.67712],[-60.10921,-51.67972],[-60.10896,-51.68023],[-60.11042,-51.68042],[-60.11048,-51.67712]]],[[[-60.68959,-52.20327],[-60.68763,-52.2022],[-60.68662,-52.20363],[-60.68959,-52.20327]]],[[[-58.92308,-52.12819],[-58.9214,-52.12734],[-58.9205,-52.12812],[-58.92308,-52.12819]]],[[[-58.32188,-51.39085],[-58.31872,-51.39048],[-58.32232,-51.39165],[-58.32188,-51.39085]]],[[[-59.8338,-52.15153],[-59.83198,-52.14954],[-59.83109,-52.15002],[-59.8338,-52.15153]]],[[[-59.6994,-51.438],[-59.697,-51.43678],[-59.69644,-51.43735],[-59.6994,-51.438]]],[[[-60.89948,-51.82387],[-60.8972,-51.82255],[-60.89822,-51.82462],[-60.89948,-51.82387]]],[[[-60.39363,-51.79853],[-60.394,-51.79696],[-60.39196,-51.79772],[-60.39363,-51.79853]]],[[[-59.00367,-52.19757],[-59.00303,-52.19934],[-59.00481,-52.19838],[-59.00367,-52.19757]]],[[[-58.1918,-51.8543],[-58.18677,-51.85468],[-58.19238,-51.85464],[-58.1918,-51.8543]]],[[[-60.39566,-51.76738],[-60.39321,-51.76539],[-60.3925,-51.76559],[-60.39566,-51.76738]]],[[[-59.25378,-52.00623],[-59.25183,-52.00602],[-59.25517,-52.00763],[-59.25378,-52.00623]]],[[[-61.04341,-51.79041],[-61.04142,-51.78867],[-61.04014,-51.78893],[-61.04341,-51.79041]]],[[[-58.8778,-51.89471],[-58.8762,-51.89351],[-58.87582,-51.89431],[-58.8778,-51.89471]]],[[[-60.61464,-52.24777],[-60.61601,-52.2492],[-60.61702,-52.24818],[-60.61464,-52.24777]]],[[[-61.29692,-51.79841],[-61.29576,-51.79736],[-61.29542,-51.79851],[-61.29692,-51.79841]]],[[[-59.82563,-52.157],[-59.82317,-52.15905],[-59.82371,-52.15964],[-59.82563,-52.157]]],[[[-60.27431,-52.10631],[-60.27313,-52.10454],[-60.27254,-52.10513],[-60.27431,-52.10631]]],[[[-60.10783,-51.49717],[-60.10549,-51.4977],[-60.10792,-51.49771],[-60.10783,-51.49717]]],[[[-60.63982,-51.23242],[-60.63778,-51.23093],[-60.63577,-51.2314],[-60.63982,-51.23242]]],[[[-59.05105,-51.48905],[-59.04814,-51.48936],[-59.04777,-51.4899],[-59.05105,-51.48905]]],[[[-60.17871,-51.4056],[-60.17899,-51.40417],[-60.17834,-51.40453],[-60.17871,-51.4056]]],[[[-58.23117,-51.85291],[-58.22893,-51.85237],[-58.23038,-51.85476],[-58.23117,-51.85291]]],[[[-60.51996,-51.3259],[-60.51713,-51.32546],[-60.51608,-51.32611],[-60.51996,-51.3259]]],[[[-59.05856,-52.07962],[-59.05675,-52.07777],[-59.05774,-52.07959],[-59.05856,-52.07962]]],[[[-58.33064,-51.8312],[-58.32806,-51.83083],[-58.32555,-51.83185],[-58.33064,-51.8312]]],[[[-59.25288,-51.44466],[-59.24764,-51.44301],[-59.2543,-51.44547],[-59.25288,-51.44466]]],[[[-60.11454,-51.68525],[-60.11353,-51.6836],[-60.11297,-51.68463],[-60.11454,-51.68525]]],[[[-59.82611,-51.33195],[-59.82499,-51.33026],[-59.825,-51.33149],[-59.82611,-51.33195]]],[[[-60.97938,-52.02356],[-60.9786,-52.0208],[-60.9782,-52.02092],[-60.97938,-52.02356]]],[[[-59.37288,-52.35832],[-59.37231,-52.35687],[-59.37196,-52.35782],[-59.37288,-52.35832]]],[[[-57.9575,-51.36495],[-57.9554,-51.36396],[-57.95507,-51.36553],[-57.9575,-51.36495]]],[[[-60.54381,-51.30465],[-60.54299,-51.30361],[-60.54246,-51.30461],[-60.54381,-51.30465]]],[[[-60.33232,-51.79727],[-60.3311,-51.79576],[-60.33119,-51.79726],[-60.33232,-51.79727]]],[[[-60.88569,-51.2831],[-60.88415,-51.28197],[-60.8834,-51.28272],[-60.88569,-51.2831]]],[[[-58.5366,-51.47444],[-58.53678,-51.47326],[-58.5353,-51.47357],[-58.5366,-51.47444]]],[[[-60.08425,-51.95547],[-60.08445,-51.95722],[-60.08548,-51.95628],[-60.08425,-51.95547]]],[[[-59.8254,-51.35286],[-59.82495,-51.35151],[-59.8238,-51.35227],[-59.8254,-51.35286]]],[[[-58.93766,-51.84577],[-58.93549,-51.84746],[-58.93592,-51.84825],[-58.93766,-51.84577]]],[[[-59.87157,-51.39884],[-59.87123,-51.398],[-59.8685,-51.39822],[-59.87157,-51.39884]]],[[[-58.76584,-51.95509],[-58.76512,-51.95375],[-58.76417,-51.95425],[-58.76584,-51.95509]]],[[[-58.43427,-51.95141],[-58.43475,-51.95021],[-58.43324,-51.95074],[-58.43427,-51.95141]]],[[[-58.10775,-51.53509],[-58.10594,-51.53768],[-58.11012,-51.53701],[-58.10775,-51.53509]]],[[[-58.40676,-52.01814],[-58.40517,-52.01761],[-58.40474,-52.01824],[-58.40676,-52.01814]]],[[[-59.774,-51.36943],[-59.77284,-51.36742],[-59.77158,-51.3676],[-59.774,-51.36943]]],[[[-58.09905,-51.78896],[-58.09783,-51.78803],[-58.09726,-51.78839],[-58.09905,-51.78896]]],[[[-61.07055,-51.05357],[-61.06969,-51.05519],[-61.07118,-51.0546],[-61.07055,-51.05357]]],[[[-59.00958,-51.74914],[-59.00874,-51.74725],[-59.00858,-51.74912],[-59.00958,-51.74914]]],[[[-58.08416,-51.79271],[-58.0822,-51.79181],[-58.08199,-51.79228],[-58.08416,-51.79271]]],[[[-58.19834,-51.86575],[-58.19787,-51.86487],[-58.19749,-51.86513],[-58.19834,-51.86575]]],[[[-58.46048,-52.1045],[-58.45984,-52.10291],[-58.45972,-52.10305],[-58.46048,-52.1045]]],[[[-61.07052,-51.05701],[-61.07071,-51.0558],[-61.06956,-51.05607],[-61.07052,-51.05701]]],[[[-58.52678,-52.00842],[-58.52699,-52.0101],[-58.52799,-52.0085],[-58.52678,-52.00842]]],[[[-60.04801,-51.69873],[-60.04518,-51.69866],[-60.04391,-51.69918],[-60.04801,-51.69873]]],[[[-60.69615,-52.19447],[-60.69762,-52.19346],[-60.69578,-52.19369],[-60.69615,-52.19447]]],[[[-61.22033,-51.87088],[-61.21988,-51.86934],[-61.21881,-51.87039],[-61.22033,-51.87088]]],[[[-59.36261,-52.20797],[-59.36199,-52.20593],[-59.3613,-52.20707],[-59.36261,-52.20797]]],[[[-58.44755,-51.95016],[-58.44765,-51.94953],[-58.44474,-51.94985],[-58.44755,-51.95016]]],[[[-60.57069,-51.9795],[-60.57085,-51.97846],[-60.57003,-51.97918],[-60.57069,-51.9795]]],[[[-58.33212,-51.44761],[-58.33184,-51.44853],[-58.3323,-51.44824],[-58.33212,-51.44761]]],[[[-58.06905,-51.54312],[-58.06706,-51.54303],[-58.06508,-51.54428],[-58.06905,-51.54312]]],[[[-61.22076,-51.84499],[-61.21977,-51.84383],[-61.21893,-51.84435],[-61.22076,-51.84499]]],[[[-59.03448,-51.68991],[-59.03485,-51.6913],[-59.03569,-51.68992],[-59.03448,-51.68991]]],[[[-60.10091,-51.40772],[-60.10042,-51.40691],[-60.09955,-51.40754],[-60.10091,-51.40772]]],[[[-61.15629,-51.86917],[-61.15484,-51.86829],[-61.15461,-51.86939],[-61.15629,-51.86917]]],[[[-61.26367,-51.00879],[-61.26122,-51.00971],[-61.26133,-51.01005],[-61.26367,-51.00879]]],[[[-60.59233,-51.97555],[-60.59246,-51.97431],[-60.59139,-51.97477],[-60.59233,-51.97555]]],[[[-61.02337,-51.85665],[-61.02144,-51.85542],[-61.02086,-51.85562],[-61.02337,-51.85665]]],[[[-59.03746,-51.81399],[-59.03652,-51.81285],[-59.0356,-51.8134],[-59.03746,-51.81399]]],[[[-60.50619,-52.23331],[-60.50536,-52.23183],[-60.50554,-52.23331],[-60.50619,-52.23331]]],[[[-60.08581,-51.4168],[-60.08442,-51.41629],[-60.08415,-51.41677],[-60.08581,-51.4168]]],[[[-58.96021,-51.841],[-58.95855,-51.8407],[-58.95873,-51.84168],[-58.96021,-51.841]]],[[[-60.08833,-51.40603],[-60.08683,-51.40535],[-60.08627,-51.40588],[-60.08833,-51.40603]]],[[[-60.52339,-51.32509],[-60.52127,-51.32478],[-60.52092,-51.32537],[-60.52339,-51.32509]]],[[[-61.19196,-51.83099],[-61.1919,-51.83014],[-61.19056,-51.83047],[-61.19196,-51.83099]]],[[[-59.69412,-52.3192],[-59.69127,-52.31882],[-59.69063,-52.319],[-59.69135,-52.31963],[-59.69412,-52.3192]]],[[[-59.37421,-52.16729],[-59.37332,-52.16809],[-59.37476,-52.16795],[-59.37421,-52.16729]]],[[[-60.14384,-51.48204],[-60.14351,-51.48092],[-60.14287,-51.48154],[-60.14384,-51.48204]]],[[[-60.64563,-52.21285],[-60.64468,-52.21166],[-60.64467,-52.21268],[-60.64563,-52.21285]]],[[[-58.35243,-51.89703],[-58.35163,-51.89585],[-58.35117,-51.89672],[-58.35243,-51.89703]]],[[[-59.03095,-51.78136],[-59.03063,-51.77992],[-59.02993,-51.78083],[-59.03095,-51.78136]]],[[[-60.66601,-52.19641],[-60.66488,-52.19573],[-60.66478,-52.19658],[-60.66601,-52.19641]]],[[[-60.5537,-51.47417],[-60.55281,-51.47322],[-60.55243,-51.47362],[-60.5537,-51.47417]]],[[[-58.39135,-51.92368],[-58.39044,-51.92306],[-58.38988,-51.92382],[-58.39135,-51.92368]]],[[[-58.23161,-51.56493],[-58.23037,-51.56715],[-58.23021,-51.56731],[-58.23236,-51.56624],[-58.23161,-51.56493]]],[[[-60.73694,-52.19687],[-60.73622,-52.19592],[-60.73564,-52.19651],[-60.73694,-52.19687]]],[[[-60.13744,-51.44231],[-60.13655,-51.44167],[-60.13606,-51.44238],[-60.13744,-51.44231]]],[[[-61.28818,-51.73381],[-61.28696,-51.7338],[-61.28652,-51.7346],[-61.28818,-51.73381]]],[[[-59.13176,-51.61623],[-59.13141,-51.61732],[-59.13205,-51.61727],[-59.13176,-51.61623]]],[[[-59.05757,-51.19037],[-59.05791,-51.18907],[-59.05703,-51.18979],[-59.05757,-51.19037]]],[[[-59.33847,-52.29088],[-59.33811,-52.28993],[-59.33749,-52.29036],[-59.33847,-52.29088]]],[[[-61.0333,-52.00694],[-61.03201,-52.00599],[-61.03187,-52.00676],[-61.0333,-52.00694]]],[[[-60.3308,-51.8006],[-60.33138,-51.80136],[-60.33155,-51.80029],[-60.3308,-51.8006]]],[[[-60.46607,-51.8456],[-60.46556,-51.84445],[-60.46491,-51.84498],[-60.46607,-51.8456]]],[[[-58.54349,-52.06403],[-58.54428,-52.06517],[-58.545,-52.06443],[-58.54349,-52.06403]]],[[[-60.47016,-52.21758],[-60.46949,-52.21701],[-60.46925,-52.21791],[-60.47016,-52.21758]]],[[[-59.2688,-52.25417],[-59.26793,-52.25499],[-59.26913,-52.25461],[-59.2688,-52.25417]]],[[[-59.72308,-52.01324],[-59.72276,-52.01217],[-59.72235,-52.01249],[-59.72308,-52.01324]]],[[[-59.82637,-52.01002],[-59.82459,-52.00885],[-59.82392,-52.00885],[-59.82637,-52.01002]]],[[[-59.98756,-51.38513],[-59.98625,-51.38468],[-59.98571,-51.38622],[-59.98756,-51.38513]]],[[[-59.06346,-52.25424],[-59.06244,-52.25483],[-59.06345,-52.25497],[-59.06346,-52.25424]]],[[[-61.11462,-51.9415],[-61.11438,-51.94052],[-61.11367,-51.94087],[-61.11462,-51.9415]]],[[[-57.76238,-51.67382],[-57.7616,-51.67324],[-57.75993,-51.67336],[-57.76238,-51.67382]]],[[[-58.23753,-51.85256],[-58.23571,-51.85231],[-58.2357,-51.85253],[-58.23753,-51.85256]]],[[[-58.95809,-51.8249],[-58.95802,-51.82369],[-58.95724,-51.82416],[-58.95809,-51.8249]]],[[[-60.68406,-52.20297],[-60.68311,-52.2022],[-60.68251,-52.20291],[-60.68406,-52.20297]]],[[[-59.82737,-51.35287],[-59.82656,-51.35213],[-59.82617,-51.3527],[-59.82737,-51.35287]]],[[[-58.11265,-51.57442],[-58.11143,-51.57351],[-58.11072,-51.57359],[-58.11265,-51.57442]]],[[[-61.20632,-51.79543],[-61.20547,-51.79498],[-61.20498,-51.79549],[-61.20632,-51.79543]]],[[[-58.09205,-51.54792],[-58.09091,-51.5474],[-58.09013,-51.54801],[-58.09205,-51.54792]]],[[[-60.29931,-51.59902],[-60.29909,-51.59804],[-60.2985,-51.59847],[-60.29931,-51.59902]]],[[[-57.85228,-51.73851],[-57.85226,-51.73786],[-57.851,-51.73825],[-57.85228,-51.73851]]],[[[-60.10018,-51.67432],[-60.09986,-51.67336],[-60.09959,-51.67404],[-60.10018,-51.67432]]],[[[-60.21928,-51.78324],[-60.21856,-51.78335],[-60.21859,-51.78395],[-60.21928,-51.78324]]],[[[-60.27295,-52.10912],[-60.27249,-52.10819],[-60.27259,-52.10917],[-60.27295,-52.10912]]],[[[-60.05566,-51.69682],[-60.05479,-51.69624],[-60.05452,-51.69682],[-60.05566,-51.69682]]],[[[-61.28275,-51.81759],[-61.28269,-51.81651],[-61.28239,-51.81765],[-61.28275,-51.81759]]],[[[-60.2755,-52.03102],[-60.27539,-52.03004],[-60.2746,-52.03],[-60.2755,-52.03102]]],[[[-58.32586,-51.82703],[-58.32441,-51.82652],[-58.32409,-51.82694],[-58.32586,-51.82703]]],[[[-61.07457,-51.05128],[-61.07393,-51.05063],[-61.07334,-51.051],[-61.07457,-51.05128]]],[[[-58.27011,-51.86803],[-58.26846,-51.86749],[-58.26809,-51.86771],[-58.27011,-51.86803]]],[[[-58.948,-52.1013],[-58.94728,-52.10196],[-58.94815,-52.10191],[-58.948,-52.1013]]],[[[-58.09787,-51.53401],[-58.09792,-51.53509],[-58.0987,-51.53483],[-58.09787,-51.53401]]],[[[-60.67906,-52.19976],[-60.67912,-52.19869],[-60.6787,-52.19905],[-60.67906,-52.19976]]],[[[-60.65617,-52.20184],[-60.65504,-52.20187],[-60.65499,-52.20237],[-60.65617,-52.20184]]],[[[-59.40163,-52.2045],[-59.39977,-52.20448],[-59.40196,-52.20486],[-59.40163,-52.2045]]],[[[-59.48862,-51.82618],[-59.48752,-51.82577],[-59.48731,-51.82621],[-59.48862,-51.82618]]],[[[-59.02758,-51.77634],[-59.0271,-51.77566],[-59.02641,-51.77604],[-59.02758,-51.77634]]],[[[-58.29414,-51.86937],[-58.29374,-51.87007],[-58.29514,-51.87028],[-58.29414,-51.86937]]],[[[-60.78565,-51.12227],[-60.78458,-51.12214],[-60.78427,-51.12278],[-60.78565,-51.12227]]],[[[-59.49103,-51.8291],[-59.49075,-51.82861],[-59.49058,-51.82889],[-59.49103,-51.8291]]],[[[-59.04394,-51.75243],[-59.04413,-51.75178],[-59.04268,-51.75204],[-59.04394,-51.75243]]],[[[-60.50607,-52.23046],[-60.50536,-52.22974],[-60.50542,-52.2304],[-60.50607,-52.23046]]],[[[-58.47991,-51.98305],[-58.48031,-51.98238],[-58.47952,-51.98242],[-58.47991,-51.98305]]],[[[-58.23963,-51.84621],[-58.23783,-51.84629],[-58.23738,-51.8465],[-58.23963,-51.84621]]],[[[-58.42204,-51.55469],[-58.42162,-51.55418],[-58.42108,-51.55482],[-58.42204,-51.55469]]],[[[-59.83813,-52.14715],[-59.8382,-52.14627],[-59.8376,-52.14632],[-59.83813,-52.14715]]],[[[-58.24359,-51.8001],[-58.24401,-51.79968],[-58.2428,-51.79966],[-58.24359,-51.8001]]],[[[-60.29492,-52.00985],[-60.29437,-52.0091],[-60.29415,-52.0093],[-60.29492,-52.00985]]],[[[-57.89212,-51.38635],[-57.89113,-51.38579],[-57.89074,-51.38635],[-57.89212,-51.38635]]],[[[-58.13845,-51.54692],[-58.13734,-51.5463],[-58.13702,-51.54643],[-58.13845,-51.54692]]],[[[-59.79671,-51.35878],[-59.7961,-51.35795],[-59.79581,-51.35825],[-59.79671,-51.35878]]],[[[-59.68314,-51.78768],[-59.68138,-51.78633],[-59.68079,-51.78621],[-59.6815,-51.78693],[-59.68314,-51.78768]]],[[[-60.64265,-52.21303],[-60.64176,-52.21249],[-60.64176,-52.21297],[-60.64265,-52.21303]]],[[[-58.22939,-51.84912],[-58.22926,-51.84845],[-58.2288,-51.84918],[-58.22939,-51.84912]]],[[[-60.24742,-51.65625],[-60.247,-51.65554],[-60.24671,-51.65629],[-60.24742,-51.65625]]],[[[-58.54572,-52.0121],[-58.54486,-52.01177],[-58.54489,-52.01191],[-58.54572,-52.0121]]],[[[-60.08242,-51.97358],[-60.08187,-51.97317],[-60.08143,-51.9739],[-60.08242,-51.97358]]],[[[-58.14342,-51.78364],[-58.14356,-51.78292],[-58.14285,-51.78303],[-58.14342,-51.78364]]],[[[-61.12111,-51.06996],[-61.12075,-51.06936],[-61.12038,-51.06993],[-61.12111,-51.06996]]],[[[-60.13867,-51.68637],[-60.13827,-51.68582],[-60.13825,-51.68622],[-60.13867,-51.68637]]],[[[-58.98747,-52.17853],[-58.98694,-52.17898],[-58.98738,-52.17918],[-58.98747,-52.17853]]],[[[-58.96041,-51.81993],[-58.96021,-51.81935],[-58.95918,-51.82006],[-58.96041,-51.81993]]],[[[-60.18389,-51.6702],[-60.18343,-51.66949],[-60.18322,-51.67024],[-60.18389,-51.6702]]],[[[-58.396,-52.0056],[-58.39574,-52.005],[-58.3955,-52.00529],[-58.396,-52.0056]]],[[[-60.05927,-51.69312],[-60.05904,-51.69251],[-60.05874,-51.69282],[-60.05927,-51.69312]]],[[[-58.3905,-52.01237],[-58.39003,-52.01304],[-58.39073,-52.01268],[-58.3905,-52.01237]]],[[[-60.41439,-51.77204],[-60.41398,-51.77149],[-60.41369,-51.77162],[-60.41439,-51.77204]]],[[[-60.11775,-51.681],[-60.11751,-51.68037],[-60.11711,-51.68061],[-60.11775,-51.681]]],[[[-57.91784,-51.66474],[-57.91751,-51.66431],[-57.91749,-51.66485],[-57.91784,-51.66474]]],[[[-58.34991,-51.43758],[-58.34961,-51.43715],[-58.34932,-51.43762],[-58.34991,-51.43758]]],[[[-58.95713,-51.82131],[-58.9567,-51.82094],[-58.95645,-51.82133],[-58.95713,-51.82131]]],[[[-61.2219,-51.79017],[-61.22158,-51.78977],[-61.22156,-51.7901],[-61.2219,-51.79017]]],[[[-60.21766,-51.78738],[-60.21738,-51.78719],[-60.21751,-51.78755],[-60.21766,-51.78738]]],[[[-59.29566,-52.32886],[-59.29558,-52.32945],[-59.29626,-52.32898],[-59.29566,-52.32886]]],[[[-61.07217,-51.05749],[-61.07167,-51.05724],[-61.07159,-51.05754],[-61.07217,-51.05749]]],[[[-61.22185,-51.79082],[-61.22154,-51.79038],[-61.22146,-51.79055],[-61.22185,-51.79082]]],[[[-60.06253,-51.69239],[-60.06252,-51.69179],[-60.06225,-51.69201],[-60.06253,-51.69239]]],[[[-59.0194,-51.7842],[-59.0193,-51.78377],[-59.01863,-51.78364],[-59.0194,-51.7842]]],[[[-60.21834,-51.7854],[-60.2181,-51.78503],[-60.21803,-51.7855],[-60.21834,-51.7854]]],[[[-58.42248,-51.55111],[-58.42185,-51.55095],[-58.4214,-51.55118],[-58.42248,-51.55111]]],[[[-58.98757,-52.18591],[-58.9871,-52.18583],[-58.9871,-52.18603],[-58.98757,-52.18591]]],[[[-60.09745,-51.68227],[-60.09704,-51.68197],[-60.09722,-51.68238],[-60.09745,-51.68227]]],[[[-61.26031,-51.00994],[-61.25971,-51.01004],[-61.2597,-51.01023],[-61.26031,-51.00994]]],[[[-60.11233,-51.68346],[-60.11204,-51.68314],[-60.11189,-51.68345],[-60.11233,-51.68346]]],[[[-59.03804,-51.68874],[-59.03723,-51.6891],[-59.03716,-51.68926],[-59.03804,-51.68874]]],[[[-59.02088,-51.78513],[-59.02005,-51.78495],[-59.02,-51.78509],[-59.02088,-51.78513]]],[[[-59.72422,-52.01371],[-59.72386,-52.01411],[-59.72406,-52.0142],[-59.72422,-52.01371]]],[[[-59.66132,-52.02857],[-59.66083,-52.02849],[-59.66083,-52.02863],[-59.66132,-52.02857]]]]}},{"type":"Feature","properties":{"in1":94008,"provincia":"Tierra del Fuego","nam":"Río Grande","ha":{"2022-01":0.0,"2022-02":0.0,"2022-03":0.0,"2022-04":0.0,"2022-05":0.0,"2022-06":0.0,"2022-07":0.0,"2022-08":0.0,"2022-09":0.0,"2022-10":0.0,"2022-11":0.0,"2022-12":0.0,"2023-01":0.0,"2023-02":0.0,"2023-03":0.0,"2023-04":0.0,"2023-05":0.0,"2023-06":0.0,"2023-07":0.0,"2023-08":0.0,"2023-09":0.0,"2023-10":0.0,"2023-11":0.0,"2023-12":0.0,"2024-01":0.0,"2024-02":0.0,"2024-03":0.0,"2024-04":0.0,"2024-05":0.0,"2024-06":0.0,"2024-07":0.0,"2024-08":0.0,"2024-09":0.0,"2024-10":0.0,"2024-11":0.0,"2024-12":0.0,"2025-01":0.0,"2025-02":0.0,"2025-03":0.0,"2025-04":0.0,"2025-05":0.0,"2025-06":0.0,"2025-07":0.0,"2025-08":0.0,"2025-09":0.0,"2025-10":0.0,"2025-11":0.0,"2025-12":0.0,"2026-01":0.0,"2026-02":0.0,"2026-03":0.0,"2026-04":0.0,"2026-05":0.0,"2026-06":0.0}},"geometry":{"type":"MultiPolygon","coordinates":[[[[-68.56935,-52.70694],[-68.28767,-52.95143],[-68.2015,-53.14196],[-68.21464,-53.15281],[-68.21121,-53.1263],[-68.26867,-53.04252],[-68.26675,-53.01611],[-68.35955,-53.01789],[-68.39031,-53.03717],[-68.39096,-53.05073],[-68.41887,-53.05144],[-68.41651,-53.06386],[-68.44778,-53.07993],[-68.44613,-53.09185],[-68.50131,-53.10527],[-68.49389,-53.11605],[-68.53815,-53.14441],[-68.55606,-53.19565],[-68.54844,-53.24752],[-68.46375,-53.29368],[-68.38706,-53.31197],[-68.30787,-53.32125],[-68.2066,-53.30669],[-68.13707,-53.33134],[-68.08291,-53.38968],[-68.04418,-53.50804],[-67.99016,-53.58451],[-67.91133,-53.65267],[-67.72614,-53.75407],[-67.68174,-53.79717],[-67.7363,-53.80533],[-67.77843,-53.83379],[-67.72722,-53.80976],[-67.68144,-53.80622],[-67.67309,-53.79333],[-67.68359,-53.7879],[-67.67432,-53.78525],[-67.54424,-53.8414],[-67.57746,-53.85677],[-67.56604,-53.89965],[-67.43969,-53.98279],[-67.33585,-54.0162],[-67.34504,-54.02457],[-67.32971,-54.04137],[-67.15882,-54.11161],[-67.16439,-54.1198],[-67.0813,-54.13198],[-66.949,-54.18849],[-68.60794,-54.18855],[-68.60623,-52.65827],[-68.56935,-52.70694]]]]}},{"type":"Feature","properties":{"in1":94011,"provincia":"Tierra del Fuego","nam":"Tolhuin","ha":{"2022-01":0.0,"2022-02":0.0,"2022-03":0.0,"2022-04":0.0,"2022-05":0.0,"2022-06":0.0,"2022-07":0.0,"2022-08":0.0,"2022-09":0.0,"2022-10":0.0,"2022-11":0.0,"2022-12":9930.56,"2023-01":0.0,"2023-02":0.0,"2023-03":0.0,"2023-04":0.0,"2023-05":0.0,"2023-06":0.0,"2023-07":0.0,"2023-08":0.0,"2023-09":0.0,"2023-10":0.0,"2023-11":0.0,"2023-12":0.0,"2024-01":0.0,"2024-02":0.0,"2024-03":0.0,"2024-04":0.0,"2024-05":0.0,"2024-06":0.0,"2024-07":0.0,"2024-08":0.0,"2024-09":0.0,"2024-10":0.0,"2024-11":0.0,"2024-12":0.0,"2025-01":0.0,"2025-02":0.0,"2025-03":0.0,"2025-04":0.0,"2025-05":0.0,"2025-06":0.0,"2025-07":0.0,"2025-08":0.0,"2025-09":0.0,"2025-10":0.0,"2025-11":0.0,"2025-12":0.0,"2026-01":0.0,"2026-02":0.0,"2026-03":0.0,"2026-04":0.0,"2026-05":0.0,"2026-06":0.0}},"geometry":{"type":"MultiPolygon","coordinates":[[[[-65.97724,-54.59842],[-67.00258,-54.59843],[-67.00627,-54.74797],[-67.38777,-54.7442],[-67.39245,-54.61981],[-68.36977,-54.61981],[-68.36823,-54.4575],[-68.40279,-54.44549],[-68.44735,-54.45827],[-68.55781,-54.45513],[-68.53128,-54.44057],[-68.54544,-54.42795],[-68.60895,-54.4241],[-68.60794,-54.18855],[-66.949,-54.18849],[-66.89996,-54.21751],[-66.75248,-54.2524],[-66.73344,-54.26096],[-66.7421,-54.26596],[-66.73239,-54.27724],[-66.69094,-54.2829],[-66.7046,-54.2909],[-66.69247,-54.29894],[-66.70027,-54.30275],[-66.68433,-54.30608],[-66.66101,-54.34344],[-66.54413,-54.4024],[-66.55674,-54.40982],[-66.55222,-54.42053],[-66.46895,-54.47716],[-66.38404,-54.48701],[-66.36441,-54.50105],[-65.97724,-54.59842]]]]}},{"type":"Feature","properties":{"in1":94015,"provincia":"Tierra del Fuego","nam":"Ushuaia","ha":{"2022-01":0.0,"2022-02":0.0,"2022-03":0.0,"2022-04":0.0,"2022-05":0.0,"2022-06":0.0,"2022-07":0.0,"2022-08":0.0,"2022-09":0.0,"2022-10":0.0,"2022-11":0.0,"2022-12":104.17,"2023-01":0.0,"2023-02":0.0,"2023-03":0.0,"2023-04":0.0,"2023-05":0.0,"2023-06":0.0,"2023-07":0.0,"2023-08":0.0,"2023-09":0.0,"2023-10":0.0,"2023-11":0.0,"2023-12":0.0,"2024-01":0.0,"2024-02":0.0,"2024-03":0.0,"2024-04":0.0,"2024-05":0.0,"2024-06":0.0,"2024-07":0.0,"2024-08":0.0,"2024-09":0.0,"2024-10":0.0,"2024-11":0.0,"2024-12":0.0,"2025-01":0.0,"2025-02":0.0,"2025-03":0.0,"2025-04":0.0,"2025-05":0.0,"2025-06":0.0,"2025-07":0.0,"2025-08":0.0,"2025-09":0.0,"2025-10":0.0,"2025-11":0.0,"2025-12":0.0,"2026-01":0.0,"2026-02":0.0,"2026-03":0.0,"2026-04":0.0,"2026-05":0.0,"2026-06":0.0}},"geometry":{"type":"MultiPolygon","coordinates":[[[[-68.60895,-54.4241],[-68.53128,-54.44057],[-68.55781,-54.45513],[-68.44735,-54.45827],[-68.40279,-54.44549],[-68.36823,-54.4575],[-68.36977,-54.61981],[-67.39245,-54.61981],[-67.38777,-54.7442],[-67.00627,-54.74797],[-67.00258,-54.59843],[-65.97724,-54.59842],[-65.80278,-54.65191],[-65.68418,-54.66343],[-65.55117,-54.64734],[-65.52266,-54.66376],[-65.5199,-54.67756],[-65.51119,-54.65586],[-65.43081,-54.64215],[-65.44823,-54.65524],[-65.42853,-54.66319],[-65.42077,-54.64506],[-65.40188,-54.64035],[-65.23488,-54.61883],[-65.24544,-54.63053],[-65.23397,-54.63672],[-65.26148,-54.65295],[-65.25453,-54.66332],[-65.23902,-54.6589],[-65.23435,-54.64138],[-65.11676,-54.65823],[-65.19347,-54.69525],[-65.192,-54.72052],[-65.21827,-54.74565],[-65.19775,-54.76278],[-65.21293,-54.77411],[-65.20384,-54.78011],[-65.26387,-54.79591],[-65.22281,-54.81732],[-65.23229,-54.82926],[-65.31327,-54.87311],[-65.30898,-54.90298],[-65.32948,-54.92074],[-65.38214,-54.94107],[-65.4184,-54.93753],[-65.42862,-54.89356],[-65.46828,-54.88859],[-65.49941,-54.90177],[-65.49417,-54.92566],[-65.51102,-54.93494],[-65.55785,-54.9485],[-65.56456,-54.93642],[-65.60363,-54.94384],[-65.63684,-54.97002],[-65.71901,-54.97136],[-65.71182,-54.93429],[-65.73911,-54.90985],[-65.76607,-54.91305],[-65.77743,-54.90146],[-65.82455,-54.91556],[-65.84716,-54.90192],[-65.89182,-54.90037],[-65.91198,-54.91225],[-65.98239,-54.9026],[-65.99575,-54.91842],[-65.95813,-54.94101],[-65.97136,-54.96837],[-66.10766,-54.99493],[-66.3013,-54.99122],[-66.36949,-55.00925],[-66.35907,-55.02862],[-66.37216,-55.03957],[-66.44145,-55.05675],[-66.52159,-55.05675],[-66.71867,-55.00534],[-66.76447,-54.96074],[-66.93402,-54.94178],[-67.15388,-54.89292],[-67.28219,-54.87936],[-67.276,-54.88775],[-67.28974,-54.87567],[-67.27202,-54.88013],[-67.27845,-54.86999],[-67.29518,-54.87205],[-67.28718,-54.87839],[-67.30266,-54.88735],[-67.35269,-54.86611],[-67.34224,-54.87496],[-67.36673,-54.87148],[-67.34144,-54.88273],[-67.35942,-54.87976],[-67.40951,-54.88941],[-67.41642,-54.88113],[-67.44086,-54.88119],[-67.45052,-54.86564],[-67.49506,-54.86721],[-67.49192,-54.86978],[-67.50631,-54.87463],[-67.49488,-54.86692],[-67.50576,-54.85349],[-67.60547,-54.88136],[-67.70346,-54.88603],[-67.82583,-54.85974],[-68.03331,-54.85021],[-68.26359,-54.79517],[-68.31528,-54.81152],[-68.29879,-54.8158],[-68.30464,-54.83208],[-68.26531,-54.83522],[-68.2606,-54.84071],[-68.31035,-54.84892],[-68.32477,-54.84136],[-68.31292,-54.83336],[-68.33027,-54.82979],[-68.44434,-54.85838],[-68.48178,-54.84668],[-68.52313,-54.8582],[-68.56983,-54.84391],[-68.57713,-54.85443],[-68.55564,-54.86281],[-68.501,-54.86691],[-68.56368,-54.89132],[-68.60942,-54.89396],[-68.59641,-54.87298],[-68.59513,-54.79962],[-68.60895,-54.4241]]],[[[-64.32925,-54.73391],[-64.27866,-54.72896],[-64.24235,-54.74523],[-64.21632,-54.73386],[-64.13851,-54.77041],[-64.14541,-54.74509],[-64.16492,-54.74019],[-64.1495,-54.73034],[-64.10944,-54.73798],[-64.10611,-54.7497],[-64.12645,-54.75755],[-64.10843,-54.76433],[-64.08321,-54.75184],[-64.07292,-54.7284],[-64.04728,-54.73036],[-64.04984,-54.74208],[-64.03032,-54.75136],[-64.05097,-54.77409],[-64.04258,-54.77813],[-64.02426,-54.75249],[-63.98987,-54.73566],[-63.95805,-54.74125],[-63.93919,-54.72567],[-63.87631,-54.7168],[-63.8784,-54.73066],[-63.85484,-54.73173],[-63.88851,-54.7516],[-63.87875,-54.75523],[-63.82593,-54.72061],[-63.79589,-54.72715],[-63.81028,-54.73685],[-63.80148,-54.75101],[-63.82902,-54.76058],[-63.84568,-54.7892],[-63.88601,-54.79324],[-63.8828,-54.77968],[-63.95341,-54.81335],[-63.95674,-54.80056],[-63.94508,-54.79592],[-63.96751,-54.79366],[-63.9549,-54.76683],[-64.03657,-54.80172],[-64.05216,-54.80098],[-64.0612,-54.77974],[-64.08458,-54.7908],[-64.07113,-54.79497],[-64.07524,-54.80805],[-64.10093,-54.8165],[-64.10986,-54.83328],[-64.12062,-54.81436],[-64.14817,-54.83006],[-64.17232,-54.82328],[-64.17964,-54.83893],[-64.20057,-54.8284],[-64.22076,-54.85768],[-64.22371,-54.84197],[-64.23913,-54.84036],[-64.23109,-54.8355],[-64.2379,-54.82422],[-64.22747,-54.8208],[-64.23468,-54.78196],[-64.26365,-54.80454],[-64.27016,-54.79057],[-64.30613,-54.7881],[-64.29909,-54.80644],[-64.33345,-54.83002],[-64.39442,-54.82733],[-64.41251,-54.85874],[-64.44967,-54.87569],[-64.44863,-54.86464],[-64.4846,-54.87464],[-64.49431,-54.85812],[-64.47818,-54.85165],[-64.48594,-54.84766],[-64.44434,-54.83895],[-64.47147,-54.83519],[-64.4581,-54.82586],[-64.46614,-54.82343],[-64.51823,-54.85463],[-64.52667,-54.86783],[-64.51561,-54.87021],[-64.53905,-54.88842],[-64.56627,-54.88277],[-64.60615,-54.91085],[-64.62096,-54.90295],[-64.70424,-54.91546],[-64.64387,-54.88915],[-64.68366,-54.86108],[-64.66438,-54.85055],[-64.68633,-54.84276],[-64.73904,-54.85916],[-64.74863,-54.85648],[-64.73824,-54.84414],[-64.75657,-54.83649],[-64.72493,-54.81165],[-64.73784,-54.80451],[-64.67502,-54.8008],[-64.69615,-54.7843],[-64.68713,-54.78058],[-64.64789,-54.77681],[-64.63961,-54.79714],[-64.5865,-54.82081],[-64.55687,-54.79592],[-64.51142,-54.79806],[-64.52674,-54.7883],[-64.52146,-54.77312],[-64.5415,-54.76855],[-64.54464,-54.72525],[-64.48991,-54.76375],[-64.43223,-54.76103],[-64.43923,-54.76417],[-64.41243,-54.78273],[-64.40315,-54.76441],[-64.42152,-54.75489],[-64.3914,-54.74914],[-64.3954,-54.7825],[-64.36661,-54.78483],[-64.36737,-54.81091],[-64.35761,-54.78511],[-64.37574,-54.75147],[-64.35276,-54.74433],[-64.3418,-54.71466],[-64.32925,-54.73391]]],[[[-67.54033,-54.87979],[-67.47161,-54.8844],[-67.44712,-54.87906],[-67.4361,-54.89293],[-67.40792,-54.90004],[-67.42203,-54.89949],[-67.41428,-54.91225],[-67.46207,-54.9016],[-67.48765,-54.91797],[-67.53614,-54.90192],[-67.54033,-54.87979]]],[[[-64.16241,-54.65066],[-64.10911,-54.65119],[-64.13968,-54.6688],[-64.16241,-54.65066]]],[[[-67.47877,-54.87308],[-67.45717,-54.87118],[-67.44608,-54.87585],[-67.46958,-54.8803],[-67.47877,-54.87308]]],[[[-64.27169,-54.67926],[-64.24747,-54.67607],[-64.25656,-54.68745],[-64.27169,-54.67926]]],[[[-68.25021,-54.86592],[-68.23288,-54.87037],[-68.26704,-54.86966],[-68.25021,-54.86592]]],[[[-64.24769,-54.69981],[-64.2367,-54.70505],[-64.24869,-54.70391],[-64.24769,-54.69981]]],[[[-67.40097,-54.90206],[-67.37469,-54.90361],[-67.37387,-54.90802],[-67.39174,-54.90776],[-67.40097,-54.90206]]],[[[-67.33582,-54.89663],[-67.34304,-54.89901],[-67.34917,-54.89279],[-67.33582,-54.89663]]],[[[-68.4864,-54.86656],[-68.47971,-54.86084],[-68.47495,-54.86559],[-68.4864,-54.86656]]],[[[-64.15061,-54.84636],[-64.16304,-54.85582],[-64.16191,-54.8513],[-64.15061,-54.84636]]],[[[-68.23341,-54.86158],[-68.24251,-54.85826],[-68.2317,-54.85957],[-68.23341,-54.86158]]],[[[-64.39036,-54.84625],[-64.38507,-54.85315],[-64.39188,-54.85248],[-64.39036,-54.84625]]],[[[-67.0275,-54.9514],[-67.03487,-54.95082],[-67.03342,-54.94728],[-67.0275,-54.9514]]],[[[-64.25641,-54.6922],[-64.25156,-54.69458],[-64.25627,-54.69825],[-64.25641,-54.6922]]],[[[-68.23827,-54.87623],[-68.25304,-54.8749],[-68.23821,-54.87603],[-68.23827,-54.87623]]],[[[-66.30199,-55.01162],[-66.30455,-55.01662],[-66.30672,-55.01062],[-66.30199,-55.01162]]],[[[-68.16817,-54.85703],[-68.17303,-54.86081],[-68.17402,-54.85942],[-68.16817,-54.85703]]],[[[-68.45575,-54.86207],[-68.45456,-54.86537],[-68.46009,-54.86526],[-68.45575,-54.86207]]],[[[-67.38255,-54.88865],[-67.3847,-54.89291],[-67.394,-54.89235],[-67.38255,-54.88865]]],[[[-67.00421,-54.95568],[-67.01045,-54.95629],[-67.00535,-54.95381],[-67.00421,-54.95568]]],[[[-64.33727,-54.70801],[-64.34018,-54.70382],[-64.33697,-54.70299],[-64.33727,-54.70801]]],[[[-68.25813,-54.84829],[-68.25029,-54.84684],[-68.24786,-54.84821],[-68.25813,-54.84829]]],[[[-64.50703,-54.86086],[-64.49739,-54.8601],[-64.50471,-54.86272],[-64.50703,-54.86086]]],[[[-67.39577,-54.89394],[-67.40154,-54.89505],[-67.40114,-54.89393],[-67.39577,-54.89394]]],[[[-68.25303,-54.86092],[-68.2452,-54.86204],[-68.25375,-54.86258],[-68.25303,-54.86092]]],[[[-68.1816,-54.87094],[-68.16969,-54.87141],[-68.16855,-54.87176],[-68.17807,-54.87314],[-68.1816,-54.87094]]],[[[-67.43418,-54.885],[-67.43108,-54.88881],[-67.43504,-54.88565],[-67.43418,-54.885]]],[[[-64.17463,-54.87645],[-64.16833,-54.8744],[-64.16591,-54.87521],[-64.17463,-54.87645]]],[[[-64.03192,-54.80434],[-64.0372,-54.80373],[-64.0334,-54.802],[-64.03192,-54.80434]]],[[[-64.10149,-54.74535],[-64.09507,-54.74648],[-64.10316,-54.74922],[-64.10149,-54.74535]]],[[[-64.707,-54.79335],[-64.71061,-54.79091],[-64.70856,-54.78985],[-64.707,-54.79335]]],[[[-64.23686,-54.83705],[-64.24088,-54.84068],[-64.24416,-54.83945],[-64.23686,-54.83705]]],[[[-64.66364,-54.88839],[-64.66624,-54.89091],[-64.67128,-54.89136],[-64.66364,-54.88839]]],[[[-64.75296,-54.85386],[-64.7487,-54.855],[-64.75565,-54.85668],[-64.75296,-54.85386]]],[[[-67.43734,-54.88143],[-67.42793,-54.88243],[-67.43929,-54.88213],[-67.43734,-54.88143]]],[[[-68.24237,-54.87757],[-68.24326,-54.87917],[-68.24645,-54.87847],[-68.24237,-54.87757]]],[[[-64.32817,-54.84164],[-64.33069,-54.84397],[-64.33318,-54.84321],[-64.32817,-54.84164]]],[[[-65.57978,-54.94997],[-65.57311,-54.95065],[-65.57287,-54.9521],[-65.57978,-54.94997]]],[[[-68.26248,-54.86636],[-68.2654,-54.86798],[-68.26627,-54.86748],[-68.26248,-54.86636]]],[[[-64.32365,-54.84122],[-64.32091,-54.84376],[-64.32721,-54.84159],[-64.32365,-54.84122]]],[[[-64.61716,-54.92134],[-64.61778,-54.91927],[-64.61365,-54.91839],[-64.61716,-54.92134]]],[[[-64.09412,-54.74202],[-64.09263,-54.73982],[-64.09126,-54.74071],[-64.09412,-54.74202]]],[[[-64.52036,-54.87894],[-64.52287,-54.87763],[-64.51957,-54.87745],[-64.52036,-54.87894]]],[[[-64.58939,-54.80923],[-64.59254,-54.80893],[-64.58938,-54.80785],[-64.58939,-54.80923]]],[[[-64.48137,-54.87768],[-64.48527,-54.87711],[-64.48023,-54.87635],[-64.48137,-54.87768]]],[[[-65.59102,-54.94899],[-65.58837,-54.95039],[-65.59251,-54.94987],[-65.59102,-54.94899]]],[[[-64.32801,-54.84737],[-64.3312,-54.84768],[-64.33066,-54.84495],[-64.32801,-54.84737]]],[[[-64.17269,-54.8781],[-64.1701,-54.87962],[-64.17384,-54.88027],[-64.17269,-54.8781]]],[[[-64.32757,-54.84402],[-64.32632,-54.84643],[-64.32896,-54.84489],[-64.32757,-54.84402]]],[[[-64.44508,-54.87878],[-64.44701,-54.87868],[-64.4434,-54.87695],[-64.44508,-54.87878]]],[[[-68.20695,-54.87084],[-68.20536,-54.87214],[-68.20849,-54.87161],[-68.20695,-54.87084]]],[[[-68.25708,-54.87315],[-68.2613,-54.8737],[-68.2615,-54.87321],[-68.25708,-54.87315]]],[[[-64.60986,-54.91611],[-64.61276,-54.91596],[-64.60986,-54.91511],[-64.60986,-54.91611]]],[[[-64.27669,-54.82418],[-64.27962,-54.82589],[-64.27766,-54.8233],[-64.27669,-54.82418]]],[[[-64.55552,-54.79258],[-64.55884,-54.79242],[-64.55454,-54.79138],[-64.55552,-54.79258]]],[[[-64.24385,-54.83104],[-64.24287,-54.83267],[-64.24489,-54.83171],[-64.24385,-54.83104]]],[[[-64.42799,-54.76666],[-64.43115,-54.76721],[-64.42699,-54.76587],[-64.42799,-54.76666]]],[[[-64.02711,-54.80222],[-64.02925,-54.80287],[-64.02953,-54.80181],[-64.02711,-54.80222]]],[[[-68.25863,-54.83528],[-68.25439,-54.83552],[-68.25238,-54.8363],[-68.25863,-54.83528]]],[[[-64.35562,-54.84292],[-64.35343,-54.84296],[-64.35647,-54.8442],[-64.35562,-54.84292]]],[[[-67.35476,-54.88387],[-67.35804,-54.88407],[-67.35869,-54.88355],[-67.35476,-54.88387]]],[[[-64.36347,-54.83107],[-64.36099,-54.83149],[-64.36418,-54.8324],[-64.36347,-54.83107]]],[[[-68.19714,-54.87217],[-68.19859,-54.87309],[-68.20069,-54.87207],[-68.19714,-54.87217]]],[[[-66.54639,-55.06325],[-66.54889,-55.06259],[-66.54601,-55.06291],[-66.54639,-55.06325]]],[[[-68.18324,-54.85473],[-68.18616,-54.8545],[-68.18291,-54.85425],[-68.18324,-54.85473]]],[[[-64.42664,-54.75944],[-64.42961,-54.75994],[-64.42641,-54.75892],[-64.42664,-54.75944]]],[[[-64.45733,-54.87518],[-64.46023,-54.87586],[-64.46035,-54.87548],[-64.45733,-54.87518]]],[[[-64.39523,-54.74741],[-64.39607,-54.74889],[-64.39697,-54.74815],[-64.39523,-54.74741]]],[[[-64.09608,-54.74261],[-64.09453,-54.74357],[-64.09757,-54.74315],[-64.09608,-54.74261]]],[[[-64.60819,-54.91335],[-64.60662,-54.91444],[-64.60872,-54.91387],[-64.60819,-54.91335]]],[[[-64.17354,-54.83555],[-64.17554,-54.83622],[-64.1755,-54.8356],[-64.17354,-54.83555]]],[[[-68.08437,-54.87285],[-68.0862,-54.87243],[-68.08404,-54.87232],[-68.08437,-54.87285]]],[[[-64.38052,-54.74566],[-64.37991,-54.74644],[-64.38067,-54.74621],[-64.38052,-54.74566]]],[[[-64.19116,-54.84319],[-64.19209,-54.84257],[-64.19081,-54.84276],[-64.19116,-54.84319]]],[[[-64.02574,-54.75145],[-64.02446,-54.75176],[-64.02609,-54.75208],[-64.02574,-54.75145]]],[[[-64.25835,-54.80311],[-64.25961,-54.80305],[-64.25886,-54.80233],[-64.25835,-54.80311]]],[[[-63.80954,-54.7179],[-63.80829,-54.71737],[-63.80798,-54.71794],[-63.80954,-54.7179]]],[[[-64.42343,-54.75629],[-64.42424,-54.75705],[-64.4243,-54.75623],[-64.42343,-54.75629]]],[[[-64.26152,-54.66917],[-64.26044,-54.6696],[-64.26181,-54.66999],[-64.26152,-54.66917]]],[[[-64.36212,-54.83458],[-64.36263,-54.83548],[-64.36299,-54.83521],[-64.36212,-54.83458]]],[[[-64.16633,-54.87681],[-64.16783,-54.87683],[-64.16596,-54.87648],[-64.16633,-54.87681]]],[[[-64.3501,-54.84363],[-64.34986,-54.84444],[-64.35062,-54.84401],[-64.3501,-54.84363]]]]}}]}