{"type":"FeatureCollection","name":"atlas-land","crs":{"type":"name","properties":{"name":"urn:ogc:def:crs:OGC:1.3:CRS84"}},"features":[{"type":"Feature","properties":{"kind":"provincia","nam":"Ciudad Autónoma de Buenos Aires","focus":false},"geometry":{"type":"MultiPolygon","coordinates":[[[[-58.45535,-34.52776],[-58.33515,-34.62707],[-58.46121,-34.70541],[-58.52888,-34.65463],[-58.53151,-34.61551],[-58.50077,-34.54946],[-58.45535,-34.52776]]]]}},{"type":"Feature","properties":{"kind":"provincia","nam":"San Luis","focus":false},"geometry":{"type":"MultiPolygon","coordinates":[[[[-67.13673,-31.8338],[-66.60454,-31.92338],[-66.36695,-31.99802],[-66.29903,-31.93131],[-66.07925,-31.97193],[-66.06924,-31.93647],[-65.97903,-31.88916],[-65.62804,-31.89863],[-65.24583,-32.08901],[-65.21205,-32.32674],[-64.94355,-32.29799],[-64.92333,-32.32779],[-64.91915,-32.48379],[-64.8827,-32.53161],[-64.92147,-32.62362],[-64.90946,-32.6854],[-64.94819,-32.72284],[-64.96306,-32.86325],[-65.02231,-32.97304],[-64.9997,-33.00266],[-65.0708,-33.13828],[-65.143,-33.19477],[-65.10923,-33.95057],[-65.10781,-35.99906],[-66.63785,-36.00059],[-66.62224,-35.84836],[-66.54767,-35.63877],[-66.57024,-35.58116],[-66.52515,-35.5402],[-66.49556,-35.31054],[-66.51951,-35.27429],[-66.48416,-35.24081],[-66.478,-35.14187],[-66.54092,-35.01487],[-66.52492,-34.9436],[-66.56116,-34.83275],[-66.64967,-34.75833],[-66.64061,-34.71748],[-66.69011,-34.69073],[-66.70306,-34.61978],[-66.7572,-34.5666],[-66.75437,-34.44312],[-66.79531,-34.41137],[-66.76418,-34.37905],[-66.81189,-34.3451],[-66.77612,-34.29861],[-66.78426,-34.23256],[-66.71888,-34.21193],[-66.73374,-34.13696],[-66.66612,-33.9592],[-66.87326,-33.83295],[-66.88326,-33.76871],[-67.00482,-33.66731],[-66.99847,-33.63273],[-67.13543,-33.46456],[-67.18018,-33.25224],[-67.17929,-33.00351],[-67.23235,-32.885],[-67.16633,-32.75872],[-67.25687,-32.62553],[-67.26281,-32.55315],[-67.29734,-32.53613],[-67.28926,-32.44307],[-67.32048,-32.38917],[-67.2638,-32.38186],[-67.27801,-32.29232],[-67.37039,-32.24628],[-67.38197,-32.21126],[-67.37924,-31.86812],[-67.24154,-31.8808],[-67.13673,-31.8338]]]]}},{"type":"Feature","properties":{"kind":"provincia","nam":"Santa Fe","focus":false},"geometry":{"type":"MultiPolygon","coordinates":[[[[-61.71204,-27.99855],[-58.884,-28.0],[-58.88082,-28.06682],[-58.94511,-28.13377],[-59.06241,-28.12811],[-59.10787,-28.22277],[-59.08598,-28.43597],[-59.04886,-28.49331],[-59.10001,-28.5764],[-59.0786,-28.66749],[-59.16045,-28.79479],[-59.19972,-29.03154],[-59.25754,-29.0896],[-59.34677,-29.11435],[-59.40781,-29.22138],[-59.50063,-29.24352],[-59.51979,-29.34319],[-59.60428,-29.39474],[-59.59018,-29.56978],[-59.61755,-29.77584],[-59.65967,-29.84318],[-59.56639,-30.00808],[-59.63658,-30.23746],[-59.71082,-30.27029],[-59.66651,-30.36625],[-59.72356,-30.4089],[-59.6514,-30.51098],[-59.64586,-30.59704],[-59.67841,-30.64691],[-59.6333,-30.71393],[-59.69939,-30.76907],[-59.73485,-30.87662],[-59.81818,-30.9425],[-59.87793,-31.05621],[-59.96338,-31.11987],[-60.00269,-31.23859],[-60.10559,-31.28992],[-60.08679,-31.34698],[-60.14349,-31.4436],[-60.21235,-31.46782],[-60.244,-31.5304],[-60.33281,-31.54716],[-60.33067,-31.60855],[-60.46759,-31.6983],[-60.63879,-31.742],[-60.63857,-31.78748],[-60.67578,-31.81171],[-60.65723,-31.91132],[-60.72185,-31.96618],[-60.65601,-32.06708],[-60.70038,-32.14977],[-60.67902,-32.31953],[-60.71899,-32.33404],[-60.72382,-32.45612],[-60.77618,-32.50702],[-60.716,-32.77362],[-60.65887,-32.83118],[-60.67621,-32.8996],[-60.49341,-33.13141],[-60.39206,-33.18898],[-60.30306,-33.18351],[-60.29783,-33.24228],[-60.25239,-33.27542],[-60.26711,-33.26594],[-60.27271,-33.26386],[-60.33529,-33.4121],[-60.41022,-33.46789],[-60.46282,-33.63419],[-60.55695,-33.6466],[-60.68458,-33.58516],[-60.78195,-33.57897],[-60.81825,-33.54029],[-60.87909,-33.55473],[-60.93403,-33.65473],[-61.71975,-34.38555],[-62.88391,-34.38655],[-61.92325,-33.11958],[-61.78767,-33.0062],[-61.7957,-32.77397],[-61.85799,-32.69455],[-61.94663,-32.67848],[-61.88949,-32.6108],[-61.92638,-32.58403],[-61.90248,-32.56862],[-61.93057,-32.54451],[-61.91451,-32.49466],[-62.03789,-32.26291],[-62.14535,-32.19348],[-62.19678,-32.11477],[-62.1678,-31.98601],[-62.22349,-31.88393],[-62.24168,-31.69968],[-62.12349,-31.60541],[-61.84218,-30.74432],[-62.13065,-30.48043],[-61.71204,-27.99855]]]]}},{"type":"Feature","properties":{"kind":"provincia","nam":"Tucumán","focus":false},"geometry":{"type":"MultiPolygon","coordinates":[[[[-65.35915,-26.05944],[-65.29791,-26.08174],[-65.27534,-26.17124],[-65.04073,-26.22993],[-65.03951,-26.29033],[-64.97252,-26.27438],[-64.95118,-26.30685],[-64.79041,-26.22372],[-64.6665,-26.2427],[-64.49752,-26.21615],[-64.48179,-26.30759],[-64.53477,-26.41012],[-64.49858,-26.67359],[-64.58702,-26.65793],[-64.61789,-26.80269],[-64.70739,-26.82004],[-64.85426,-27.3183],[-64.97437,-27.35092],[-65.00887,-27.48371],[-64.96812,-27.50537],[-64.96622,-27.55129],[-65.02712,-27.58715],[-64.98603,-27.74165],[-65.02814,-27.75271],[-65.03904,-27.87926],[-65.15958,-27.87702],[-65.1708,-27.94646],[-65.37088,-27.84614],[-65.49845,-27.92277],[-65.57633,-28.01412],[-65.61749,-27.97169],[-65.66627,-27.97324],[-65.70391,-27.80809],[-65.75324,-27.76997],[-65.79882,-27.78676],[-65.83226,-27.85092],[-65.86549,-27.68901],[-65.93003,-27.64651],[-65.97118,-27.52444],[-65.97197,-27.33293],[-66.13958,-27.26183],[-65.85779,-26.9292],[-65.90047,-26.86379],[-65.83016,-26.74422],[-66.04219,-26.60037],[-66.17124,-26.63121],[-66.17693,-26.47245],[-66.15827,-26.40136],[-66.11913,-26.37697],[-66.09976,-26.22049],[-65.71776,-26.35247],[-65.68852,-26.11726],[-65.61363,-26.12347],[-65.54815,-26.08753],[-65.42456,-26.10901],[-65.35915,-26.05944]]]]}},{"type":"Feature","properties":{"kind":"provincia","nam":"Jujuy","focus":false},"geometry":{"type":"MultiPolygon","coordinates":[[[[-66.24279,-21.79329],[-66.07631,-21.83498],[-66.04817,-21.91902],[-65.92478,-21.93355],[-65.74826,-22.10914],[-65.57464,-22.0762],[-65.18657,-22.08535],[-65.2403,-22.27925],[-65.22661,-22.32015],[-65.26273,-22.33826],[-65.34712,-22.5201],[-65.35069,-22.60226],[-65.27166,-22.64823],[-65.30606,-22.7304],[-65.25169,-22.92796],[-65.18891,-22.99815],[-65.06683,-23.04726],[-65.07169,-23.13765],[-65.04502,-23.15574],[-65.07197,-23.22032],[-65.01011,-23.28511],[-64.94728,-23.26915],[-64.91018,-23.31081],[-64.90666,-23.42379],[-64.86422,-23.48496],[-64.78748,-23.49616],[-64.76115,-23.47566],[-64.68253,-23.45243],[-64.53256,-23.52136],[-64.44833,-23.63942],[-64.39319,-23.61007],[-64.35433,-23.518],[-64.15706,-23.51804],[-64.16184,-24.22106],[-64.28878,-24.40712],[-64.31834,-24.42716],[-64.42165,-24.40221],[-64.5,-24.50637],[-64.53576,-24.50762],[-64.56013,-24.57723],[-64.64755,-24.61336],[-64.8427,-24.46708],[-64.88548,-24.52084],[-64.88371,-24.57188],[-64.92741,-24.59977],[-65.07967,-24.56218],[-65.19412,-24.45986],[-65.31731,-24.50234],[-65.46429,-24.43058],[-65.54042,-24.45152],[-65.65633,-24.37742],[-65.67084,-24.25293],[-65.72502,-24.186],[-65.74627,-24.06244],[-65.86737,-24.00333],[-65.94755,-24.00716],[-65.94201,-23.96746],[-65.99257,-23.97995],[-66.02193,-23.86171],[-65.98722,-23.50965],[-66.16374,-23.41544],[-66.23962,-23.49246],[-66.26491,-23.56625],[-66.31113,-23.56138],[-66.36758,-23.69462],[-66.36814,-23.97191],[-66.33945,-23.98435],[-66.36229,-24.08736],[-66.48336,-24.213],[-66.64628,-24.17251],[-66.74574,-24.08923],[-66.83737,-24.07074],[-66.88064,-23.97439],[-66.94112,-23.98404],[-66.99284,-23.88991],[-67.21305,-23.69492],[-66.9905,-23.00001],[-67.1805,-22.81413],[-67.12775,-22.72211],[-67.01408,-22.65481],[-67.02725,-22.54088],[-66.97294,-22.54066],[-66.92856,-22.49223],[-66.78247,-22.43808],[-66.73928,-22.23846],[-66.34775,-22.12803],[-66.2886,-22.08695],[-66.24279,-21.79329]]]]}},{"type":"Feature","properties":{"kind":"provincia","nam":"Santiago del Estero","focus":false},"geometry":{"type":"MultiPolygon","coordinates":[[[[-63.42241,-25.64922],[-61.71182,-25.65474],[-61.71204,-27.99855],[-62.13065,-30.48043],[-62.17379,-30.34531],[-62.52008,-30.3419],[-62.59362,-30.25958],[-62.5968,-30.16574],[-62.55648,-30.06279],[-62.65544,-30.05529],[-62.66237,-29.99926],[-62.79134,-29.96059],[-62.83855,-29.86588],[-62.80634,-29.83377],[-63.45962,-29.75693],[-63.46535,-29.66448],[-63.719,-29.66622],[-63.81182,-29.57913],[-63.87386,-29.63079],[-63.9578,-29.6235],[-63.9808,-29.55103],[-64.27548,-29.49867],[-64.82463,-29.5743],[-64.82594,-29.47365],[-64.78597,-29.4055],[-64.84229,-29.31275],[-64.82475,-29.27378],[-64.78097,-29.26759],[-64.85449,-29.1974],[-64.90113,-28.84131],[-65.01663,-28.73781],[-65.12684,-28.71622],[-65.13652,-28.64688],[-65.18833,-28.61915],[-65.12589,-28.61147],[-65.09709,-28.47094],[-65.11239,-28.18665],[-65.17813,-27.91642],[-65.15958,-27.87702],[-65.03904,-27.87926],[-65.02814,-27.75271],[-64.98603,-27.74165],[-65.02712,-27.58715],[-64.96622,-27.55129],[-64.96812,-27.50537],[-65.00887,-27.48371],[-64.97437,-27.35092],[-64.85426,-27.3183],[-64.70739,-26.82004],[-64.61789,-26.80269],[-64.58702,-26.65793],[-64.49858,-26.67359],[-64.53477,-26.41012],[-64.48179,-26.30759],[-64.5021,-26.23948],[-64.41668,-26.1143],[-64.41301,-26.04048],[-64.26797,-25.70057],[-64.02555,-25.75394],[-64.00784,-25.67377],[-63.47552,-25.70995],[-63.42241,-25.64922]]]]}},{"type":"Feature","properties":{"kind":"provincia","nam":"Córdoba","focus":false},"geometry":{"type":"MultiPolygon","coordinates":[[[[-63.89431,-29.6286],[-63.84191,-29.58077],[-63.78377,-29.58417],[-63.79605,-29.61443],[-63.719,-29.66622],[-63.46535,-29.66448],[-63.45962,-29.75693],[-62.80634,-29.83377],[-62.83855,-29.86588],[-62.79134,-29.96059],[-62.66237,-29.99926],[-62.65544,-30.05529],[-62.55648,-30.06279],[-62.5968,-30.16574],[-62.59362,-30.25958],[-62.52008,-30.3419],[-62.17379,-30.34531],[-62.13065,-30.48043],[-61.84218,-30.74432],[-62.12349,-31.60541],[-62.24168,-31.69968],[-62.22349,-31.88393],[-62.1678,-31.98601],[-62.19678,-32.11477],[-62.14535,-32.19348],[-62.03789,-32.26291],[-61.91451,-32.49466],[-61.93057,-32.54451],[-61.90248,-32.56862],[-61.92638,-32.58403],[-61.88949,-32.6108],[-61.94663,-32.67848],[-61.85799,-32.69455],[-61.7957,-32.77397],[-61.78767,-33.0062],[-61.92325,-33.11958],[-62.88391,-34.38655],[-63.38508,-34.38576],[-63.38573,-35.00222],[-65.10676,-35.01533],[-65.143,-33.19477],[-65.0708,-33.13828],[-64.9997,-33.00266],[-65.02231,-32.97304],[-64.96306,-32.86325],[-64.97067,-32.80505],[-64.90946,-32.6854],[-64.92147,-32.62362],[-64.88287,-32.52972],[-64.91915,-32.48379],[-64.94141,-32.29834],[-65.21205,-32.32674],[-65.24583,-32.08901],[-65.62804,-31.89863],[-65.76982,-31.88861],[-65.77146,-31.04416],[-65.52524,-30.49082],[-65.42299,-30.1196],[-65.15827,-30.04727],[-64.93793,-29.84751],[-64.96405,-29.59609],[-64.27548,-29.49867],[-63.9808,-29.55103],[-63.9578,-29.6235],[-63.89431,-29.6286]]]]}},{"type":"Feature","properties":{"kind":"provincia","nam":"La Pampa","focus":false},"geometry":{"type":"MultiPolygon","coordinates":[[[[-63.38588,-35.01093],[-63.38327,-39.32849],[-63.51201,-39.31266],[-63.55803,-39.26145],[-63.74299,-39.18885],[-63.78821,-39.10919],[-63.83495,-39.13631],[-63.8703,-39.09595],[-63.9328,-39.09351],[-63.93346,-39.06159],[-64.0137,-39.0009],[-64.06249,-39.01003],[-64.3974,-38.87323],[-65.11345,-38.79971],[-65.37453,-38.85588],[-65.58494,-38.77453],[-65.69112,-38.83478],[-66.08464,-38.72527],[-66.31506,-38.76129],[-66.53862,-38.72085],[-66.60714,-38.67909],[-66.57819,-38.6228],[-66.63588,-38.54207],[-66.89697,-38.44373],[-66.99579,-38.44568],[-67.15299,-38.3568],[-67.18761,-38.2145],[-67.54791,-38.25629],[-67.65649,-38.20178],[-67.75065,-38.05613],[-67.85075,-38.06547],[-67.90328,-37.98209],[-67.73648,-37.85805],[-67.72079,-37.81059],[-67.78558,-37.65228],[-67.87059,-37.61288],[-68.25425,-37.57193],[-68.25018,-36.17249],[-68.29613,-36.17255],[-68.29641,-35.99762],[-65.10781,-35.99906],[-65.10676,-35.01533],[-63.38588,-35.01093]]]]}},{"type":"Feature","properties":{"kind":"provincia","nam":"Chaco","focus":false},"geometry":{"type":"MultiPolygon","coordinates":[[[[-62.32434,-24.12318],[-62.18268,-24.15503],[-62.18078,-24.19515],[-62.1361,-24.19602],[-62.13847,-24.21869],[-62.07643,-24.2013],[-62.08286,-24.23046],[-62.05529,-24.21128],[-62.04103,-24.24049],[-61.945,-24.23918],[-61.95451,-24.26141],[-61.90784,-24.25943],[-61.90852,-24.30676],[-61.88368,-24.26664],[-61.87932,-24.30732],[-61.79859,-24.33635],[-61.76151,-24.30672],[-61.69401,-24.36596],[-61.69449,-24.41515],[-61.58284,-24.44159],[-61.5964,-24.47929],[-61.51861,-24.51914],[-61.45396,-24.61217],[-61.23006,-24.63521],[-61.19726,-24.66127],[-61.20807,-24.69803],[-61.18015,-24.72251],[-61.17064,-24.69993],[-61.15686,-24.70384],[-61.14402,-24.80498],[-60.92155,-24.97928],[-60.94009,-25.00441],[-60.82173,-25.03429],[-60.81412,-25.07456],[-60.74852,-25.06937],[-60.76754,-25.09058],[-60.72145,-25.12521],[-60.65345,-25.11958],[-60.67056,-25.14901],[-60.63063,-25.17756],[-60.57121,-25.16977],[-60.56836,-25.19876],[-60.52965,-25.17178],[-60.4275,-25.3154],[-60.35429,-25.32274],[-60.34621,-25.38019],[-60.31294,-25.3884],[-60.32292,-25.42423],[-60.29582,-25.40998],[-60.27443,-25.46653],[-60.22452,-25.48508],[-60.23783,-25.55927],[-60.20503,-25.57393],[-60.22642,-25.586],[-60.18411,-25.61143],[-60.17698,-25.6597],[-60.14228,-25.63729],[-60.01156,-25.72947],[-59.97971,-25.72301],[-59.95499,-25.76994],[-59.87751,-25.80221],[-59.87906,-25.84199],[-59.8268,-25.88994],[-59.75346,-25.92072],[-59.72509,-25.99976],[-59.67117,-26.0033],[-59.66046,-26.1434],[-59.60586,-26.11463],[-59.57423,-26.15281],[-59.4383,-26.14913],[-59.38131,-26.26172],[-59.40329,-26.29948],[-59.35751,-26.33797],[-59.31299,-26.31895],[-59.25241,-26.34871],[-59.14023,-26.29944],[-59.15387,-26.31686],[-59.11028,-26.326],[-59.12882,-26.34399],[-58.98572,-26.38],[-58.84561,-26.51922],[-58.77228,-26.53692],[-58.74438,-26.60265],[-58.68942,-26.59415],[-58.68155,-26.64249],[-58.57218,-26.68752],[-58.56912,-26.7277],[-58.4733,-26.82822],[-58.39676,-26.83249],[-58.38152,-26.88928],[-58.50282,-26.92789],[-58.46809,-26.99144],[-58.52109,-27.00385],[-58.50021,-27.05376],[-58.55604,-27.0357],[-58.55737,-27.11218],[-58.65221,-27.13056],[-58.66163,-27.18658],[-58.5911,-27.22913],[-58.61649,-27.31863],[-58.78101,-27.38178],[-58.8814,-27.49789],[-58.88275,-27.60852],[-58.81878,-27.68118],[-58.80971,-27.78341],[-58.8653,-28.05665],[-58.89241,-28.04567],[-58.884,-28.0],[-61.71204,-27.99855],[-61.71182,-25.65474],[-63.42241,-25.64922],[-62.34235,-24.39211],[-62.32672,-24.07868],[-62.32434,-24.12318]]]]}},{"type":"Feature","properties":{"kind":"provincia","nam":"Formosa","focus":false},"geometry":{"type":"MultiPolygon","coordinates":[[[[-62.34226,-22.46094],[-62.29037,-22.47443],[-62.28707,-22.52266],[-62.2341,-22.54433],[-62.26421,-22.60021],[-62.24235,-22.62836],[-62.2072,-22.6458],[-62.18896,-22.62255],[-62.19699,-22.71428],[-61.99899,-22.93051],[-61.99712,-23.01018],[-61.75442,-23.17109],[-61.7349,-23.23575],[-61.6708,-23.28452],[-61.57295,-23.30403],[-61.56656,-23.33938],[-61.51496,-23.35215],[-61.49412,-23.42444],[-61.35207,-23.44995],[-61.2469,-23.5408],[-61.12189,-23.5849],[-60.98681,-23.81287],[-60.93393,-23.80033],[-60.84734,-23.87155],[-60.61237,-23.90358],[-60.58884,-23.95885],[-60.4778,-23.951],[-60.2951,-24.0414],[-60.039,-24.0117],[-59.47419,-24.33347],[-59.42128,-24.40888],[-59.3741,-24.42187],[-59.35049,-24.48305],[-59.12781,-24.61795],[-58.97297,-24.66206],[-58.80736,-24.77241],[-58.72699,-24.77433],[-58.6735,-24.83151],[-58.57358,-24.82103],[-58.4737,-24.86091],[-58.33368,-25.00002],[-58.22465,-24.92711],[-58.13716,-25.01168],[-58.09057,-25.00875],[-58.06867,-25.04571],[-58.00574,-25.03506],[-57.97538,-25.08627],[-57.86113,-25.08159],[-57.83701,-25.13143],[-57.7535,-25.17647],[-57.70285,-25.3222],[-57.5606,-25.45271],[-57.57265,-25.55605],[-57.61685,-25.61607],[-57.67498,-25.597],[-57.67807,-25.66107],[-57.74278,-25.65188],[-57.76665,-25.70013],[-57.72712,-25.71504],[-57.77356,-25.75761],[-57.82735,-25.75375],[-57.79656,-25.82486],[-57.85847,-25.858],[-57.83677,-25.9156],[-57.8953,-25.96071],[-57.85476,-26.00845],[-58.09093,-26.11628],[-58.11966,-26.1865],[-58.15901,-26.18119],[-58.10423,-26.22989],[-58.16383,-26.26437],[-58.15967,-26.34882],[-58.22173,-26.3995],[-58.1809,-26.4574],[-58.234,-26.47425],[-58.1913,-26.64635],[-58.26022,-26.64509],[-58.246,-26.75034],[-58.29335,-26.75776],[-58.28398,-26.79539],[-58.33486,-26.80956],[-58.32527,-26.86967],[-58.37824,-26.87984],[-58.40104,-26.82993],[-58.4733,-26.82822],[-58.56912,-26.7277],[-58.57218,-26.68752],[-58.68155,-26.64249],[-58.68942,-26.59415],[-58.74438,-26.60265],[-58.77228,-26.53692],[-58.84561,-26.51922],[-58.98572,-26.38],[-59.12882,-26.34399],[-59.11028,-26.326],[-59.15387,-26.31686],[-59.14023,-26.29944],[-59.25241,-26.34871],[-59.31299,-26.31895],[-59.35751,-26.33797],[-59.40329,-26.29948],[-59.38131,-26.26172],[-59.4383,-26.14913],[-59.57423,-26.15281],[-59.60586,-26.11463],[-59.66046,-26.1434],[-59.67117,-26.0033],[-59.72509,-25.99976],[-59.75346,-25.92072],[-59.8268,-25.88994],[-59.87906,-25.84199],[-59.87751,-25.80221],[-59.95499,-25.76994],[-59.97971,-25.72301],[-60.01156,-25.72947],[-60.14228,-25.63729],[-60.17698,-25.6597],[-60.18411,-25.61143],[-60.22642,-25.586],[-60.20503,-25.57393],[-60.23783,-25.55927],[-60.22452,-25.48508],[-60.27443,-25.46653],[-60.29582,-25.40998],[-60.32292,-25.42423],[-60.31294,-25.3884],[-60.34621,-25.38019],[-60.35429,-25.32274],[-60.4275,-25.3154],[-60.52965,-25.17178],[-60.56836,-25.19876],[-60.57121,-25.16977],[-60.63063,-25.17756],[-60.67056,-25.14901],[-60.65345,-25.11958],[-60.72145,-25.12521],[-60.76754,-25.09058],[-60.74852,-25.06937],[-60.81412,-25.07456],[-60.82173,-25.03429],[-60.94009,-25.00441],[-60.92155,-24.97928],[-61.14402,-24.80498],[-61.15686,-24.70384],[-61.18015,-24.72251],[-61.20807,-24.69803],[-61.19726,-24.66127],[-61.23006,-24.63521],[-61.45396,-24.61217],[-61.51861,-24.51914],[-61.5964,-24.47929],[-61.58284,-24.44159],[-61.69449,-24.41515],[-61.69401,-24.36596],[-61.76151,-24.30672],[-61.79859,-24.33635],[-61.87932,-24.30732],[-61.88368,-24.26664],[-61.90852,-24.30676],[-61.90784,-24.25943],[-61.95451,-24.26141],[-61.945,-24.23918],[-62.04103,-24.24049],[-62.05529,-24.21128],[-62.08286,-24.23046],[-62.07643,-24.2013],[-62.13847,-24.21869],[-62.1361,-24.19602],[-62.18078,-24.19515],[-62.18268,-24.15503],[-62.32434,-24.12318],[-62.32672,-24.07868],[-62.34216,-24.11025],[-62.34226,-22.46094]]]]}},{"type":"Feature","properties":{"kind":"provincia","nam":"Chubut","focus":false},"geometry":{"type":"MultiPolygon","coordinates":[[[[-71.77374,-42.0],[-65.06925,-42.0],[-65.01399,-42.09338],[-64.88028,-42.1808],[-64.46421,-42.23952],[-64.55856,-42.30746],[-64.61881,-42.41503],[-64.43855,-42.43981],[-64.30154,-42.40394],[-64.12425,-42.42966],[-64.04304,-42.3513],[-64.08982,-42.25341],[-64.37875,-42.23834],[-64.07511,-42.17833],[-63.93496,-42.10328],[-63.7703,-42.07378],[-63.60303,-42.31543],[-63.5828,-42.60735],[-63.63981,-42.69976],[-63.62996,-42.76463],[-63.67733,-42.79204],[-64.11045,-42.87895],[-64.25356,-42.76515],[-64.21114,-42.62541],[-64.27341,-42.61773],[-64.26277,-42.58562],[-64.30896,-42.58594],[-64.34373,-42.5315],[-64.62917,-42.49633],[-64.83361,-42.61055],[-64.9798,-42.64914],[-65.03607,-42.73056],[-65.01534,-42.7817],[-64.62913,-42.91938],[-64.39682,-42.95959],[-64.33032,-42.93592],[-64.30768,-42.97916],[-64.45896,-43.06447],[-64.75761,-43.1506],[-64.97634,-43.25497],[-65.05029,-43.32828],[-65.05258,-43.40258],[-65.33291,-43.6575],[-65.35462,-43.76447],[-65.31119,-43.79558],[-65.32858,-43.84567],[-65.29942,-43.93344],[-65.23114,-43.9727],[-65.25158,-44.02764],[-65.18794,-44.03546],[-65.24112,-44.07782],[-65.2204,-44.13679],[-65.28769,-44.15476],[-65.31177,-44.20427],[-65.21674,-44.36674],[-65.33446,-44.456],[-65.27929,-44.51742],[-65.36789,-44.5115],[-65.35941,-44.53738],[-65.39448,-44.55534],[-65.35822,-44.57378],[-65.36634,-44.58735],[-65.46164,-44.57578],[-65.46339,-44.60023],[-65.63837,-44.66587],[-65.7287,-44.81158],[-65.70467,-44.87526],[-65.57289,-44.89561],[-65.5743,-44.91068],[-65.56086,-44.90358],[-65.55627,-44.91312],[-65.54376,-44.91041],[-65.53577,-44.92076],[-65.52567,-44.92416],[-65.51982,-44.92974],[-65.59453,-44.95737],[-65.58431,-45.00667],[-65.62561,-45.00935],[-65.60226,-45.02715],[-65.64559,-45.05092],[-65.6813,-45.02886],[-65.68994,-45.06201],[-65.74046,-45.02396],[-65.80941,-45.01542],[-65.82872,-45.03912],[-65.84653,-45.00207],[-65.93444,-45.04944],[-66.01969,-44.99887],[-66.19461,-44.9822],[-66.27623,-45.06534],[-66.3592,-45.03974],[-66.51713,-45.09694],[-66.53302,-45.14238],[-66.45899,-45.14696],[-66.47317,-45.16588],[-66.5997,-45.13941],[-66.59447,-45.17162],[-66.5141,-45.19678],[-66.51865,-45.2229],[-66.84131,-45.23001],[-66.96402,-45.27299],[-67.34507,-45.62302],[-67.36855,-45.78726],[-67.45475,-45.81947],[-67.45641,-45.86144],[-67.55207,-45.92568],[-67.53122,-45.95896],[-67.59571,-45.99987],[-71.64601,-45.99991],[-71.61314,-45.96309],[-71.65259,-45.88976],[-71.76914,-45.84619],[-71.74227,-45.80611],[-71.80105,-45.72089],[-71.77305,-45.68124],[-71.79553,-45.66493],[-71.7266,-45.57746],[-71.76353,-45.56031],[-71.68213,-45.51508],[-71.55956,-45.52358],[-71.46892,-45.49364],[-71.53394,-45.43297],[-71.52946,-45.3927],[-71.43825,-45.39582],[-71.44627,-45.36766],[-71.33591,-45.32203],[-71.33298,-45.24139],[-71.52654,-45.10312],[-71.50542,-45.07221],[-71.55799,-45.03148],[-71.55972,-44.97745],[-71.74211,-44.95835],[-71.75384,-44.92648],[-71.81722,-44.91979],[-71.87991,-44.95939],[-72.03715,-44.90282],[-72.06559,-44.85],[-72.02698,-44.80582],[-72.06694,-44.7596],[-71.9275,-44.80404],[-71.91461,-44.77661],[-71.81546,-44.79309],[-71.78648,-44.75226],[-71.66634,-44.78721],[-71.47421,-44.73707],[-71.29182,-44.81395],[-71.20597,-44.75045],[-71.19584,-44.6849],[-71.23549,-44.64092],[-71.20085,-44.59164],[-71.1019,-44.59069],[-71.09146,-44.53255],[-71.16373,-44.50104],[-71.12969,-44.4718],[-71.17111,-44.4391],[-71.34889,-44.4248],[-71.3862,-44.38527],[-71.65788,-44.40899],[-71.71169,-44.37922],[-71.81507,-44.41612],[-71.83902,-44.34998],[-71.78697,-44.33043],[-71.82954,-44.26537],[-71.78002,-44.21719],[-71.84667,-44.15924],[-71.84866,-44.11353],[-71.75943,-44.09961],[-71.64878,-43.94592],[-71.66643,-43.90123],[-71.70738,-43.89449],[-71.70872,-43.85574],[-71.76275,-43.84058],[-71.75342,-43.78818],[-71.66036,-43.70238],[-71.59978,-43.69697],[-71.58146,-43.65168],[-71.70346,-43.62525],[-71.70798,-43.5845],[-71.75741,-43.58423],[-71.77652,-43.53869],[-71.87748,-43.55108],[-71.84863,-43.48289],[-71.93423,-43.4491],[-71.93321,-43.38656],[-71.89374,-43.38009],[-71.90439,-43.32189],[-71.7346,-43.31433],[-71.75725,-43.22827],[-71.7292,-43.20025],[-71.9329,-43.10213],[-71.93631,-43.05277],[-72.03617,-43.01339],[-72.14255,-42.89987],[-72.11829,-42.8817],[-72.16502,-42.79831],[-72.12842,-42.73105],[-72.1787,-42.6892],[-72.12264,-42.67245],[-72.09625,-42.6415],[-72.11897,-42.60281],[-72.05208,-42.56493],[-72.01211,-42.49491],[-72.0475,-42.45209],[-72.02799,-42.40792],[-72.13179,-42.38416],[-72.12073,-42.32422],[-72.16814,-42.25938],[-72.1753,-42.14195],[-72.06727,-42.14743],[-72.05227,-42.11402],[-71.95685,-42.14133],[-71.92466,-42.19028],[-71.78009,-42.14779],[-71.72548,-42.10991],[-71.72619,-42.04829],[-71.77374,-42.0]]],[[[-66.01975,-45.08641],[-65.98593,-45.10328],[-65.96413,-45.10889],[-66.00784,-45.10425],[-66.01975,-45.08641]]],[[[-65.61639,-45.04226],[-65.60929,-45.0602],[-65.62402,-45.04606],[-65.61639,-45.04226]]],[[[-65.95953,-45.10237],[-65.94544,-45.11882],[-65.96368,-45.10373],[-65.95953,-45.10237]]],[[[-65.71766,-45.04836],[-65.70491,-45.05696],[-65.72301,-45.0539],[-65.71766,-45.04836]]],[[[-66.40822,-45.19375],[-66.40211,-45.18555],[-66.39288,-45.19062],[-66.40822,-45.19375]]],[[[-65.58881,-45.05606],[-65.57771,-45.06305],[-65.59287,-45.06017],[-65.58881,-45.05606]]],[[[-66.50204,-45.17595],[-66.49272,-45.18082],[-66.50433,-45.17657],[-66.50204,-45.17595]]],[[[-65.66675,-44.76912],[-65.65298,-44.77504],[-65.66972,-44.76919],[-65.66675,-44.76912]]],[[[-65.75957,-45.03471],[-65.75136,-45.03688],[-65.76696,-45.03755],[-65.75957,-45.03471]]],[[[-65.86951,-45.03124],[-65.86671,-45.0395],[-65.87453,-45.03288],[-65.86951,-45.03124]]],[[[-66.33732,-45.05361],[-66.33942,-45.05736],[-66.34431,-45.05339],[-66.33732,-45.05361]]],[[[-65.25492,-44.15263],[-65.26288,-44.15325],[-65.25448,-44.1501],[-65.25492,-44.15263]]],[[[-66.05334,-45.12732],[-66.06071,-45.13224],[-66.06283,-45.13165],[-66.05334,-45.12732]]],[[[-65.26272,-44.25896],[-65.26337,-44.26291],[-65.26998,-44.26176],[-65.26272,-44.25896]]],[[[-65.80638,-45.06103],[-65.81037,-45.0674],[-65.81214,-45.06348],[-65.80638,-45.06103]]],[[[-65.38194,-44.59845],[-65.38728,-44.59742],[-65.38455,-44.59479],[-65.38194,-44.59845]]],[[[-66.50098,-45.18466],[-66.50521,-45.18536],[-66.50768,-45.1806],[-66.50098,-45.18466]]],[[[-65.96436,-45.05217],[-65.96941,-45.05054],[-65.96288,-45.04992],[-65.96436,-45.05217]]],[[[-65.23038,-44.27635],[-65.23862,-44.28119],[-65.23051,-44.27544],[-65.23038,-44.27635]]],[[[-65.53994,-44.90552],[-65.54187,-44.90857],[-65.54334,-44.90748],[-65.53994,-44.90552]]],[[[-65.61992,-45.05944],[-65.62061,-45.06227],[-65.62481,-45.06018],[-65.61992,-45.05944]]],[[[-66.3605,-45.1512],[-66.36433,-45.15],[-66.36223,-45.14938],[-66.3605,-45.1512]]],[[[-65.39364,-44.59391],[-65.39315,-44.59742],[-65.39642,-44.59447],[-65.39364,-44.59391]]],[[[-66.40996,-45.09139],[-66.40595,-45.08799],[-66.40295,-45.08868],[-66.40996,-45.09139]]],[[[-66.48579,-45.1794],[-66.48988,-45.18217],[-66.48911,-45.179],[-66.48579,-45.1794]]],[[[-65.62589,-45.05237],[-65.62079,-45.05499],[-65.62626,-45.05259],[-65.62589,-45.05237]]],[[[-65.5702,-44.98826],[-65.57372,-44.99012],[-65.57394,-44.98804],[-65.5702,-44.98826]]],[[[-65.56118,-44.96337],[-65.56664,-44.96362],[-65.56093,-44.96194],[-65.56118,-44.96337]]],[[[-66.69613,-45.24541],[-66.70064,-45.24606],[-66.69675,-45.24407],[-66.69613,-45.24541]]],[[[-65.87905,-45.03889],[-65.87646,-45.04167],[-65.88089,-45.0398],[-65.87905,-45.03889]]],[[[-65.86187,-45.0475],[-65.85993,-45.05161],[-65.86395,-45.05113],[-65.86187,-45.0475]]],[[[-65.6423,-44.76709],[-65.63828,-44.77064],[-65.64337,-44.76737],[-65.6423,-44.76709]]],[[[-66.40434,-45.08434],[-66.40938,-45.08479],[-66.40309,-45.0824],[-66.40434,-45.08434]]],[[[-66.41611,-45.09575],[-66.41998,-45.09433],[-66.41496,-45.09458],[-66.41611,-45.09575]]],[[[-64.51366,-42.41949],[-64.51668,-42.42102],[-64.51855,-42.41808],[-64.51366,-42.41949]]],[[[-66.32381,-45.06656],[-66.31888,-45.06752],[-66.31585,-45.06874],[-66.32381,-45.06656]]],[[[-66.51563,-45.18021],[-66.51862,-45.18058],[-66.51876,-45.1785],[-66.51563,-45.18021]]],[[[-66.50085,-45.16727],[-66.49817,-45.17023],[-66.50024,-45.16853],[-66.50085,-45.16727]]],[[[-66.29613,-45.07624],[-66.29839,-45.07769],[-66.30045,-45.07584],[-66.29613,-45.07624]]],[[[-65.57561,-45.06375],[-65.57727,-45.06518],[-65.57822,-45.06385],[-65.57561,-45.06375]]],[[[-65.56072,-44.99857],[-65.56366,-44.99938],[-65.56359,-44.99652],[-65.56072,-44.99857]]],[[[-65.84335,-45.04726],[-65.84624,-45.04794],[-65.84871,-45.04588],[-65.84335,-45.04726]]],[[[-65.96407,-45.09683],[-65.96625,-45.09875],[-65.96648,-45.09642],[-65.96407,-45.09683]]],[[[-65.91582,-45.04712],[-65.91895,-45.04789],[-65.91862,-45.04543],[-65.91582,-45.04712]]],[[[-65.30785,-44.53584],[-65.31019,-44.53705],[-65.31054,-44.53479],[-65.30785,-44.53584]]],[[[-66.09378,-45.11815],[-66.09746,-45.1179],[-66.09371,-45.11802],[-66.09378,-45.11815]]],[[[-66.33848,-45.06358],[-66.34076,-45.06589],[-66.34155,-45.06474],[-66.33848,-45.06358]]],[[[-65.64865,-44.76732],[-65.65108,-44.76757],[-65.65418,-44.76594],[-65.64865,-44.76732]]],[[[-65.86064,-45.03248],[-65.85979,-45.03501],[-65.86233,-45.0327],[-65.86064,-45.03248]]],[[[-65.96251,-45.04428],[-65.96345,-45.04599],[-65.96415,-45.04364],[-65.96251,-45.04428]]],[[[-66.06908,-45.00485],[-66.07196,-45.00562],[-66.07278,-45.00495],[-66.06908,-45.00485]]],[[[-66.24876,-45.03045],[-66.24966,-45.03216],[-66.25064,-45.03086],[-66.24876,-45.03045]]],[[[-66.5087,-45.1732],[-66.51167,-45.17379],[-66.51065,-45.17225],[-66.5087,-45.1732]]],[[[-66.03667,-45.09177],[-66.03746,-45.09277],[-66.03896,-45.09088],[-66.03667,-45.09177]]],[[[-65.97311,-45.05107],[-65.97611,-45.05158],[-65.97678,-45.05101],[-65.97311,-45.05107]]],[[[-66.04388,-45.09103],[-66.04556,-45.09024],[-66.0423,-45.09058],[-66.04388,-45.09103]]],[[[-65.74781,-45.03511],[-65.74889,-45.03663],[-65.74979,-45.03558],[-65.74781,-45.03511]]],[[[-66.02694,-45.0997],[-66.02927,-45.10035],[-66.02978,-45.09938],[-66.02694,-45.0997]]],[[[-65.84367,-45.04228],[-65.84189,-45.04153],[-65.8412,-45.04224],[-65.84367,-45.04228]]],[[[-65.93892,-45.11805],[-65.93736,-45.11927],[-65.94025,-45.11885],[-65.93892,-45.11805]]],[[[-65.915,-45.03997],[-65.91673,-45.04071],[-65.91651,-45.03984],[-65.915,-45.03997]]],[[[-65.71509,-45.05742],[-65.71653,-45.05812],[-65.71713,-45.05731],[-65.71509,-45.05742]]],[[[-65.80436,-45.04723],[-65.80337,-45.04798],[-65.80623,-45.0479],[-65.80436,-45.04723]]],[[[-65.84313,-45.0489],[-65.84078,-45.04927],[-65.84347,-45.04927],[-65.84313,-45.0489]]],[[[-66.40139,-45.06873],[-66.4023,-45.06958],[-66.40242,-45.06882],[-66.40139,-45.06873]]],[[[-65.91216,-45.04536],[-65.91292,-45.04605],[-65.91325,-45.04548],[-65.91216,-45.04536]]]]}},{"type":"Feature","properties":{"kind":"provincia","nam":"Río Negro","focus":false},"geometry":{"type":"MultiPolygon","coordinates":[[[[-68.25425,-37.57193],[-67.87059,-37.61288],[-67.78558,-37.65228],[-67.72079,-37.81059],[-67.73648,-37.85805],[-67.90328,-37.98209],[-67.85075,-38.06547],[-67.75065,-38.05613],[-67.65649,-38.20178],[-67.54791,-38.25629],[-67.18761,-38.2145],[-67.15299,-38.3568],[-66.99579,-38.44568],[-66.89697,-38.44373],[-66.63588,-38.54207],[-66.57819,-38.6228],[-66.60714,-38.67909],[-66.53862,-38.72085],[-66.31506,-38.76129],[-66.08464,-38.72527],[-65.69112,-38.83478],[-65.58494,-38.77453],[-65.37453,-38.85588],[-65.11345,-38.79971],[-64.3974,-38.87323],[-64.06249,-39.01003],[-64.0137,-39.0009],[-63.93346,-39.06159],[-63.9328,-39.09351],[-63.8703,-39.09595],[-63.83495,-39.13631],[-63.78821,-39.10919],[-63.74299,-39.18885],[-63.55803,-39.26145],[-63.51201,-39.31266],[-63.38327,-39.32849],[-63.37935,-40.71037],[-63.36605,-40.6892],[-63.28531,-40.72943],[-63.19208,-40.71669],[-62.95759,-40.81811],[-62.78967,-41.02416],[-63.11652,-41.15552],[-63.78857,-41.159],[-64.11438,-41.03009],[-64.08179,-41.02667],[-64.09888,-41.00177],[-64.112,-41.02289],[-64.20618,-41.00983],[-64.5412,-40.86493],[-64.74628,-40.8186],[-64.87531,-40.82892],[-64.90491,-40.80548],[-64.84521,-40.78247],[-64.84528,-40.81488],[-64.836,-40.78583],[-64.742,-40.81073],[-64.73358,-40.78693],[-64.75861,-40.76788],[-64.79749,-40.78052],[-64.7735,-40.7428],[-64.80627,-40.72552],[-64.99591,-40.71692],[-64.91669,-40.72729],[-64.95923,-40.74811],[-64.8999,-40.7608],[-65.0069,-40.76117],[-65.09271,-40.81458],[-65.16669,-40.974],[-65.138,-41.22961],[-65.07361,-41.41522],[-64.98779,-41.5188],[-64.98639,-41.57678],[-65.03711,-41.59821],[-64.99768,-41.7666],[-65.01587,-41.83221],[-65.04919,-41.8429],[-65.06925,-42.0],[-71.77374,-42.0],[-71.79771,-41.84294],[-71.75151,-41.82449],[-71.77408,-41.79402],[-71.75363,-41.78672],[-71.81006,-41.72072],[-71.79371,-41.69503],[-71.8854,-41.60636],[-71.84778,-41.56673],[-71.81763,-41.5756],[-71.85239,-41.51553],[-71.83583,-41.43258],[-71.91295,-41.3404],[-71.87638,-41.30804],[-71.89837,-41.25514],[-71.83435,-41.27179],[-71.88777,-41.16694],[-71.83942,-41.14952],[-71.85212,-41.09844],[-71.81793,-41.06205],[-71.8607,-41.03073],[-71.5506,-41.02319],[-71.30621,-41.1001],[-71.14165,-41.05598],[-71.03202,-40.93315],[-71.12079,-40.75822],[-71.09368,-40.72671],[-71.02972,-40.72443],[-70.9765,-40.64868],[-70.85541,-40.59338],[-70.65392,-40.59134],[-70.54248,-40.5036],[-70.42493,-40.53632],[-70.17057,-40.48301],[-70.17494,-40.42761],[-70.06269,-40.37464],[-70.05882,-40.24896],[-69.99203,-40.17997],[-69.95028,-40.17898],[-70.00537,-40.04743],[-69.93175,-39.94358],[-69.69706,-39.84645],[-69.507,-39.81542],[-69.34896,-39.7121],[-69.27228,-39.62903],[-69.2771,-39.59637],[-69.11279,-39.51471],[-68.99988,-39.5152],[-68.9125,-39.41787],[-68.82396,-39.37493],[-68.80239,-39.28491],[-68.66315,-39.21495],[-68.6608,-39.17234],[-68.56174,-39.07648],[-68.30159,-38.97543],[-67.99809,-38.99576],[-68.09405,-38.85865],[-68.12061,-38.74728],[-68.25628,-38.67955],[-68.25425,-37.57193]]],[[[-64.75413,-40.77755],[-64.75998,-40.77439],[-64.75536,-40.77439],[-64.75413,-40.77755]]],[[[-64.83659,-40.75222],[-64.84328,-40.75621],[-64.83683,-40.75145],[-64.83659,-40.75222]]],[[[-64.90498,-40.74001],[-64.90687,-40.74136],[-64.90688,-40.73919],[-64.90498,-40.74001]]]]}},{"type":"Feature","properties":{"kind":"provincia","nam":"Misiones","focus":false},"geometry":{"type":"MultiPolygon","coordinates":[[[[-54.33999,-27.40382],[-54.35334,-27.46627],[-54.41316,-27.40652],[-54.46987,-27.42772],[-54.44635,-27.47416],[-54.53019,-27.50656],[-54.58166,-27.45341],[-54.62228,-27.54204],[-54.67791,-27.51025],[-54.68367,-27.57497],[-54.77447,-27.58511],[-54.81287,-27.53262],[-54.8468,-27.62028],[-54.90505,-27.63865],[-54.90281,-27.72102],[-54.93624,-27.77187],[-55.08394,-27.78597],[-55.02916,-27.85394],[-55.10849,-27.84742],[-55.13438,-27.89615],[-55.1972,-27.85713],[-55.26421,-27.92889],[-55.3226,-27.92442],[-55.38442,-27.98296],[-55.37604,-28.03497],[-55.44775,-28.09906],[-55.49816,-28.08099],[-55.55993,-28.16422],[-55.58848,-28.11849],[-55.63021,-28.13884],[-55.71672,-28.06127],[-55.75847,-28.06035],[-55.74943,-28.0271],[-55.82439,-27.94845],[-55.8463,-27.83244],[-55.82554,-27.79166],[-56.05864,-27.43576],[-56.02426,-27.32426],[-56.00314,-27.34216],[-55.97549,-27.35563],[-55.89635,-27.34272],[-55.78711,-27.44021],[-55.73277,-27.44311],[-55.68332,-27.37876],[-55.58964,-27.33169],[-55.60239,-27.28462],[-55.57408,-27.25026],[-55.61876,-27.18718],[-55.56112,-27.16095],[-55.56132,-27.10132],[-55.45554,-27.10625],[-55.44574,-27.02538],[-55.37574,-26.96617],[-55.25705,-26.9377],[-55.20312,-26.96988],[-55.14146,-26.95346],[-55.14157,-26.86634],[-55.05754,-26.79898],[-54.95626,-26.78136],[-54.94216,-26.68238],[-54.81242,-26.66784],[-54.78478,-26.62326],[-54.80054,-26.53612],[-54.70635,-26.44913],[-54.64757,-26.31147],[-54.67859,-26.26254],[-54.61802,-26.21425],[-54.67252,-26.15628],[-54.64311,-26.09361],[-54.67969,-26.00356],[-54.61073,-25.97779],[-54.62201,-25.9124],[-54.58672,-25.83062],[-54.65524,-25.67038],[-54.58367,-25.66626],[-54.59492,-25.59744],[-54.55533,-25.5877],[-54.42892,-25.69406],[-54.38448,-25.59752],[-54.34734,-25.60606],[-54.28842,-25.55573],[-54.25052,-25.59772],[-54.23056,-25.56301],[-54.17878,-25.58489],[-54.20535,-25.54009],[-54.10256,-25.49431],[-54.12373,-25.56696],[-54.10198,-25.61712],[-54.08109,-25.55825],[-54.04908,-25.58537],[-54.01636,-25.56365],[-53.96226,-25.64348],[-53.94785,-25.61148],[-53.89259,-25.62229],[-53.88999,-25.66128],[-53.84255,-25.6873],[-53.8793,-25.70779],[-53.82212,-25.79333],[-53.85008,-25.8396],[-53.82336,-25.87208],[-53.8499,-25.88377],[-53.81957,-25.89844],[-53.83678,-25.9701],[-53.73455,-26.04261],[-53.74064,-26.11779],[-53.64155,-26.2126],[-53.64531,-26.28559],[-53.71005,-26.38765],[-53.69584,-26.48999],[-53.74191,-26.54495],[-53.70762,-26.56093],[-53.75956,-26.641],[-53.72006,-26.6512],[-53.75795,-26.72029],[-53.71395,-26.75234],[-53.74363,-26.76377],[-53.69928,-26.76879],[-53.71053,-26.81279],[-53.66001,-26.86001],[-53.69666,-26.85918],[-53.67265,-26.94563],[-53.70856,-26.93375],[-53.73695,-26.9743],[-53.71785,-26.99019],[-53.76352,-27.00839],[-53.74725,-27.03218],[-53.78557,-27.02635],[-53.75943,-27.0643],[-53.8023,-27.04031],[-53.7717,-27.07363],[-53.8054,-27.07861],[-53.77635,-27.10343],[-53.81864,-27.10216],[-53.79887,-27.14644],[-53.8367,-27.16966],[-53.8734,-27.12593],[-53.91063,-27.17681],[-53.9518,-27.15283],[-53.96075,-27.19613],[-54.00843,-27.19929],[-54.08446,-27.29978],[-54.15412,-27.29688],[-54.17328,-27.25499],[-54.21475,-27.38352],[-54.26279,-27.39876],[-54.28481,-27.44783],[-54.33999,-27.40382]]],[[[-55.9471,-27.33524],[-55.92889,-27.33834],[-55.96036,-27.34187],[-55.9471,-27.33524]]],[[[-56.0051,-27.33742],[-55.99713,-27.3386],[-55.9962,-27.34027],[-56.0051,-27.33742]]]]}},{"type":"Feature","properties":{"kind":"provincia","nam":"Salta","focus":false},"geometry":{"type":"MultiPolygon","coordinates":[[[[-62.81118,-21.99877],[-62.7896,-22.16392],[-62.76513,-22.15231],[-62.66023,-22.25068],[-62.63253,-22.24157],[-62.63664,-22.30528],[-62.56919,-22.30977],[-62.5186,-22.37824],[-62.46389,-22.37207],[-62.46547,-22.4026],[-62.38061,-22.47358],[-62.34234,-22.45698],[-62.34235,-24.39211],[-63.47552,-25.70995],[-64.00784,-25.67377],[-64.02555,-25.75394],[-64.26797,-25.70057],[-64.41301,-26.04048],[-64.41668,-26.1143],[-64.49492,-26.2195],[-64.66779,-26.24272],[-64.79041,-26.22372],[-64.95118,-26.30685],[-64.97252,-26.27438],[-65.03951,-26.29033],[-65.04073,-26.22993],[-65.27534,-26.17124],[-65.29791,-26.08174],[-65.36108,-26.05829],[-65.42456,-26.10901],[-65.54815,-26.08753],[-65.61363,-26.12347],[-65.68852,-26.11726],[-65.7194,-26.35278],[-66.07138,-26.23873],[-66.19445,-26.13059],[-66.29296,-26.22931],[-66.38202,-26.4168],[-66.53988,-26.35316],[-66.58419,-26.15983],[-66.6622,-26.07573],[-66.77881,-26.04814],[-66.84663,-25.97007],[-66.84757,-25.79627],[-66.87357,-25.76619],[-66.84718,-25.71701],[-66.64858,-25.71203],[-66.60646,-25.62867],[-66.5639,-25.62176],[-66.51855,-25.44033],[-66.5371,-25.37248],[-66.5998,-25.36225],[-66.55819,-25.30065],[-66.87927,-25.24173],[-67.8646,-25.2384],[-68.50703,-25.16833],[-68.45975,-25.12566],[-68.41022,-25.14526],[-68.34424,-25.11077],[-68.3782,-25.03245],[-68.40702,-25.03033],[-68.43259,-24.90587],[-68.5196,-24.87391],[-68.56876,-24.79413],[-68.49263,-24.66538],[-68.4958,-24.60021],[-68.46792,-24.62366],[-68.43482,-24.6067],[-68.38776,-24.48405],[-68.30851,-24.4918],[-68.25989,-24.40233],[-67.32262,-24.03416],[-67.21305,-23.69492],[-66.99284,-23.88991],[-66.94112,-23.98404],[-66.88064,-23.97439],[-66.83737,-24.07074],[-66.74574,-24.08923],[-66.64628,-24.17251],[-66.48336,-24.213],[-66.36229,-24.08736],[-66.33945,-23.98435],[-66.36814,-23.97191],[-66.36758,-23.69462],[-66.31113,-23.56138],[-66.26419,-23.56548],[-66.18429,-23.41461],[-65.98722,-23.50965],[-66.01548,-23.92172],[-65.99091,-23.98174],[-65.93848,-23.97017],[-65.94755,-24.00716],[-65.86737,-24.00333],[-65.74627,-24.06244],[-65.65344,-24.38031],[-65.54042,-24.45152],[-65.46429,-24.43058],[-65.43466,-24.46218],[-65.35884,-24.46132],[-65.32915,-24.50043],[-65.19412,-24.45986],[-65.07967,-24.56218],[-64.92741,-24.59977],[-64.88371,-24.57188],[-64.8457,-24.4667],[-64.72583,-24.5299],[-64.66501,-24.60742],[-64.56013,-24.57723],[-64.53576,-24.50762],[-64.5,-24.50637],[-64.42165,-24.40221],[-64.31834,-24.42716],[-64.28878,-24.40712],[-64.16184,-24.22106],[-64.15706,-23.51804],[-64.35433,-23.518],[-64.39319,-23.61007],[-64.44833,-23.63942],[-64.53256,-23.52136],[-64.68253,-23.45243],[-64.78748,-23.49616],[-64.86422,-23.48496],[-64.90666,-23.42379],[-64.91018,-23.31081],[-64.94728,-23.26915],[-65.01011,-23.28511],[-65.07197,-23.22032],[-65.04502,-23.15574],[-65.07169,-23.13765],[-65.06683,-23.04726],[-65.18891,-22.99815],[-65.25169,-22.92796],[-65.30606,-22.7304],[-65.27166,-22.64823],[-65.35069,-22.60226],[-65.34712,-22.5201],[-65.26273,-22.33826],[-65.22661,-22.32015],[-65.2403,-22.27925],[-65.18657,-22.08535],[-64.99337,-22.08243],[-64.73685,-22.1939],[-64.6171,-22.20516],[-64.53758,-22.28428],[-64.56654,-22.3693],[-64.51285,-22.41254],[-64.52524,-22.44081],[-64.4921,-22.43595],[-64.48328,-22.4802],[-64.41208,-22.53838],[-64.44135,-22.63879],[-64.39473,-22.68568],[-64.40321,-22.7187],[-64.34433,-22.7394],[-64.34086,-22.86158],[-64.31576,-22.88283],[-64.24229,-22.66605],[-64.26459,-22.65016],[-64.24169,-22.55773],[-64.11552,-22.40561],[-64.09509,-22.30877],[-64.06241,-22.23838],[-64.03352,-22.24278],[-64.00004,-22.10768],[-63.95807,-22.08577],[-63.93146,-21.99938],[-63.70907,-21.99934],[-63.68378,-22.05477],[-63.66527,-21.99934],[-62.81118,-21.99877]]]]}},{"type":"Feature","properties":{"kind":"provincia","nam":"Buenos Aires","focus":false},"geometry":{"type":"MultiPolygon","coordinates":[[[[-60.27271,-33.26386],[-60.04484,-33.44753],[-59.82874,-33.52462],[-59.80358,-33.59556],[-59.65641,-33.62167],[-59.61742,-33.69374],[-59.51674,-33.63083],[-59.44897,-33.72449],[-59.24701,-33.72498],[-59.24231,-33.8075],[-59.17358,-33.80701],[-59.13068,-33.84772],[-58.99288,-33.8418],[-58.85487,-33.94721],[-58.76374,-33.94531],[-58.655,-34.03525],[-58.4632,-34.00189],[-58.34499,-34.0384],[-58.37329,-34.15808],[-58.35397,-34.20464],[-58.38543,-34.20987],[-58.40269,-34.25859],[-58.54005,-34.29572],[-58.45412,-34.38802],[-58.51404,-34.44245],[-58.45958,-34.52769],[-58.50077,-34.54946],[-58.52888,-34.65463],[-58.46121,-34.70541],[-58.3431,-34.63024],[-58.17914,-34.74448],[-58.01448,-34.78067],[-57.94734,-34.83348],[-57.87374,-34.82616],[-57.50846,-35.02471],[-57.22335,-35.2728],[-57.12794,-35.44576],[-57.36474,-35.74477],[-57.38245,-35.96674],[-57.27924,-36.13759],[-57.11519,-36.28015],[-56.97163,-36.33436],[-56.81379,-36.33464],[-56.77407,-36.32139],[-56.77683,-36.29308],[-56.74005,-36.31443],[-56.70021,-36.41241],[-56.6661,-36.88061],[-57.1255,-37.49277],[-57.49156,-37.82824],[-57.54141,-37.96849],[-57.54034,-38.04847],[-57.5345,-38.0503],[-57.52657,-38.04278],[-57.5217,-38.04004],[-57.51778,-38.03897],[-57.54487,-38.10059],[-57.85273,-38.2964],[-58.32982,-38.48267],[-59.11137,-38.70044],[-60.85282,-38.97978],[-61.60652,-39.00406],[-61.70674,-38.96547],[-61.8097,-38.99302],[-62.07341,-38.92511],[-62.16591,-38.81205],[-62.2384,-38.7887],[-62.33722,-38.81446],[-62.39748,-38.7957],[-62.39444,-38.83531],[-62.32705,-38.83625],[-62.35195,-38.86304],[-62.32053,-38.90427],[-62.34571,-38.95031],[-62.30038,-38.9934],[-62.31695,-39.00298],[-62.30661,-39.05289],[-62.35416,-39.10111],[-62.33055,-39.11658],[-62.35202,-39.113],[-62.34223,-39.16295],[-62.23741,-39.25159],[-62.31692,-39.26605],[-62.12989,-39.29272],[-62.00921,-39.36749],[-62.08559,-39.39011],[-62.18501,-39.29836],[-62.2885,-39.29864],[-62.26261,-39.34723],[-62.23032,-39.35301],[-62.20312,-39.34685],[-62.23931,-39.36019],[-62.19417,-39.37697],[-62.20759,-39.40104],[-62.14986,-39.38002],[-62.16049,-39.40004],[-62.0455,-39.44742],[-62.11905,-39.66255],[-62.09223,-39.67957],[-62.12271,-39.70767],[-62.11524,-39.84879],[-62.14151,-39.87192],[-62.17977,-39.85352],[-62.26033,-39.85853],[-62.26994,-39.87219],[-62.27224,-39.86964],[-62.26335,-39.86035],[-62.26398,-39.85371],[-62.27006,-39.8494],[-62.27948,-39.84868],[-62.28567,-39.87941],[-62.32,-39.86849],[-62.33889,-40.18687],[-62.48826,-40.3013],[-62.41895,-40.46367],[-62.32037,-40.50485],[-62.32073,-40.53534],[-62.2825,-40.57148],[-62.25078,-40.55677],[-62.31845,-40.52641],[-62.18194,-40.57683],[-62.17359,-40.63458],[-62.23231,-40.68791],[-62.31255,-40.87115],[-62.71042,-41.03768],[-62.78967,-41.02416],[-62.95759,-40.81811],[-63.19208,-40.71669],[-63.28531,-40.72943],[-63.36605,-40.6892],[-63.37935,-40.71037],[-63.38508,-34.38576],[-61.71975,-34.38555],[-60.93403,-33.65473],[-60.89434,-33.56539],[-60.81825,-33.54029],[-60.78195,-33.57897],[-60.68458,-33.58516],[-60.55695,-33.6466],[-60.46855,-33.63775],[-60.41383,-33.54501],[-60.41022,-33.46789],[-60.33529,-33.4121],[-60.27271,-33.26386]]],[[[-61.99899,-39.09074],[-61.98671,-39.09757],[-62.00148,-39.10474],[-61.99911,-39.13005],[-61.98972,-39.12604],[-61.99954,-39.10545],[-61.98565,-39.10077],[-61.9847,-39.09568],[-61.9903,-39.08971],[-61.97725,-39.09006],[-61.9805,-39.10138],[-61.96688,-39.11454],[-61.97523,-39.09019],[-61.91287,-39.10166],[-61.94725,-39.14734],[-61.90929,-39.16265],[-61.88865,-39.15865],[-61.8848,-39.09658],[-61.8834,-39.19989],[-61.86494,-39.16212],[-61.85237,-39.19361],[-61.86982,-39.24433],[-61.94981,-39.1786],[-62.0568,-39.15767],[-61.99899,-39.09074]]],[[[-62.04054,-38.99616],[-62.00822,-39.0148],[-62.04052,-39.03977],[-62.07445,-39.00336],[-62.12677,-39.00462],[-62.04054,-38.99616]]],[[[-62.17395,-40.36851],[-62.14343,-40.42052],[-62.19836,-40.43671],[-62.17395,-40.36851]]],[[[-62.08013,-39.08554],[-62.01446,-39.10683],[-62.07288,-39.14867],[-62.08013,-39.08554]]],[[[-62.1804,-40.4609],[-62.15662,-40.45768],[-62.21714,-40.52348],[-62.23491,-40.50795],[-62.20094,-40.44664],[-62.1804,-40.4609]]],[[[-62.15953,-39.19535],[-62.06448,-39.246],[-62.11473,-39.24384],[-62.15953,-39.19535]]],[[[-58.28266,-34.21023],[-58.29951,-34.23945],[-58.32883,-34.24002],[-58.32165,-34.19058],[-58.28266,-34.21023]]],[[[-62.11029,-40.12498],[-62.10877,-40.22],[-62.13147,-40.17801],[-62.12455,-40.14463],[-62.11651,-40.12694],[-62.11029,-40.12498]]],[[[-62.34336,-40.28571],[-62.31124,-40.29794],[-62.34476,-40.34163],[-62.34336,-40.28571]]],[[[-62.28766,-40.29948],[-62.26696,-40.31512],[-62.31206,-40.34286],[-62.31667,-40.33529],[-62.28766,-40.29948]]],[[[-58.46779,-34.3269],[-58.45751,-34.33237],[-58.45678,-34.34457],[-58.44566,-34.35509],[-58.44998,-34.377],[-58.46779,-34.3269]]],[[[-58.24278,-34.24873],[-58.26598,-34.24897],[-58.27817,-34.268],[-58.26795,-34.22574],[-58.24278,-34.24873]]],[[[-61.9084,-39.10754],[-61.91077,-39.15405],[-61.92245,-39.11995],[-61.9084,-39.10754]]],[[[-62.25081,-39.86556],[-62.19931,-39.86332],[-62.18978,-39.87304],[-62.22246,-39.88109],[-62.25081,-39.86556]]],[[[-62.03276,-39.25145],[-61.99696,-39.24842],[-62.01104,-39.2617],[-62.03276,-39.25145]]],[[[-62.25775,-38.82722],[-62.22742,-38.85729],[-62.27097,-38.83943],[-62.25775,-38.82722]]],[[[-58.5087,-34.30084],[-58.46787,-34.3167],[-58.47473,-34.32146],[-58.5087,-34.30084]]],[[[-58.35235,-34.23697],[-58.33402,-34.24423],[-58.33295,-34.25155],[-58.35235,-34.23697]]],[[[-62.26068,-38.93249],[-62.28321,-38.95184],[-62.29411,-38.94493],[-62.2804,-38.92624],[-62.26068,-38.93249]]],[[[-62.13808,-39.01305],[-62.12226,-39.02865],[-62.14064,-39.03555],[-62.13808,-39.01305]]],[[[-62.2781,-39.0176],[-62.30219,-39.00986],[-62.27031,-38.99986],[-62.2781,-39.0176]]],[[[-58.32684,-34.16053],[-58.31711,-34.18131],[-58.33447,-34.19526],[-58.32684,-34.16053]]],[[[-62.05653,-38.98205],[-62.02181,-38.98597],[-62.01414,-38.99414],[-62.05653,-38.98205]]],[[[-62.15562,-40.03693],[-62.14974,-40.03489],[-62.1194,-40.02562],[-62.15562,-40.03693]]],[[[-62.35706,-40.25098],[-62.37468,-40.23743],[-62.3571,-40.23391],[-62.35706,-40.25098]]],[[[-62.25939,-38.81363],[-62.27399,-38.81952],[-62.27977,-38.80011],[-62.25939,-38.81363]]],[[[-58.26733,-34.21089],[-58.24972,-34.2215],[-58.25334,-34.22993],[-58.26733,-34.21089]]],[[[-58.28285,-34.25712],[-58.29642,-34.25574],[-58.28233,-34.23732],[-58.28285,-34.25712]]],[[[-62.31258,-38.88209],[-62.28688,-38.877],[-62.29443,-38.89246],[-62.31258,-38.88209]]],[[[-62.33297,-40.21268],[-62.34267,-40.20745],[-62.31917,-40.19442],[-62.33297,-40.21268]]],[[[-58.27648,-34.2219],[-58.29366,-34.24926],[-58.30099,-34.25093],[-58.27648,-34.2219]]],[[[-58.50101,-34.2934],[-58.46725,-34.28543],[-58.46587,-34.28683],[-58.50101,-34.2934]]],[[[-58.3421,-34.15129],[-58.32597,-34.15775],[-58.33585,-34.1742],[-58.3421,-34.15129]]],[[[-58.25827,-34.18171],[-58.24306,-34.18694],[-58.25499,-34.19046],[-58.25827,-34.18171]]],[[[-62.24047,-39.19038],[-62.22386,-39.19807],[-62.22455,-39.20515],[-62.24047,-39.19038]]],[[[-58.36689,-34.13525],[-58.3522,-34.12737],[-58.35824,-34.14286],[-58.36689,-34.13525]]],[[[-62.22009,-39.34987],[-62.22683,-39.33821],[-62.21182,-39.34415],[-62.22009,-39.34987]]],[[[-58.24084,-34.24802],[-58.24341,-34.26822],[-58.24973,-34.26697],[-58.24084,-34.24802]]],[[[-62.30866,-38.85512],[-62.29914,-38.84624],[-62.29485,-38.85259],[-62.30866,-38.85512]]],[[[-62.21837,-39.00669],[-62.2089,-39.00911],[-62.21042,-39.02132],[-62.21837,-39.00669]]],[[[-62.15783,-40.44676],[-62.15854,-40.45646],[-62.1767,-40.45436],[-62.15783,-40.44676]]],[[[-58.44405,-34.33942],[-58.45634,-34.34366],[-58.45341,-34.33068],[-58.44405,-34.33942]]],[[[-58.37296,-34.21518],[-58.37698,-34.22544],[-58.38355,-34.21223],[-58.37296,-34.21518]]],[[[-58.33075,-34.24019],[-58.31552,-34.25553],[-58.33295,-34.24501],[-58.33075,-34.24019]]],[[[-62.12126,-40.39547],[-62.12659,-40.40639],[-62.13315,-40.39903],[-62.12126,-40.39547]]],[[[-58.35373,-34.08395],[-58.34638,-34.09548],[-58.34845,-34.10076],[-58.35373,-34.08395]]],[[[-58.46993,-34.29418],[-58.47026,-34.30569],[-58.4818,-34.29808],[-58.46993,-34.29418]]],[[[-62.33088,-38.84797],[-62.31766,-38.84796],[-62.31367,-38.85571],[-62.33088,-38.84797]]],[[[-58.34796,-34.25508],[-58.34782,-34.2764],[-58.34991,-34.25432],[-58.34796,-34.25508]]],[[[-62.07215,-40.2519],[-62.08183,-40.25949],[-62.07496,-40.24583],[-62.07215,-40.2519]]],[[[-62.36171,-40.21863],[-62.36909,-40.21497],[-62.35333,-40.20568],[-62.36171,-40.21863]]],[[[-62.28589,-38.87154],[-62.28176,-38.86999],[-62.27921,-38.87203],[-62.26738,-38.87325],[-62.28589,-38.87154]]],[[[-62.31784,-38.83366],[-62.30782,-38.83765],[-62.31925,-38.83828],[-62.31784,-38.83366]]],[[[-62.3162,-38.86378],[-62.31841,-38.87461],[-62.32439,-38.87424],[-62.3162,-38.86378]]],[[[-62.36435,-40.35761],[-62.35605,-40.35656],[-62.35707,-40.36426],[-62.36435,-40.35761]]],[[[-62.11367,-40.38625],[-62.12521,-40.38656],[-62.11232,-40.37939],[-62.11367,-40.38625]]],[[[-62.3464,-40.21193],[-62.35324,-40.21166],[-62.34338,-40.20707],[-62.3464,-40.21193]]],[[[-62.29636,-38.95417],[-62.30324,-38.96171],[-62.29839,-38.95269],[-62.29636,-38.95417]]],[[[-58.45008,-34.3283],[-58.44134,-34.32803],[-58.44141,-34.33625],[-58.44534,-34.33148],[-58.45008,-34.3283]]],[[[-62.07119,-38.97907],[-62.08395,-38.97964],[-62.07076,-38.97689],[-62.07119,-38.97907]]],[[[-62.1306,-40.40646],[-62.13602,-40.40189],[-62.13422,-40.40078],[-62.1306,-40.40646]]],[[[-61.87043,-39.15336],[-61.87671,-39.16216],[-61.8712,-39.15106],[-61.87043,-39.15336]]],[[[-58.3349,-34.14505],[-58.34149,-34.14857],[-58.33718,-34.13806],[-58.3349,-34.14505]]],[[[-62.11548,-39.87488],[-62.1237,-39.88141],[-62.11342,-39.86516],[-62.11548,-39.87488]]],[[[-62.28428,-38.85256],[-62.28209,-38.8586],[-62.28645,-38.85839],[-62.28428,-38.85256]]],[[[-62.25906,-39.33813],[-62.24603,-39.3385],[-62.25508,-39.34267],[-62.25906,-39.33813]]],[[[-62.19003,-39.1755],[-62.19782,-39.17485],[-62.19469,-39.17237],[-62.19003,-39.1755]]],[[[-58.44456,-34.33284],[-58.44848,-34.33346],[-58.4505,-34.32915],[-58.44456,-34.33284]]],[[[-62.28512,-38.95871],[-62.29199,-38.96188],[-62.29457,-38.95431],[-62.28512,-38.95871]]],[[[-62.2788,-38.86897],[-62.26822,-38.86878],[-62.27929,-38.87107],[-62.2788,-38.86897]]],[[[-58.33582,-34.12957],[-58.33811,-34.13385],[-58.3382,-34.13043],[-58.33582,-34.12957]]],[[[-62.25153,-39.33323],[-62.2494,-39.3363],[-62.26015,-39.33424],[-62.25153,-39.33323]]],[[[-61.91946,-39.09794],[-61.90768,-39.09957],[-61.91259,-39.10018],[-61.91946,-39.09794]]],[[[-62.28354,-38.97531],[-62.28898,-38.97911],[-62.29121,-38.97731],[-62.28354,-38.97531]]],[[[-58.37485,-34.24178],[-58.37723,-34.2449],[-58.37875,-34.2374],[-58.37485,-34.24178]]],[[[-62.30254,-38.82091],[-62.30587,-38.82537],[-62.30983,-38.82402],[-62.30254,-38.82091]]],[[[-62.24048,-38.87144],[-62.23682,-38.8744],[-62.24145,-38.87413],[-62.24048,-38.87144]]],[[[-62.14964,-39.88661],[-62.14991,-39.89124],[-62.15318,-39.88684],[-62.14964,-39.88661]]],[[[-62.33326,-38.85553],[-62.33196,-38.86091],[-62.3358,-38.8589],[-62.33326,-38.85553]]],[[[-62.31712,-38.82653],[-62.32393,-38.82681],[-62.31679,-38.82485],[-62.31712,-38.82653]]],[[[-58.47531,-34.28206],[-58.47733,-34.28368],[-58.48077,-34.2821],[-58.47531,-34.28206]]],[[[-62.03213,-39.10432],[-62.03748,-39.10448],[-62.03228,-39.10394],[-62.03213,-39.10432]]],[[[-58.43713,-34.32714],[-58.43965,-34.33174],[-58.44137,-34.32694],[-58.43713,-34.32714]]],[[[-61.86329,-39.15574],[-61.8672,-39.15631],[-61.8652,-39.15368],[-61.86329,-39.15574]]],[[[-62.31013,-38.9888],[-62.31178,-38.99189],[-62.313,-38.98799],[-62.31013,-38.9888]]],[[[-62.25453,-38.86892],[-62.25801,-38.86822],[-62.25735,-38.86685],[-62.25453,-38.86892]]],[[[-58.46556,-34.29709],[-58.463,-34.29567],[-58.46136,-34.29697],[-58.46556,-34.29709]]],[[[-62.26491,-38.86486],[-62.26931,-38.86575],[-62.26487,-38.86392],[-62.26491,-38.86486]]],[[[-62.26031,-38.86616],[-62.26034,-38.86762],[-62.26229,-38.86652],[-62.26031,-38.86616]]],[[[-58.38047,-34.23712],[-58.38137,-34.2388],[-58.38191,-34.23695],[-58.38047,-34.23712]]],[[[-62.2617,-38.86218],[-62.26393,-38.8626],[-62.26439,-38.86188],[-62.2617,-38.86218]]],[[[-58.46487,-34.28605],[-58.46264,-34.28608],[-58.46219,-34.2867],[-58.46487,-34.28605]]],[[[-62.25724,-38.86464],[-62.25903,-38.86532],[-62.25918,-38.86524],[-62.25724,-38.86464]]],[[[-62.25354,-38.86564],[-62.25453,-38.8661],[-62.25474,-38.8655],[-62.25354,-38.86564]]]]}},{"type":"Feature","properties":{"kind":"provincia","nam":"Tierra del Fuego, Antártida e Islas del Atlántico Sur","focus":false},"geometry":{"type":"MultiPolygon","coordinates":[[[[-68.28767,-52.95143],[-68.2015,-53.14196],[-68.26675,-53.01611],[-68.35955,-53.01789],[-68.53815,-53.14441],[-68.54844,-53.24752],[-68.38706,-53.31197],[-68.13707,-53.33134],[-67.99016,-53.58451],[-67.68174,-53.79717],[-67.73629,-53.80533],[-67.77533,-53.83573],[-67.68144,-53.80622],[-67.67309,-53.79333],[-67.68359,-53.7879],[-67.67432,-53.78525],[-67.54567,-53.84045],[-67.57984,-53.86886],[-67.5352,-53.92711],[-67.16439,-54.1198],[-66.73396,-54.26034],[-66.465,-54.47873],[-65.80278,-54.6519],[-65.55117,-54.64734],[-65.5199,-54.67756],[-65.23488,-54.61883],[-65.26148,-54.65295],[-65.25453,-54.66332],[-65.23435,-54.64138],[-65.11676,-54.65823],[-65.19347,-54.69525],[-65.20384,-54.78011],[-65.26387,-54.7959],[-65.23229,-54.82926],[-65.38214,-54.94107],[-65.46828,-54.88859],[-65.51102,-54.93494],[-65.71901,-54.97136],[-65.73911,-54.90985],[-65.98239,-54.9026],[-65.97136,-54.96837],[-66.33409,-54.9965],[-66.37216,-55.03957],[-66.45025,-55.05751],[-66.64883,-55.02818],[-66.76447,-54.96074],[-67.27845,-54.86999],[-67.40951,-54.88941],[-67.45052,-54.86564],[-67.49506,-54.86721],[-67.49192,-54.86978],[-67.50631,-54.87463],[-67.50576,-54.85349],[-67.70346,-54.88603],[-68.24853,-54.79503],[-68.31521,-54.8108],[-68.2606,-54.84071],[-68.56983,-54.84391],[-68.501,-54.86691],[-68.60942,-54.89396],[-68.60623,-52.65827],[-68.28767,-52.95143]]],[[[-58.74426,-51.31732],[-58.75052,-51.32297],[-58.73013,-51.34828],[-58.73777,-51.31419],[-58.64101,-51.32294],[-58.62445,-51.35428],[-58.57234,-51.36016],[-58.56816,-51.32313],[-58.61757,-51.35068],[-58.63632,-51.31304],[-58.52934,-51.29339],[-58.34072,-51.35357],[-58.33177,-51.38688],[-58.37759,-51.3923],[-58.31468,-51.41544],[-58.35722,-51.43326],[-58.3305,-51.43844],[-58.34997,-51.46205],[-58.36534,-51.46519],[-58.35854,-51.45245],[-58.37246,-51.44949],[-58.36504,-51.44411],[-58.36442,-51.43551],[-58.36941,-51.43293],[-58.45591,-51.45548],[-58.48286,-51.39856],[-58.51768,-51.42135],[-58.50451,-51.38079],[-58.59613,-51.43928],[-58.52721,-51.42369],[-58.52305,-51.42915],[-58.54239,-51.43062],[-58.55998,-51.43825],[-58.56695,-51.44795],[-58.57176,-51.44359],[-58.58265,-51.44602],[-58.62641,-51.46739],[-58.55887,-51.45083],[-58.51698,-51.42891],[-58.54128,-51.44453],[-58.50274,-51.45345],[-58.53818,-51.45545],[-58.52301,-51.47105],[-58.55182,-51.46927],[-58.55891,-51.47977],[-58.51768,-51.47517],[-58.53781,-51.48946],[-58.5274,-51.51159],[-58.49135,-51.46833],[-58.47285,-51.49101],[-58.44275,-51.46853],[-58.42459,-51.46844],[-58.42084,-51.5344],[-58.46054,-51.54739],[-58.417,-51.56291],[-58.40387,-51.52784],[-58.3771,-51.53015],[-58.38275,-51.56562],[-58.32782,-51.5671],[-58.32598,-51.53756],[-58.27571,-51.55563],[-58.26353,-51.59454],[-58.28507,-51.59173],[-58.30412,-51.60456],[-58.30851,-51.61507],[-58.25144,-51.61443],[-58.27817,-51.66169],[-58.24107,-51.65416],[-58.25137,-51.62162],[-58.21875,-51.6602],[-58.19871,-51.6585],[-58.22498,-51.63709],[-58.21273,-51.64287],[-58.18932,-51.64576],[-58.18992,-51.64778],[-58.17292,-51.64446],[-58.21145,-51.64151],[-58.25145,-51.5843],[-58.14554,-51.61187],[-58.26256,-51.55345],[-58.2015,-51.52442],[-58.29944,-51.52978],[-58.29797,-51.48712],[-58.33232,-51.52054],[-58.37796,-51.51272],[-58.35181,-51.48597],[-58.37581,-51.49155],[-58.38621,-51.4845],[-58.32774,-51.47564],[-58.28231,-51.39089],[-57.94419,-51.36093],[-57.85138,-51.41306],[-57.87078,-51.43436],[-57.83462,-51.47864],[-57.73894,-51.51273],[-57.85877,-51.49706],[-57.8436,-51.47485],[-57.89671,-51.49854],[-57.76411,-51.54043],[-57.95419,-51.54041],[-58.06157,-51.49363],[-58.01747,-51.53555],[-58.11504,-51.5117],[-58.09517,-51.53311],[-58.12406,-51.52646],[-58.16496,-51.54703],[-58.10585,-51.58503],[-58.07327,-51.57821],[-58.10952,-51.5719],[-58.08521,-51.56487],[-58.05853,-51.59209],[-57.72384,-51.64467],[-57.86006,-51.67558],[-57.86709,-51.66108],[-57.89045,-51.67038],[-57.92507,-51.6495],[-57.95891,-51.65253],[-57.92907,-51.65049],[-57.90606,-51.67316],[-57.83093,-51.68243],[-57.88148,-51.68239],[-57.9189,-51.68549],[-57.92039,-51.68694],[-57.71688,-51.68308],[-57.82126,-51.7218],[-57.91103,-51.71828],[-57.89359,-51.72421],[-57.9524,-51.72566],[-57.95434,-51.73322],[-57.9991,-51.73282],[-58.01123,-51.73786],[-57.8565,-51.73909],[-57.88171,-51.74725],[-58.03561,-51.75881],[-58.04606,-51.7368],[-58.08451,-51.74137],[-58.04632,-51.75053],[-58.06467,-51.77156],[-58.15645,-51.76594],[-58.15245,-51.74016],[-58.19354,-51.76656],[-58.26635,-51.7482],[-58.29748,-51.7474],[-58.20096,-51.77733],[-58.23207,-51.78312],[-58.10911,-51.78889],[-58.23915,-51.79021],[-58.38722,-51.82438],[-58.32083,-51.84385],[-58.28174,-51.80691],[-58.16452,-51.816],[-58.23428,-51.82813],[-58.21426,-51.846],[-58.22429,-51.86709],[-58.25666,-51.86803],[-58.2261,-51.85677],[-58.22579,-51.8449],[-58.26232,-51.85513],[-58.27524,-51.85005],[-58.31679,-51.86846],[-58.28312,-51.87902],[-58.37516,-51.88734],[-58.40081,-51.92258],[-58.46696,-51.92191],[-58.40318,-51.9008],[-58.50398,-51.89519],[-58.50775,-51.88522],[-58.53708,-51.87934],[-58.51864,-51.8601],[-58.56593,-51.82958],[-58.59324,-51.83119],[-58.54809,-51.88226],[-58.51239,-51.89263],[-58.67829,-51.9044],[-58.62966,-51.88449],[-58.71893,-51.87261],[-58.69158,-51.89405],[-58.78157,-51.89539],[-58.85748,-51.85727],[-58.85259,-51.85306],[-58.83639,-51.85873],[-58.8199,-51.85934],[-58.81427,-51.85686],[-58.93265,-51.84163],[-58.95019,-51.78729],[-58.98592,-51.857],[-59.11561,-51.83593],[-59.09212,-51.85479],[-59.13428,-51.88208],[-59.01899,-51.85362],[-59.0276,-51.88589],[-58.97481,-51.85495],[-58.89416,-51.90195],[-58.76036,-51.93666],[-58.91458,-51.89753],[-58.8416,-51.93297],[-58.85347,-51.93616],[-58.85516,-51.94076],[-58.86224,-51.94459],[-58.8623,-51.94661],[-58.76912,-51.95619],[-58.76736,-51.98753],[-58.74431,-51.95228],[-58.6993,-51.95249],[-58.62625,-51.96554],[-58.62286,-51.98925],[-58.60207,-51.99085],[-58.63153,-52.006],[-58.58606,-52.01503],[-58.68801,-52.02376],[-58.63586,-52.05115],[-58.66301,-52.05472],[-58.63914,-52.11095],[-58.65963,-52.14148],[-58.7053,-52.0687],[-58.73837,-52.07944],[-58.73622,-52.05011],[-58.82258,-52.02394],[-58.81373,-52.05678],[-58.85729,-52.05333],[-58.86734,-52.04212],[-58.87832,-52.04657],[-58.8803,-52.04242],[-58.89043,-52.04021],[-58.89564,-52.03449],[-58.89634,-52.03419],[-58.89704,-52.03438],[-58.85975,-52.08456],[-58.88702,-52.07464],[-58.92821,-52.11736],[-58.95284,-52.06051],[-58.98865,-52.09752],[-58.98486,-52.04513],[-59.01817,-52.04391],[-59.01555,-52.0203],[-59.1008,-52.03044],[-59.13678,-51.97714],[-59.15447,-51.99631],[-59.17809,-51.97609],[-59.18954,-51.97225],[-59.17093,-52.01289],[-59.27825,-51.99026],[-59.31891,-52.01306],[-59.18845,-52.02822],[-59.23558,-52.05381],[-59.19877,-52.05262],[-59.2127,-52.0808],[-59.13894,-52.03471],[-59.14476,-52.06333],[-59.09975,-52.07949],[-59.17843,-52.09176],[-59.1778,-52.10269],[-59.06798,-52.10295],[-59.18008,-52.14513],[-59.14352,-52.14367],[-59.15787,-52.16214],[-59.11047,-52.13547],[-59.11868,-52.16514],[-59.02383,-52.14408],[-59.10385,-52.1982],[-59.02311,-52.20455],[-59.05428,-52.2425],[-59.01137,-52.25561],[-59.19979,-52.20328],[-59.22301,-52.22643],[-59.26774,-52.1636],[-59.32556,-52.17947],[-59.29219,-52.14051],[-59.34931,-52.1612],[-59.36772,-52.11102],[-59.37103,-52.1447],[-59.3955,-52.13766],[-59.39189,-52.129],[-59.40441,-52.11638],[-59.40942,-52.11523],[-59.40112,-52.14856],[-59.38042,-52.1572],[-59.41476,-52.16137],[-59.41505,-52.14155],[-59.45473,-52.12459],[-59.43564,-52.15263],[-59.491,-52.16627],[-59.39922,-52.17718],[-59.40623,-52.18716],[-59.42191,-52.18102],[-59.46627,-52.19608],[-59.42313,-52.19286],[-59.46146,-52.22448],[-59.40849,-52.20422],[-59.434,-52.24386],[-59.37788,-52.20512],[-59.36361,-52.21454],[-59.33,-52.21127],[-59.38782,-52.22638],[-59.34181,-52.25372],[-59.41466,-52.28399],[-59.34803,-52.26788],[-59.38435,-52.31853],[-59.29782,-52.3325],[-59.36408,-52.35937],[-59.42591,-52.33115],[-59.4149,-52.31027],[-59.49771,-52.31189],[-59.47832,-52.2754],[-59.51091,-52.27367],[-59.50861,-52.24284],[-59.5838,-52.25987],[-59.5523,-52.20499],[-59.63091,-52.20916],[-59.62422,-52.17439],[-59.73519,-52.12604],[-59.70706,-52.10757],[-59.73155,-52.09713],[-59.60739,-52.12205],[-59.64074,-52.08404],[-59.55034,-52.06748],[-59.65394,-52.00582],[-59.54564,-52.00516],[-59.58859,-51.99936],[-59.64825,-51.96513],[-59.59499,-51.98536],[-59.51821,-51.96253],[-59.61472,-51.95062],[-59.60955,-51.91665],[-59.4701,-51.92837],[-59.53804,-51.88197],[-59.4421,-51.89162],[-59.5154,-51.85765],[-59.49803,-51.83606],[-59.44862,-51.82387],[-59.45545,-51.84728],[-59.41079,-51.81293],[-59.41457,-51.84014],[-59.37858,-51.85931],[-59.35148,-51.78918],[-59.27221,-51.79838],[-59.30533,-51.76042],[-59.2693,-51.74334],[-59.24888,-51.76666],[-59.2321,-51.72174],[-59.21057,-51.72125],[-59.22411,-51.76507],[-59.1979,-51.72199],[-59.1752,-51.73748],[-59.17544,-51.7428],[-59.17444,-51.7451],[-59.17272,-51.74511],[-59.15662,-51.70643],[-59.05585,-51.69039],[-59.02506,-51.77463],[-59.04537,-51.7734],[-59.07135,-51.78466],[-59.04366,-51.7862],[-59.04976,-51.82645],[-59.0285,-51.8313],[-58.94942,-51.77394],[-59.00508,-51.77448],[-59.00852,-51.71113],[-59.02591,-51.71202],[-59.02356,-51.71839],[-59.0241,-51.72722],[-59.04095,-51.69867],[-58.99807,-51.67613],[-59.04836,-51.6532],[-58.97964,-51.67597],[-58.97718,-51.67065],[-59.17886,-51.5844],[-59.11311,-51.52885],[-59.12833,-51.49622],[-59.08684,-51.52913],[-59.07737,-51.58817],[-59.01434,-51.6059],[-59.05033,-51.57446],[-59.02674,-51.5611],[-59.06532,-51.51971],[-59.04527,-51.50498],[-58.92493,-51.52184],[-58.94003,-51.54053],[-58.93503,-51.54559],[-58.93015,-51.53209],[-58.91526,-51.53009],[-58.91644,-51.52442],[-58.87821,-51.53202],[-58.85038,-51.52124],[-58.8562,-51.51124],[-58.84346,-51.51559],[-58.85748,-51.51038],[-58.8796,-51.53038],[-58.8991,-51.52156],[-58.92005,-51.52174],[-58.92016,-51.52745],[-58.92513,-51.51903],[-58.94846,-51.51649],[-58.95174,-51.50814],[-59.14455,-51.46149],[-59.09654,-51.40995],[-58.96156,-51.44479],[-59.0209,-51.41908],[-59.00559,-51.38522],[-58.86814,-51.37862],[-58.85903,-51.35388],[-58.96955,-51.23321],[-58.74426,-51.31732]]],[[[-59.18909,-51.39937],[-59.29296,-51.43145],[-59.26661,-51.44517],[-59.28936,-51.45026],[-59.29288,-51.46448],[-59.20023,-51.43828],[-59.33508,-51.52511],[-59.33044,-51.49296],[-59.36722,-51.4861],[-59.35381,-51.50769],[-59.37321,-51.49826],[-59.41684,-51.51278],[-59.45924,-51.52006],[-59.47931,-51.52646],[-59.48073,-51.52],[-59.4864,-51.51782],[-59.49665,-51.52021],[-59.47659,-51.5282],[-59.35387,-51.50972],[-59.40273,-51.53636],[-59.36805,-51.52761],[-59.38745,-51.54996],[-59.34643,-51.52104],[-59.33856,-51.52851],[-59.44027,-51.63411],[-59.48078,-51.63341],[-59.44146,-51.58529],[-59.59131,-51.66088],[-59.60385,-51.68717],[-59.54347,-51.64668],[-59.60751,-51.73095],[-59.63683,-51.73186],[-59.6655,-51.74433],[-59.63082,-51.75537],[-59.76548,-51.81246],[-59.85881,-51.96356],[-60.00509,-52.00518],[-59.99814,-51.96931],[-60.0767,-51.96151],[-60.05589,-51.95163],[-60.05245,-51.94184],[-60.07918,-51.93805],[-60.11716,-51.96524],[-60.08782,-51.9708],[-60.10007,-52.00828],[-60.23905,-52.01676],[-60.15924,-51.96476],[-60.28495,-51.99119],[-60.2905,-52.01508],[-60.32981,-51.97922],[-60.35762,-52.00737],[-60.2845,-52.01762],[-60.28251,-52.08201],[-60.25803,-52.0239],[-60.24235,-52.01859],[-60.26609,-52.08989],[-60.33284,-52.15368],[-60.3844,-52.13667],[-60.37003,-52.11643],[-60.37662,-52.10752],[-60.34739,-52.11411],[-60.32789,-52.10138],[-60.40739,-52.09195],[-60.3931,-52.13643],[-60.40859,-52.12022],[-60.4583,-52.10277],[-60.50439,-52.11287],[-60.40458,-52.12485],[-60.36718,-52.17551],[-60.4156,-52.14466],[-60.46628,-52.17857],[-60.54551,-52.11301],[-60.58597,-52.12608],[-60.55772,-52.13798],[-60.57719,-52.16404],[-60.54471,-52.13651],[-60.48948,-52.17777],[-60.51224,-52.18998],[-60.551,-52.18418],[-60.5514,-52.18899],[-60.50346,-52.20345],[-60.65055,-52.25986],[-60.69663,-52.21079],[-60.63193,-52.21464],[-60.63126,-52.20493],[-60.66508,-52.19297],[-60.63255,-52.18318],[-60.62931,-52.17539],[-60.67209,-52.19242],[-60.69694,-52.17924],[-60.66786,-52.16426],[-60.66141,-52.15434],[-60.70287,-52.17364],[-60.70157,-52.1417],[-60.74393,-52.14799],[-60.71568,-52.12979],[-60.66342,-52.14102],[-60.71587,-52.10311],[-60.7473,-52.12468],[-60.85052,-52.10762],[-60.71934,-52.17672],[-60.79948,-52.18943],[-60.85886,-52.12431],[-60.93366,-52.11671],[-61.02283,-52.04302],[-61.01279,-52.07535],[-61.04763,-52.07297],[-61.04309,-52.01361],[-61.07926,-52.01645],[-61.02408,-52.00761],[-60.97592,-52.0494],[-60.8967,-52.03709],[-60.91752,-52.06779],[-60.8823,-52.07328],[-60.92014,-52.08329],[-60.85655,-52.08517],[-60.80497,-52.0582],[-60.87052,-52.0709],[-60.89628,-52.02842],[-60.7455,-52.01771],[-60.82511,-52.00008],[-60.84604,-51.95403],[-60.70432,-51.96421],[-60.72184,-52.01237],[-60.69181,-52.00413],[-60.70248,-51.97485],[-60.69051,-51.96995],[-60.68131,-52.01365],[-60.69675,-52.02018],[-60.67538,-52.03723],[-60.68979,-52.03941],[-60.68345,-52.04697],[-60.68619,-52.0405],[-60.64494,-52.04164],[-60.63907,-52.03776],[-60.67685,-52.03227],[-60.64928,-51.96883],[-60.624,-51.97868],[-60.63135,-51.98036],[-60.6401,-51.99399],[-60.63443,-51.99943],[-60.57758,-51.98691],[-60.60786,-52.02651],[-60.5558,-52.02592],[-60.57078,-51.98948],[-60.53663,-52.00265],[-60.54955,-52.00787],[-60.54499,-52.02727],[-60.50736,-52.02418],[-60.51912,-52.00347],[-60.57034,-51.98433],[-60.43565,-51.96697],[-60.39714,-51.92587],[-60.5428,-51.95426],[-60.64835,-51.92627],[-60.50575,-51.93605],[-60.44998,-51.876],[-60.47777,-51.87238],[-60.44567,-51.85113],[-60.47773,-51.82536],[-60.46031,-51.78787],[-60.37463,-51.76495],[-60.37212,-51.78597],[-60.41777,-51.80238],[-60.41866,-51.82338],[-60.39942,-51.79902],[-60.35671,-51.81528],[-60.41746,-51.86816],[-60.3598,-51.85488],[-60.36855,-51.89042],[-60.32696,-51.86535],[-60.33389,-51.81913],[-60.30416,-51.84042],[-60.27647,-51.83106],[-60.32848,-51.8047],[-60.29445,-51.77925],[-60.33141,-51.77974],[-60.32384,-51.76079],[-60.26729,-51.74896],[-60.28082,-51.77171],[-60.21372,-51.79288],[-60.18167,-51.74586],[-60.19472,-51.70068],[-60.2894,-51.72107],[-60.31806,-51.69646],[-60.38232,-51.71745],[-60.35847,-51.75608],[-60.47591,-51.77474],[-60.52168,-51.7607],[-60.55035,-51.77837],[-60.53966,-51.80748],[-60.64124,-51.72826],[-60.65021,-51.66725],[-60.52114,-51.7125],[-60.23123,-51.65664],[-60.08667,-51.72322],[-60.08191,-51.71782],[-60.05733,-51.72959],[-60.02496,-51.7355],[-59.99164,-51.7338],[-59.98164,-51.74125],[-59.97415,-51.7419],[-59.98966,-51.73226],[-60.08634,-51.71363],[-60.02551,-51.69925],[-60.07077,-51.68872],[-60.07256,-51.70073],[-60.09425,-51.69841],[-60.07545,-51.6951],[-60.08398,-51.66036],[-60.13573,-51.6835],[-60.25881,-51.62561],[-60.23164,-51.60882],[-60.27385,-51.61013],[-60.30499,-51.59772],[-60.30822,-51.58002],[-60.28489,-51.57915],[-60.26561,-51.57357],[-60.25884,-51.56055],[-60.3138,-51.57742],[-60.29697,-51.56095],[-60.29985,-51.55888],[-60.29391,-51.55904],[-60.28998,-51.55344],[-60.32811,-51.52533],[-60.32599,-51.54162],[-60.34679,-51.54],[-60.3498,-51.54443],[-60.30201,-51.5615],[-60.33293,-51.58106],[-60.39797,-51.5676],[-60.3862,-51.54904],[-60.39042,-51.54401],[-60.49503,-51.54007],[-60.50864,-51.50014],[-60.38247,-51.48655],[-60.45508,-51.4377],[-60.52073,-51.4517],[-60.65036,-51.41448],[-60.6313,-51.37641],[-60.66475,-51.36082],[-60.61031,-51.36031],[-60.66434,-51.3402],[-60.24438,-51.49402],[-60.16469,-51.48298],[-60.13095,-51.50724],[-59.97242,-51.47556],[-60.10005,-51.43822],[-60.00877,-51.38056],[-59.983,-51.38838],[-60.02005,-51.40337],[-60.00221,-51.42158],[-59.89113,-51.38183],[-59.85991,-51.39152],[-59.9006,-51.39544],[-59.87354,-51.40057],[-59.90849,-51.4029],[-59.89888,-51.4235],[-59.89066,-51.41074],[-59.8208,-51.39524],[-59.8752,-51.41349],[-59.73027,-51.42093],[-59.84145,-51.44354],[-59.8165,-51.45542],[-59.63488,-51.43709],[-59.62664,-51.46859],[-59.61895,-51.43476],[-59.4902,-51.39564],[-59.54192,-51.44],[-59.5478,-51.43705],[-59.58849,-51.44471],[-59.60121,-51.44208],[-59.6068,-51.445],[-59.52042,-51.48081],[-59.5416,-51.4531],[-59.54288,-51.44216],[-59.46749,-51.46465],[-59.38466,-51.43945],[-59.4768,-51.40467],[-59.43583,-51.38788],[-59.4541,-51.35518],[-59.39827,-51.36767],[-59.41686,-51.3418],[-59.18909,-51.39937]]],[[[-64.21632,-54.73386],[-64.13851,-54.77041],[-64.16492,-54.74019],[-64.1495,-54.73034],[-64.10843,-54.76433],[-64.04728,-54.73036],[-64.04258,-54.77813],[-63.98987,-54.73566],[-63.87631,-54.7168],[-63.85484,-54.73173],[-63.87875,-54.75523],[-63.79589,-54.72715],[-63.84568,-54.7892],[-63.95341,-54.81335],[-63.9549,-54.76683],[-64.03657,-54.80172],[-64.0612,-54.77974],[-64.10986,-54.83328],[-64.20058,-54.8284],[-64.22076,-54.85768],[-64.23468,-54.78196],[-64.4846,-54.87464],[-64.48594,-54.84766],[-64.44434,-54.83895],[-64.46614,-54.82343],[-64.60615,-54.91085],[-64.70424,-54.91546],[-64.64387,-54.88914],[-64.68366,-54.86108],[-64.66438,-54.85055],[-64.75657,-54.83649],[-64.73784,-54.80451],[-64.67502,-54.8008],[-64.68713,-54.78058],[-64.5865,-54.82081],[-64.51142,-54.79806],[-64.54464,-54.72525],[-64.41243,-54.78273],[-64.42152,-54.75489],[-64.3914,-54.74914],[-64.36737,-54.81091],[-64.37574,-54.75147],[-64.21632,-54.73386]]],[[[-60.85681,-51.78969],[-60.89774,-51.88354],[-60.87185,-51.89024],[-60.91554,-51.89633],[-60.87035,-51.91651],[-60.97596,-51.98421],[-61.05704,-51.96663],[-61.03788,-51.9582],[-61.07383,-51.94141],[-61.03894,-51.92563],[-61.13752,-51.90407],[-61.13383,-51.85962],[-61.09374,-51.84798],[-61.1657,-51.84709],[-61.10201,-51.80895],[-61.11708,-51.83695],[-61.03864,-51.84522],[-61.06385,-51.8256],[-61.03373,-51.81513],[-61.03854,-51.78468],[-60.98014,-51.77823],[-60.98834,-51.80541],[-60.93378,-51.81349],[-61.03469,-51.85889],[-61.052,-51.89012],[-60.95486,-51.86619],[-60.91918,-51.83159],[-60.90266,-51.85597],[-60.8757,-51.8055],[-60.91109,-51.79004],[-60.90008,-51.76218],[-60.85681,-51.78969]]],[[[-60.18328,-51.31536],[-60.0857,-51.30375],[-60.06127,-51.31631],[-60.09529,-51.32807],[-60.04479,-51.33801],[-60.12714,-51.39569],[-60.10829,-51.40445],[-60.26524,-51.41305],[-60.31609,-51.38921],[-60.27506,-51.39709],[-60.28492,-51.3694],[-60.2347,-51.33761],[-60.17589,-51.39653],[-60.12111,-51.36221],[-60.28559,-51.30432],[-60.31521,-51.26712],[-60.18328,-51.31536]]],[[[-59.60317,-51.2613],[-59.5877,-51.3114],[-59.49872,-51.27399],[-59.42338,-51.33514],[-59.4793,-51.30267],[-59.46142,-51.35109],[-59.58626,-51.34378],[-59.61949,-51.30509],[-59.83788,-51.26435],[-59.60317,-51.2613]]],[[[-58.40328,-52.00455],[-58.47017,-52.02722],[-58.42329,-52.02627],[-58.44224,-52.05011],[-58.41419,-52.09766],[-58.46265,-52.09815],[-58.44428,-52.087],[-58.44619,-52.07542],[-58.55394,-52.02802],[-58.48414,-51.98942],[-58.40328,-52.00455]]],[[[-59.76805,-52.17394],[-59.69745,-52.16828],[-59.67015,-52.22215],[-59.74333,-52.29542],[-59.74166,-52.19134],[-59.80785,-52.17037],[-59.77799,-52.14893],[-59.76805,-52.17394]]],[[[-61.19546,-51.82109],[-61.25337,-51.83183],[-61.22967,-51.84297],[-61.26452,-51.86154],[-61.20419,-51.84993],[-61.23334,-51.87698],[-61.34902,-51.8353],[-61.29762,-51.83055],[-61.30629,-51.80014],[-61.26153,-51.83082],[-61.23381,-51.79504],[-61.19546,-51.82109]]],[[[-59.89968,-51.31239],[-59.95001,-51.31759],[-59.92878,-51.35591],[-60.04523,-51.30551],[-59.95536,-51.28216],[-59.89968,-51.31239]]],[[[-59.68956,-52.3153],[-59.75377,-52.34857],[-59.76003,-52.38327],[-59.81646,-52.36141],[-59.75114,-52.30873],[-59.74032,-52.31736],[-59.68956,-52.3153]]],[[[-67.47161,-54.8844],[-67.44712,-54.87906],[-67.4361,-54.89293],[-67.40792,-54.90004],[-67.53614,-54.90192],[-67.47161,-54.8844]]],[[[-58.85034,-52.17049],[-58.83545,-52.2107],[-58.93579,-52.24319],[-59.00449,-52.24725],[-58.99016,-52.22272],[-58.85658,-52.2142],[-58.86318,-52.17745],[-58.82618,-52.13308],[-58.85034,-52.17049]]],[[[-61.21085,-51.7018],[-61.29347,-51.70645],[-61.30468,-51.73979],[-61.27519,-51.74534],[-61.29637,-51.76415],[-61.33299,-51.69235],[-61.2597,-51.67673],[-61.21085,-51.7018]]],[[[-59.74505,-51.33627],[-59.66032,-51.37061],[-59.72227,-51.35662],[-59.74475,-51.38188],[-59.74616,-51.37117],[-59.7663,-51.36566],[-59.74396,-51.36407],[-59.783,-51.3521],[-59.81493,-51.36029],[-59.79504,-51.36243],[-59.80039,-51.37408],[-59.8319,-51.3594],[-59.78119,-51.34378],[-59.74964,-51.34824],[-59.7816,-51.32224],[-59.74505,-51.33627]]],[[[-60.52524,-51.28554],[-60.50962,-51.3057],[-60.58486,-51.28972],[-60.59681,-51.24741],[-60.52524,-51.28554]]],[[[-60.85198,-52.01378],[-60.95075,-51.9963],[-60.8869,-51.9845],[-60.87079,-51.96789],[-60.85198,-52.01378]]],[[[-61.09088,-51.03453],[-61.09407,-51.04306],[-61.04709,-51.08213],[-61.12693,-51.07235],[-61.12469,-51.02224],[-61.09088,-51.03453]]],[[[-59.55916,-51.80613],[-59.63045,-51.79759],[-59.53586,-51.75671],[-59.55916,-51.80613]]],[[[-60.68272,-51.354],[-60.66374,-51.35242],[-60.70698,-51.38041],[-60.73108,-51.32606],[-60.68272,-51.354]]],[[[-59.70135,-51.95982],[-59.66648,-51.97326],[-59.69766,-51.99184],[-59.72436,-51.97504],[-59.69193,-51.93594],[-59.70135,-51.95982]]],[[[-59.64699,-52.36893],[-59.69864,-52.39662],[-59.74442,-52.3834],[-59.64699,-52.36893]]],[[[-59.03643,-52.43213],[-59.15255,-52.43757],[-59.10446,-52.42224],[-59.03643,-52.43213]]],[[[-61.22685,-51.01842],[-61.16495,-51.05569],[-61.24796,-51.02989],[-61.25718,-51.01072],[-61.22685,-51.01842]]],[[[-59.68758,-51.3903],[-59.68401,-51.40791],[-59.72478,-51.42206],[-59.71792,-51.38912],[-59.68758,-51.3903]]],[[[-60.65679,-51.65916],[-60.68279,-51.67622],[-60.68453,-51.62529],[-60.70017,-51.60374],[-60.65679,-51.65916]]],[[[-60.76129,-51.57128],[-60.73125,-51.58684],[-60.80336,-51.58293],[-60.76129,-51.57128]]],[[[-59.74909,-52.07904],[-59.71816,-52.0444],[-59.71456,-52.05617],[-59.72825,-52.09054],[-59.74909,-52.07904]]],[[[-59.62287,-51.36903],[-59.59013,-51.3716],[-59.66835,-51.38471],[-59.62287,-51.36903]]],[[[-59.69315,-51.35011],[-59.67545,-51.3358],[-59.63394,-51.34831],[-59.64949,-51.35856],[-59.65085,-51.34407],[-59.70042,-51.35238],[-59.70564,-51.33295],[-59.69315,-51.35011]]],[[[-61.17231,-51.88765],[-61.21585,-51.91086],[-61.18948,-51.87552],[-61.17231,-51.88765]]],[[[-60.47724,-51.82743],[-60.47092,-51.85166],[-60.49554,-51.85793],[-60.50175,-51.82615],[-60.47724,-51.82743]]],[[[-59.87437,-51.24213],[-59.84029,-51.26178],[-59.88863,-51.25806],[-59.87437,-51.24213]]],[[[-64.10911,-54.6512],[-64.16241,-54.65066],[-64.14028,-54.6459],[-64.10911,-54.6512]]],[[[-59.5926,-51.42536],[-59.64205,-51.41913],[-59.6383,-51.40909],[-59.5926,-51.42536]]],[[[-60.84038,-51.19435],[-60.88013,-51.20923],[-60.94134,-51.21472],[-60.84038,-51.19435]]],[[[-60.85922,-51.11346],[-60.86018,-51.12193],[-60.92018,-51.0883],[-60.85922,-51.11346]]],[[[-61.14605,-51.89573],[-61.15841,-51.90866],[-61.19425,-51.90979],[-61.14605,-51.89573]]],[[[-60.43325,-51.6057],[-60.41787,-51.62755],[-60.44487,-51.62414],[-60.43325,-51.6057]]],[[[-60.37436,-51.14594],[-60.39469,-51.1545],[-60.44566,-51.15113],[-60.37436,-51.14594]]],[[[-58.60061,-52.1343],[-58.59642,-52.14467],[-58.61544,-52.15024],[-58.62465,-52.11267],[-58.60061,-52.1343]]],[[[-58.05718,-51.55283],[-58.03859,-51.56162],[-58.09546,-51.5532],[-58.05718,-51.55283]]],[[[-60.82771,-51.15926],[-60.85505,-51.16964],[-60.87936,-51.17107],[-60.82771,-51.15926]]],[[[-58.4399,-51.97743],[-58.43137,-51.98472],[-58.49834,-51.97642],[-58.48868,-51.97168],[-58.4399,-51.97743]]],[[[-59.63553,-51.78481],[-59.6639,-51.799],[-59.66469,-51.79061],[-59.63553,-51.78481]]],[[[-59.83424,-51.37922],[-59.87126,-51.37325],[-59.8614,-51.3664],[-59.83424,-51.37922]]],[[[-61.1677,-51.85562],[-61.20616,-51.86601],[-61.19108,-51.84447],[-61.1677,-51.85562]]],[[[-60.38378,-51.35954],[-60.36965,-51.37171],[-60.38797,-51.37074],[-60.40675,-51.3553],[-60.38378,-51.35954]]],[[[-59.6084,-51.87796],[-59.62283,-51.8686],[-59.58747,-51.85688],[-59.6084,-51.87796]]],[[[-59.67778,-51.38671],[-59.75419,-51.3881],[-59.7184,-51.38087],[-59.67778,-51.38671]]],[[[-60.69887,-51.47194],[-60.69116,-51.47671],[-60.69707,-51.4828],[-60.70351,-51.48387],[-60.73018,-51.46338],[-60.69887,-51.47194]]],[[[-58.51951,-51.89784],[-58.50659,-51.9074],[-58.52526,-51.9134],[-58.54388,-51.89613],[-58.51951,-51.89784]]],[[[-60.48166,-51.5535],[-60.49143,-51.56988],[-60.50725,-51.55584],[-60.48166,-51.5535]]],[[[-61.03562,-51.77866],[-61.06316,-51.79403],[-61.07547,-51.78683],[-61.03562,-51.77866]]],[[[-60.45115,-52.22213],[-60.46156,-52.21006],[-60.41459,-52.19999],[-60.45115,-52.22213]]],[[[-58.35457,-51.99679],[-58.34818,-52.00451],[-58.36936,-52.00902],[-58.38712,-51.99508],[-58.35457,-51.99679]]],[[[-58.70753,-52.13779],[-58.73469,-52.13108],[-58.73292,-52.12722],[-58.70753,-52.13779]]],[[[-67.45717,-54.87118],[-67.44608,-54.87585],[-67.46958,-54.8803],[-67.45717,-54.87118]]],[[[-59.19218,-52.91814],[-59.19555,-52.91999],[-59.1904,-52.89205],[-59.19218,-52.91814]]],[[[-59.55036,-52.27052],[-59.52983,-52.27381],[-59.54834,-52.28245],[-59.55036,-52.27052]]],[[[-61.13874,-51.79673],[-61.16308,-51.7942],[-61.1624,-51.78522],[-61.13874,-51.79673]]],[[[-58.17347,-51.80623],[-58.22593,-51.80491],[-58.21572,-51.80312],[-58.17347,-51.80623]]],[[[-60.3536,-51.64173],[-60.36162,-51.63634],[-60.34266,-51.63097],[-60.3536,-51.64173]]],[[[-60.86806,-51.55869],[-60.85552,-51.56401],[-60.87531,-51.56805],[-60.86806,-51.55869]]],[[[-59.8994,-51.22446],[-59.93658,-51.21541],[-59.91951,-51.2085],[-59.8994,-51.22446]]],[[[-64.25741,-54.67288],[-64.24747,-54.67607],[-64.26103,-54.68811],[-64.25741,-54.67288]]],[[[-58.99922,-52.1484],[-59.01368,-52.15048],[-59.01463,-52.1437],[-58.99922,-52.1484]]],[[[-58.72507,-51.9278],[-58.70962,-51.92382],[-58.70084,-51.92606],[-58.72083,-51.93536],[-58.72507,-51.9278]]],[[[-58.46429,-51.96211],[-58.4934,-51.95451],[-58.4717,-51.9536],[-58.46429,-51.96211]]],[[[-59.51704,-51.73321],[-59.506,-51.73198],[-59.51045,-51.74052],[-59.52869,-51.75123],[-59.51704,-51.73321]]],[[[-59.66694,-51.89703],[-59.68651,-51.89721],[-59.676,-51.88915],[-59.66694,-51.89703]]],[[[-59.63607,-51.92482],[-59.63887,-51.93005],[-59.65792,-51.92298],[-59.63607,-51.92482]]],[[[-60.12513,-51.41402],[-60.10638,-51.42765],[-60.15896,-51.4136],[-60.12513,-51.41402]]],[[[-59.66616,-52.01884],[-59.66866,-52.02734],[-59.68407,-52.02788],[-59.66616,-52.01884]]],[[[-60.21659,-51.76566],[-60.21413,-51.77957],[-60.2292,-51.76776],[-60.21659,-51.76566]]],[[[-60.99809,-52.02431],[-61.00522,-52.01295],[-60.99589,-52.00462],[-60.99809,-52.02431]]],[[[-58.04862,-51.78752],[-58.04755,-51.78853],[-58.08705,-51.78817],[-58.04862,-51.78752]]],[[[-60.51267,-51.49437],[-60.52856,-51.5008],[-60.53301,-51.49177],[-60.51267,-51.49437]]],[[[-60.90961,-52.17064],[-60.94003,-52.16911],[-60.92397,-52.16189],[-60.90961,-52.17064]]],[[[-61.09064,-51.78822],[-61.10002,-51.79405],[-61.10977,-51.78038],[-61.09064,-51.78822]]],[[[-59.67481,-51.40468],[-59.66611,-51.39955],[-59.66765,-51.39161],[-59.64283,-51.38874],[-59.67481,-51.40468]]],[[[-59.83027,-51.35261],[-59.85501,-51.34915],[-59.85299,-51.34696],[-59.83027,-51.35261]]],[[[-60.77404,-52.14552],[-60.78035,-52.13997],[-60.76799,-52.13524],[-60.77404,-52.14552]]],[[[-59.64704,-51.98754],[-59.64477,-51.99431],[-59.66356,-51.99804],[-59.64704,-51.98754]]],[[[-59.31616,-52.25247],[-59.3269,-52.2519],[-59.31941,-52.23803],[-59.31616,-52.25247]]],[[[-58.35677,-52.01356],[-58.35082,-52.0174],[-58.37606,-52.01803],[-58.35677,-52.01356]]],[[[-59.89683,-51.37855],[-59.90705,-51.37386],[-59.89231,-51.36554],[-59.89683,-51.37855]]],[[[-60.95047,-52.01613],[-60.97586,-52.02267],[-60.96542,-52.01084],[-60.95047,-52.01613]]],[[[-60.83209,-51.57502],[-60.8485,-51.57658],[-60.84638,-51.56641],[-60.83209,-51.57502]]],[[[-60.74411,-51.13273],[-60.7627,-51.12831],[-60.75516,-51.12953],[-60.74411,-51.13273]]],[[[-59.84678,-52.12576],[-59.84612,-52.13439],[-59.85779,-52.13567],[-59.84678,-52.12576]]],[[[-60.45508,-51.33803],[-60.47058,-51.34171],[-60.47336,-51.33224],[-60.45508,-51.33803]]],[[[-61.2262,-51.65357],[-61.22741,-51.6634],[-61.23782,-51.6542],[-61.2262,-51.65357]]],[[[-60.47491,-52.23161],[-60.50013,-52.23423],[-60.49459,-52.22897],[-60.47491,-52.23161]]],[[[-59.65568,-51.42261],[-59.6621,-51.41571],[-59.64278,-51.40994],[-59.65568,-51.42261]]],[[[-61.07421,-51.77711],[-61.073,-51.7797],[-61.08757,-51.78367],[-61.07421,-51.77711]]],[[[-61.10793,-51.79788],[-61.12768,-51.80776],[-61.12163,-51.7933],[-61.10793,-51.79788]]],[[[-58.25787,-51.87011],[-58.25693,-51.87356],[-58.28614,-51.87125],[-58.25787,-51.87011]]],[[[-61.31067,-51.81511],[-61.31142,-51.81764],[-61.3242,-51.81462],[-61.31067,-51.81511]]],[[[-58.89742,-52.45002],[-58.91291,-52.44886],[-58.89412,-52.43892],[-58.89742,-52.45002]]],[[[-68.24573,-54.86913],[-68.23288,-54.87037],[-68.26704,-54.86966],[-68.24573,-54.86913]]],[[[-59.07886,-52.07894],[-59.09157,-52.07778],[-59.09046,-52.07188],[-59.07886,-52.07894]]],[[[-58.3617,-51.53449],[-58.34767,-51.52971],[-58.34656,-51.53355],[-58.3617,-51.53449]]],[[[-59.86172,-52.03246],[-59.85666,-52.02127],[-59.85202,-52.02703],[-59.86172,-52.03246]]],[[[-58.66648,-51.94123],[-58.64877,-51.94501],[-58.68586,-51.94426],[-58.66648,-51.94123]]],[[[-59.2043,-51.58378],[-59.2023,-51.58575],[-59.21653,-51.59332],[-59.2043,-51.58378]]],[[[-59.66951,-51.4279],[-59.66399,-51.43496],[-59.67654,-51.43758],[-59.68088,-51.43699],[-59.66951,-51.4279]]],[[[-60.68861,-52.18694],[-60.68666,-52.18999],[-60.70998,-52.18775],[-60.68861,-52.18694]]],[[[-59.72563,-51.30742],[-59.71361,-51.30841],[-59.73309,-51.31462],[-59.72563,-51.30742]]],[[[-64.23669,-54.70505],[-64.24869,-54.7039],[-64.24769,-54.69981],[-64.23669,-54.70505]]],[[[-59.25916,-52.2072],[-59.27094,-52.20332],[-59.26745,-52.20121],[-59.25916,-52.2072]]],[[[-61.08447,-51.80365],[-61.09052,-51.79955],[-61.08692,-51.79585],[-61.08447,-51.80365]]],[[[-61.25465,-51.74418],[-61.26493,-51.73943],[-61.25835,-51.73452],[-61.25465,-51.74418]]],[[[-58.27609,-51.54741],[-58.28521,-51.54807],[-58.28604,-51.54012],[-58.27609,-51.54741]]],[[[-59.67535,-52.26927],[-59.69421,-52.26944],[-59.68758,-52.26474],[-59.67535,-52.26927]]],[[[-59.76386,-51.3944],[-59.77683,-51.39335],[-59.76063,-51.38832],[-59.76386,-51.3944]]],[[[-60.74382,-52.19489],[-60.74313,-52.1972],[-60.75438,-52.20002],[-60.74382,-52.19489]]],[[[-59.95697,-51.37443],[-59.97335,-51.37766],[-59.96515,-51.37096],[-59.95697,-51.37443]]],[[[-59.62865,-51.88493],[-59.63594,-51.88861],[-59.63708,-51.87945],[-59.62865,-51.88493]]],[[[-61.06143,-51.81045],[-61.06895,-51.81002],[-61.05398,-51.79952],[-61.06143,-51.81045]]],[[[-59.75946,-51.84054],[-59.76788,-51.84879],[-59.77652,-51.85199],[-59.75946,-51.84054]]],[[[-67.3747,-54.90361],[-67.37387,-54.90802],[-67.39174,-54.90776],[-67.3747,-54.90361]]],[[[-60.50355,-51.48439],[-60.49853,-51.4867],[-60.52011,-51.48407],[-60.50355,-51.48439]]],[[[-67.34304,-54.89901],[-67.34917,-54.89279],[-67.33582,-54.89663],[-67.34304,-54.89901]]],[[[-58.76646,-51.94512],[-58.75385,-51.94589],[-58.78311,-51.94715],[-58.76646,-51.94512]]],[[[-68.47971,-54.86084],[-68.47495,-54.86559],[-68.4864,-54.86656],[-68.47971,-54.86084]]],[[[-64.16304,-54.85582],[-64.16191,-54.8513],[-64.15061,-54.84636],[-64.16304,-54.85582]]],[[[-59.62568,-51.34792],[-59.63351,-51.34479],[-59.62646,-51.33766],[-59.62568,-51.34792]]],[[[-58.49188,-51.45786],[-58.4963,-51.45562],[-58.49211,-51.44942],[-58.49188,-51.45786]]],[[[-59.66809,-52.03694],[-59.65102,-52.028],[-59.65991,-52.03782],[-59.66809,-52.03694]]],[[[-59.75124,-51.39518],[-59.75534,-51.40501],[-59.75905,-51.39525],[-59.75124,-51.39518]]],[[[-59.1848,-51.58678],[-59.18296,-51.59087],[-59.1935,-51.58698],[-59.1848,-51.58678]]],[[[-58.65309,-51.95186],[-58.65202,-51.95415],[-58.67101,-51.9519],[-58.65309,-51.95186]]],[[[-59.71536,-51.43819],[-59.71838,-51.43001],[-59.70937,-51.42933],[-59.71536,-51.43819]]],[[[-59.05924,-51.48492],[-59.09397,-51.48867],[-59.07568,-51.48287],[-59.05924,-51.48492]]],[[[-58.9332,-51.85314],[-58.92916,-51.85843],[-58.9429,-51.85135],[-58.9332,-51.85314]]],[[[-61.23595,-51.66659],[-61.23542,-51.67091],[-61.24735,-51.66795],[-61.23595,-51.66659]]],[[[-59.86751,-52.12895],[-59.86765,-52.13552],[-59.87826,-52.13163],[-59.86751,-52.12895]]],[[[-59.00047,-52.08195],[-59.00517,-52.0875],[-59.01065,-52.08166],[-59.00047,-52.08195]]],[[[-58.92713,-51.86657],[-58.91884,-51.87205],[-58.94454,-51.8603],[-58.92713,-51.86657]]],[[[-61.15226,-51.05857],[-61.15402,-51.06235],[-61.16306,-51.0589],[-61.15226,-51.05857]]],[[[-60.4777,-52.18622],[-60.48486,-52.18215],[-60.48309,-52.1799],[-60.4777,-52.18622]]],[[[-60.30254,-51.65141],[-60.30784,-51.64964],[-60.30476,-51.64512],[-60.30254,-51.65141]]],[[[-59.84603,-51.33697],[-59.86147,-51.34111],[-59.85504,-51.33647],[-59.84603,-51.33697]]],[[[-57.74205,-51.62286],[-57.74214,-51.62521],[-57.76045,-51.62258],[-57.74205,-51.62286]]],[[[-61.09,-52.00312],[-61.08972,-52.00525],[-61.10451,-52.00426],[-61.09,-52.00312]]],[[[-59.00271,-52.44039],[-58.99648,-52.44248],[-59.00464,-52.44616],[-59.00271,-52.44039]]],[[[-61.20559,-51.80239],[-61.20347,-51.79762],[-61.19819,-51.79946],[-61.20559,-51.80239]]],[[[-58.59545,-51.97224],[-58.59391,-51.97411],[-58.60821,-51.97338],[-58.59545,-51.97224]]],[[[-58.80741,-52.1939],[-58.80334,-52.19006],[-58.79883,-52.19396],[-58.80741,-52.1939]]],[[[-58.49056,-51.98004],[-58.4822,-51.98244],[-58.50021,-51.98153],[-58.49056,-51.98004]]],[[[-59.5571,-51.67129],[-59.53811,-51.65885],[-59.54361,-51.66441],[-59.5571,-51.67129]]],[[[-60.98666,-51.85836],[-60.98083,-51.85609],[-60.98056,-51.85979],[-60.98666,-51.85836]]],[[[-61.19338,-51.80981],[-61.20102,-51.80523],[-61.19229,-51.80297],[-61.19338,-51.80981]]],[[[-61.21889,-51.83894],[-61.22069,-51.8365],[-61.21303,-51.83651],[-61.21889,-51.83894]]],[[[-58.90879,-51.86852],[-58.89976,-51.87337],[-58.91732,-51.86824],[-58.90879,-51.86852]]],[[[-61.21244,-51.87451],[-61.21614,-51.87317],[-61.2149,-51.86953],[-61.21244,-51.87451]]],[[[-58.60005,-52.03956],[-58.60929,-52.03699],[-58.6077,-52.03551],[-58.60005,-52.03956]]],[[[-58.24744,-51.85413],[-58.24291,-51.85641],[-58.26097,-51.85593],[-58.24744,-51.85413]]],[[[-68.24251,-54.85826],[-68.23171,-54.85957],[-68.23341,-54.86158],[-68.24251,-54.85826]]],[[[-58.95082,-51.83972],[-58.9607,-51.83636],[-58.94873,-51.83483],[-58.95082,-51.83972]]],[[[-59.59249,-52.23139],[-59.59766,-52.22839],[-59.5908,-52.22575],[-59.59249,-52.23139]]],[[[-58.91254,-52.12444],[-58.92404,-52.12053],[-58.92123,-52.11898],[-58.91254,-52.12444]]],[[[-61.30654,-51.00127],[-61.29644,-51.0071],[-61.30257,-51.00783],[-61.30654,-51.00127]]],[[[-61.13941,-51.81313],[-61.13975,-51.81677],[-61.14822,-51.81111],[-61.13941,-51.81313]]],[[[-58.85202,-52.14361],[-58.86231,-52.14263],[-58.86061,-52.13917],[-58.85202,-52.14361]]],[[[-58.08503,-51.54012],[-58.07619,-51.54286],[-58.09284,-51.53832],[-58.08503,-51.54012]]],[[[-59.75425,-51.37592],[-59.76736,-51.37595],[-59.76248,-51.37255],[-59.75425,-51.37592]]],[[[-61.16443,-51.86675],[-61.16656,-51.86384],[-61.16073,-51.86339],[-61.16443,-51.86675]]],[[[-64.3845,-54.85262],[-64.39188,-54.85248],[-64.39093,-54.84687],[-64.3845,-54.85262]]],[[[-58.30429,-51.42469],[-58.31053,-51.42884],[-58.31473,-51.4242],[-58.30429,-51.42469]]],[[[-60.84696,-51.25896],[-60.84038,-51.2614],[-60.8516,-51.25847],[-60.84696,-51.25896]]],[[[-59.66103,-51.35411],[-59.66198,-51.35022],[-59.65729,-51.34766],[-59.66103,-51.35411]]],[[[-60.97871,-51.04944],[-60.97703,-51.05757],[-60.98493,-51.05342],[-60.97871,-51.04944]]],[[[-59.05923,-51.68851],[-59.06987,-51.6802],[-59.06731,-51.67934],[-59.05923,-51.68851]]],[[[-67.03487,-54.95082],[-67.03342,-54.94729],[-67.0275,-54.9514],[-67.03487,-54.95082]]],[[[-59.90715,-51.36915],[-59.90917,-51.36789],[-59.89782,-51.3627],[-59.90715,-51.36915]]],[[[-59.13893,-52.00973],[-59.14506,-52.01182],[-59.14511,-52.007],[-59.13893,-52.00973]]],[[[-64.25156,-54.69458],[-64.25627,-54.69825],[-64.25641,-54.69221],[-64.25156,-54.69458]]],[[[-58.38675,-51.46668],[-58.38087,-51.46883],[-58.39798,-51.46805],[-58.38675,-51.46668]]],[[[-59.01844,-51.80638],[-59.01423,-51.8124],[-59.02626,-51.80747],[-59.01844,-51.80638]]],[[[-61.44548,-51.00004],[-61.4432,-51.00218],[-61.45493,-51.00061],[-61.44548,-51.00004]]],[[[-60.52539,-51.86679],[-60.53063,-51.86516],[-60.52496,-51.86116],[-60.52539,-51.86679]]],[[[-60.76157,-51.3209],[-60.76538,-51.32325],[-60.76984,-51.32008],[-60.76157,-51.3209]]],[[[-60.81284,-51.11035],[-60.79946,-51.11743],[-60.81931,-51.10858],[-60.81284,-51.11035]]],[[[-60.87953,-51.93719],[-60.87499,-51.93079],[-60.8735,-51.93163],[-60.87953,-51.93719]]],[[[-60.9667,-51.98783],[-60.97374,-51.98518],[-60.9685,-51.98177],[-60.9667,-51.98783]]],[[[-58.93695,-51.8383],[-58.93878,-51.84515],[-58.94673,-51.83378],[-58.93695,-51.8383]]],[[[-60.47163,-52.21174],[-60.47172,-52.20421],[-60.46608,-52.21047],[-60.47163,-52.21174]]],[[[-59.07661,-51.68641],[-59.07509,-51.69078],[-59.07977,-51.69027],[-59.07661,-51.68641]]],[[[-58.77655,-51.90701],[-58.77469,-51.9078],[-58.79784,-51.90589],[-58.77655,-51.90701]]],[[[-59.65281,-51.90702],[-59.6493,-51.90859],[-59.66098,-51.91023],[-59.65281,-51.90702]]],[[[-59.66342,-51.33613],[-59.65666,-51.33501],[-59.66062,-51.33777],[-59.67099,-51.33414],[-59.66342,-51.33613]]],[[[-60.76594,-52.19151],[-60.77662,-52.19202],[-60.77627,-52.19091],[-60.76594,-52.19151]]],[[[-60.20177,-51.40481],[-60.21194,-51.4076],[-60.20868,-51.4028],[-60.20177,-51.40481]]],[[[-60.56584,-51.47952],[-60.5686,-51.47625],[-60.56395,-51.47487],[-60.56584,-51.47952]]],[[[-60.55582,-51.8172],[-60.54853,-51.81455],[-60.54928,-51.8179],[-60.55582,-51.8172]]],[[[-60.6418,-51.24968],[-60.64693,-51.24407],[-60.64439,-51.24267],[-60.6418,-51.24968]]],[[[-59.81203,-51.39319],[-59.83245,-51.39502],[-59.83112,-51.394],[-59.81203,-51.39319]]],[[[-59.0365,-52.18961],[-59.03132,-52.1899],[-59.03185,-52.1921],[-59.0365,-52.18961]]],[[[-68.25304,-54.8749],[-68.23821,-54.87603],[-68.23827,-54.87623],[-68.25304,-54.8749]]],[[[-58.89888,-51.89106],[-58.90255,-51.88747],[-58.89589,-51.88714],[-58.89888,-51.89106]]],[[[-59.71241,-51.3706],[-59.70164,-51.37241],[-59.71198,-51.37273],[-59.71241,-51.3706]]],[[[-60.50703,-52.21303],[-60.50774,-52.21029],[-60.50133,-52.20959],[-60.50703,-52.21303]]],[[[-66.30455,-55.01662],[-66.30672,-55.01062],[-66.30199,-55.01162],[-66.30455,-55.01662]]],[[[-59.64555,-51.87673],[-59.6584,-51.87688],[-59.65252,-51.87256],[-59.64555,-51.87673]]],[[[-68.17303,-54.86081],[-68.17402,-54.85942],[-68.16818,-54.85703],[-68.17303,-54.86081]]],[[[-59.77105,-51.364],[-59.76605,-51.36353],[-59.77411,-51.36678],[-59.77105,-51.364]]],[[[-58.95716,-51.84703],[-58.97365,-51.84688],[-58.95886,-51.84503],[-58.95846,-51.84185],[-58.95716,-51.84703]]],[[[-59.84399,-52.16012],[-59.8355,-52.15505],[-59.83953,-52.15774],[-59.84399,-52.16012]]],[[[-59.87641,-51.37965],[-59.88625,-51.38002],[-59.87337,-51.37492],[-59.87641,-51.37965]]],[[[-60.64404,-52.20476],[-60.64273,-52.20645],[-60.64845,-52.20687],[-60.64404,-52.20476]]],[[[-58.84651,-51.8975],[-58.85211,-51.89564],[-58.8506,-51.89398],[-58.84651,-51.8975]]],[[[-58.98247,-52.44275],[-58.98197,-52.44528],[-58.99148,-52.44305],[-58.98247,-52.44275]]],[[[-58.31219,-51.39594],[-58.32037,-51.39572],[-58.31741,-51.39245],[-58.31219,-51.39594]]],[[[-58.95291,-51.84454],[-58.95491,-51.84235],[-58.94725,-51.84399],[-58.95291,-51.84454]]],[[[-58.52228,-51.9984],[-58.53252,-51.99425],[-58.52774,-51.99301],[-58.52228,-51.9984]]],[[[-58.70765,-52.1511],[-58.71026,-52.15182],[-58.70841,-52.14458],[-58.70765,-52.1511]]],[[[-60.75972,-52.19],[-60.75838,-52.19105],[-60.76323,-52.19402],[-60.75972,-52.19]]],[[[-59.82472,-52.16197],[-59.82946,-52.16612],[-59.83192,-52.16244],[-59.82472,-52.16197]]],[[[-59.73298,-51.43656],[-59.7308,-51.4377],[-59.73823,-51.43963],[-59.74458,-51.4387],[-59.73298,-51.43656]]],[[[-58.18973,-51.77526],[-58.18777,-51.77627],[-58.19801,-51.77703],[-58.18973,-51.77526]]],[[[-68.45067,-54.86296],[-68.45996,-54.86552],[-68.46004,-54.86503],[-68.45067,-54.86296]]],[[[-59.03648,-52.16904],[-59.03684,-52.16825],[-59.03109,-52.16664],[-59.03648,-52.16904]]],[[[-60.45832,-51.85559],[-60.46569,-51.85387],[-60.46073,-51.85173],[-60.45832,-51.85559]]],[[[-67.3847,-54.89291],[-67.39401,-54.89235],[-67.38254,-54.88865],[-67.3847,-54.89291]]],[[[-59.89525,-51.27152],[-59.89916,-51.26737],[-59.89034,-51.27124],[-59.89525,-51.27152]]],[[[-58.39126,-52.00538],[-58.38906,-52.00402],[-58.38653,-52.00742],[-58.39126,-52.00538]]],[[[-59.50766,-52.28419],[-59.50213,-52.28426],[-59.50212,-52.28503],[-59.50766,-52.28419]]],[[[-58.60923,-51.905],[-58.62354,-51.90404],[-58.62225,-51.90285],[-58.60923,-51.905]]],[[[-67.01045,-54.95629],[-67.00535,-54.95381],[-67.00421,-54.95568],[-67.01045,-54.95629]]],[[[-58.46543,-51.98714],[-58.46493,-51.98786],[-58.47468,-51.98762],[-58.46543,-51.98714]]],[[[-64.34018,-54.70382],[-64.33697,-54.70299],[-64.33727,-54.70801],[-64.34018,-54.70382]]],[[[-68.25029,-54.84684],[-68.24786,-54.84821],[-68.24966,-54.84948],[-68.25029,-54.84684]]],[[[-58.50647,-51.9744],[-58.50774,-51.97359],[-58.50072,-51.97163],[-58.50647,-51.9744]]],[[[-59.79783,-52.12598],[-59.79416,-52.12382],[-59.79242,-52.12603],[-59.79783,-52.12598]]],[[[-59.90782,-51.3753],[-59.91132,-51.37638],[-59.92069,-51.36999],[-59.90782,-51.3753]]],[[[-64.49739,-54.8601],[-64.50695,-54.86111],[-64.50459,-54.85886],[-64.49739,-54.8601]]],[[[-59.01734,-51.7508],[-59.02381,-51.75068],[-59.02309,-51.74806],[-59.01734,-51.7508]]],[[[-67.40153,-54.89505],[-67.40114,-54.89393],[-67.39578,-54.89394],[-67.40153,-54.89505]]],[[[-60.56037,-51.97572],[-60.55922,-51.97687],[-60.56462,-51.97874],[-60.56037,-51.97572]]],[[[-59.74077,-51.32054],[-59.74486,-51.31962],[-59.74055,-51.3157],[-59.74077,-51.32054]]],[[[-68.2452,-54.86204],[-68.25375,-54.86258],[-68.25303,-54.86092],[-68.2452,-54.86204]]],[[[-68.17772,-54.87124],[-68.16855,-54.87176],[-68.17807,-54.87314],[-68.17772,-54.87124]]],[[[-59.36214,-51.78085],[-59.36188,-51.77779],[-59.35658,-51.7791],[-59.36214,-51.78085]]],[[[-58.30899,-51.82847],[-58.32004,-51.82695],[-58.31163,-51.8266],[-58.30899,-51.82847]]],[[[-61.2765,-51.72846],[-61.27062,-51.72613],[-61.27063,-51.72741],[-61.2765,-51.72846]]],[[[-59.63272,-52.2393],[-59.63301,-52.23649],[-59.62778,-52.23807],[-59.63272,-52.2393]]],[[[-57.7424,-51.67097],[-57.74019,-51.67262],[-57.74968,-51.67324],[-57.7424,-51.67097]]],[[[-59.6813,-51.42533],[-59.68308,-51.42491],[-59.67925,-51.4215],[-59.6813,-51.42533]]],[[[-59.82783,-52.01775],[-59.8306,-52.01679],[-59.82645,-52.01312],[-59.82783,-52.01775]]],[[[-59.70527,-52.36283],[-59.71132,-52.36448],[-59.71096,-52.36178],[-59.70527,-52.36283]]],[[[-60.96291,-51.77709],[-60.96796,-51.77847],[-60.96814,-51.77625],[-60.96291,-51.77709]]],[[[-67.42838,-54.88484],[-67.42722,-54.88702],[-67.4322,-54.88873],[-67.42838,-54.88484]]],[[[-58.60297,-52.15807],[-58.60474,-52.15601],[-58.60026,-52.15501],[-58.60297,-52.15807]]],[[[-64.16833,-54.8744],[-64.16591,-54.87521],[-64.17463,-54.87645],[-64.16833,-54.8744]]],[[[-59.25779,-51.45407],[-59.25947,-51.45379],[-59.24754,-51.4492],[-59.25779,-51.45407]]],[[[-60.97536,-51.06081],[-60.97603,-51.05767],[-60.97327,-51.05691],[-60.97536,-51.06081]]],[[[-61.09419,-51.02432],[-61.09237,-51.0269],[-61.09721,-51.02807],[-61.09419,-51.02432]]],[[[-60.87159,-51.87023],[-60.87135,-51.87282],[-60.87548,-51.87215],[-60.87159,-51.87023]]],[[[-58.85007,-51.88891],[-58.84632,-51.89099],[-58.85195,-51.89055],[-58.85007,-51.88891]]],[[[-58.88157,-52.18748],[-58.8815,-52.18543],[-58.87752,-52.18729],[-58.88157,-52.18748]]],[[[-61.28107,-51.71072],[-61.28169,-51.70857],[-61.27699,-51.70862],[-61.28107,-51.71072]]],[[[-59.69044,-51.32488],[-59.68128,-51.32424],[-59.68134,-51.3247],[-59.69044,-51.32488]]],[[[-60.64619,-51.23622],[-60.65302,-51.23944],[-60.65025,-51.23481],[-60.64619,-51.23622]]],[[[-64.0372,-54.80373],[-64.0334,-54.802],[-64.03192,-54.80434],[-64.0372,-54.80373]]],[[[-58.70677,-52.15702],[-58.70241,-52.15353],[-58.70171,-52.15581],[-58.70677,-52.15702]]],[[[-59.50392,-51.82459],[-59.50422,-51.82762],[-59.5084,-51.82693],[-59.50392,-51.82459]]],[[[-58.68182,-51.9561],[-58.6802,-51.95765],[-58.68882,-51.9571],[-58.68182,-51.9561]]],[[[-64.09638,-54.74577],[-64.09507,-54.74648],[-64.10316,-54.74922],[-64.09638,-54.74577]]],[[[-58.51089,-51.46767],[-58.5094,-51.46936],[-58.51766,-51.46739],[-58.51089,-51.46767]]],[[[-64.71061,-54.79091],[-64.70856,-54.78985],[-64.707,-54.79335],[-64.71061,-54.79091]]],[[[-58.34662,-51.52643],[-58.34907,-51.52546],[-58.34716,-51.52295],[-58.34662,-51.52643]]],[[[-61.13818,-51.88959],[-61.14072,-51.88995],[-61.13971,-51.88616],[-61.13818,-51.88959]]],[[[-59.29985,-52.24985],[-59.30217,-52.2481],[-59.29855,-52.24639],[-59.29985,-52.24985]]],[[[-58.59008,-51.9002],[-58.58725,-51.90164],[-58.59361,-51.90182],[-58.59008,-51.9002]]],[[[-57.72236,-51.51534],[-57.71813,-51.51736],[-57.73289,-51.51475],[-57.72236,-51.51534]]],[[[-59.66098,-51.35913],[-59.663,-51.35751],[-59.65868,-51.35592],[-59.66098,-51.35913]]],[[[-58.5061,-51.96281],[-58.5174,-51.96243],[-58.51557,-51.96231],[-58.5061,-51.96281]]],[[[-59.99381,-51.38242],[-59.99934,-51.38116],[-59.99551,-51.37888],[-59.99381,-51.38242]]],[[[-59.89084,-51.35824],[-59.89355,-51.35769],[-59.88687,-51.35441],[-59.89084,-51.35824]]],[[[-58.61087,-51.97207],[-58.61843,-51.9743],[-58.61597,-51.97171],[-58.61087,-51.97207]]],[[[-59.72121,-51.37475],[-59.72274,-51.37285],[-59.71478,-51.37496],[-59.72121,-51.37475]]],[[[-60.38292,-52.21782],[-60.38541,-52.22237],[-60.38887,-52.2178],[-60.38292,-52.21782]]],[[[-60.88169,-51.17113],[-60.87993,-51.17163],[-60.89465,-51.17219],[-60.88169,-51.17113]]],[[[-59.69216,-52.03121],[-59.68712,-52.02945],[-59.68711,-52.03124],[-59.69216,-52.03121]]],[[[-59.68229,-51.39551],[-59.68471,-51.39524],[-59.67647,-51.39164],[-59.68229,-51.39551]]],[[[-59.01333,-51.72079],[-59.014,-51.71282],[-59.01161,-51.71723],[-59.01333,-51.72079]]],[[[-59.01741,-51.7324],[-59.02183,-51.73427],[-59.02275,-51.73062],[-59.01741,-51.7324]]],[[[-59.73522,-51.3306],[-59.7338,-51.3274],[-59.73109,-51.33087],[-59.73522,-51.3306]]],[[[-60.11854,-51.68679],[-60.12212,-51.68203],[-60.12168,-51.68187],[-60.11854,-51.68679]]],[[[-61.19472,-51.8268],[-61.19524,-51.82323],[-61.19254,-51.82343],[-61.19472,-51.8268]]],[[[-59.01403,-52.26736],[-59.00834,-52.26493],[-59.01021,-52.26767],[-59.01403,-52.26736]]],[[[-60.57236,-51.97977],[-60.57177,-51.98041],[-60.57888,-51.98206],[-60.57236,-51.97977]]],[[[-59.48256,-51.82448],[-59.48363,-51.82433],[-59.48066,-51.81812],[-59.48256,-51.82448]]],[[[-60.51134,-51.8694],[-60.51083,-51.86444],[-60.50764,-51.86592],[-60.51134,-51.8694]]],[[[-60.4989,-51.85397],[-60.5011,-51.85611],[-60.50273,-51.85538],[-60.4989,-51.85397]]],[[[-64.24088,-54.84068],[-64.24416,-54.83945],[-64.23686,-54.83705],[-64.24088,-54.84068]]],[[[-59.74893,-52.10485],[-59.74463,-52.10148],[-59.74309,-52.10304],[-59.74893,-52.10485]]],[[[-60.48044,-51.58939],[-60.48229,-51.5842],[-60.47915,-51.58626],[-60.48044,-51.58939]]],[[[-60.38666,-51.76314],[-60.39338,-51.76376],[-60.39067,-51.76152],[-60.38666,-51.76314]]],[[[-59.79943,-52.00315],[-59.79846,-51.9988],[-59.79639,-52.00257],[-59.79943,-52.00315]]],[[[-59.48717,-52.28542],[-59.48537,-52.28717],[-59.49162,-52.28726],[-59.48717,-52.28542]]],[[[-59.97674,-51.38325],[-59.97533,-51.38443],[-59.98057,-51.38526],[-59.97674,-51.38325]]],[[[-64.66624,-54.89091],[-64.67128,-54.89136],[-64.66364,-54.88839],[-64.66624,-54.89091]]],[[[-59.68628,-52.20985],[-59.68959,-52.20804],[-59.68433,-52.2062],[-59.68628,-52.20985]]],[[[-64.74844,-54.85485],[-64.75565,-54.85668],[-64.75296,-54.85386],[-64.74844,-54.85485]]],[[[-59.09487,-52.03437],[-59.09356,-52.03278],[-59.09117,-52.03335],[-59.09487,-52.03437]]],[[[-59.66916,-51.90993],[-59.66854,-51.91061],[-59.67858,-51.91045],[-59.66916,-51.90993]]],[[[-59.39782,-52.35129],[-59.39902,-52.34972],[-59.39348,-52.34887],[-59.39782,-52.35129]]],[[[-61.2872,-51.78465],[-61.29124,-51.78369],[-61.29567,-51.78003],[-61.2872,-51.78465]]],[[[-60.48301,-51.58164],[-60.48238,-51.57592],[-60.4808,-51.57743],[-60.48301,-51.58164]]],[[[-59.02402,-52.26236],[-59.02634,-52.26004],[-59.02348,-52.25962],[-59.02402,-52.26236]]],[[[-59.88638,-51.40641],[-59.8875,-51.4058],[-59.87683,-51.40303],[-59.88638,-51.40641]]],[[[-67.431,-54.88147],[-67.42793,-54.88243],[-67.43929,-54.88213],[-67.431,-54.88147]]],[[[-58.88682,-51.88947],[-58.88258,-51.88933],[-58.88229,-51.88995],[-58.88682,-51.88947]]],[[[-59.61398,-51.34644],[-59.61309,-51.34758],[-59.61729,-51.34765],[-59.61398,-51.34644]]],[[[-68.24326,-54.87917],[-68.24645,-54.87847],[-68.24237,-54.87758],[-68.24326,-54.87917]]],[[[-57.72481,-51.67427],[-57.73332,-51.67303],[-57.72701,-51.67303],[-57.72481,-51.67427]]],[[[-59.78639,-51.39355],[-59.77929,-51.39405],[-59.78806,-51.39484],[-59.78639,-51.39355]]],[[[-58.60733,-52.00155],[-58.6033,-52.00133],[-58.60323,-52.00351],[-58.60733,-52.00155]]],[[[-58.62073,-51.96765],[-58.62269,-51.96695],[-58.61769,-51.96455],[-58.62073,-51.96765]]],[[[-60.98018,-51.85375],[-60.97566,-51.85292],[-60.97576,-51.85429],[-60.98018,-51.85375]]],[[[-59.3974,-52.33864],[-59.39329,-52.34046],[-59.39772,-52.34195],[-59.3974,-52.33864]]],[[[-59.20052,-51.71899],[-59.20046,-51.71387],[-59.19857,-51.71587],[-59.20052,-51.71899]]],[[[-59.61777,-51.39701],[-59.61329,-51.39476],[-59.61223,-51.3963],[-59.61777,-51.39701]]],[[[-59.01284,-51.78044],[-59.01883,-51.77521],[-59.01686,-51.77504],[-59.01284,-51.78044]]],[[[-64.33069,-54.84397],[-64.33318,-54.84321],[-64.32873,-54.84163],[-64.32654,-54.84262],[-64.33069,-54.84397]]],[[[-61.22425,-51.87327],[-61.22656,-51.87221],[-61.22409,-51.87039],[-61.22425,-51.87327]]],[[[-59.75516,-51.37681],[-59.76317,-51.37734],[-59.76114,-51.37645],[-59.75516,-51.37681]]],[[[-57.78887,-51.60504],[-57.78399,-51.60689],[-57.79462,-51.60418],[-57.78887,-51.60504]]],[[[-60.24275,-51.15926],[-60.24126,-51.16048],[-60.25131,-51.15946],[-60.24275,-51.15926]]],[[[-60.04602,-51.19935],[-60.04592,-51.19825],[-60.04282,-51.19835],[-60.04602,-51.19935]]],[[[-60.31837,-51.57983],[-60.32084,-51.57896],[-60.31486,-51.57769],[-60.31837,-51.57983]]],[[[-60.52519,-51.84087],[-60.52826,-51.84551],[-60.52983,-51.84236],[-60.52519,-51.84087]]],[[[-60.02587,-51.20573],[-60.02488,-51.2071],[-60.02942,-51.2063],[-60.02587,-51.20573]]],[[[-65.57561,-54.94975],[-65.57281,-54.95193],[-65.57397,-54.95248],[-65.57561,-54.94975]]],[[[-68.2654,-54.86798],[-68.26627,-54.86748],[-68.26248,-54.86636],[-68.2654,-54.86798]]],[[[-59.87403,-51.34506],[-59.86682,-51.34275],[-59.87112,-51.34498],[-59.87403,-51.34506]]],[[[-59.08482,-52.44714],[-59.07645,-52.44404],[-59.07936,-52.4464],[-59.08482,-52.44714]]],[[[-59.77955,-51.23208],[-59.77972,-51.23089],[-59.7737,-51.2315],[-59.77955,-51.23208]]],[[[-60.09256,-51.38649],[-60.08872,-51.38878],[-60.09182,-51.38893],[-60.09256,-51.38649]]],[[[-59.47976,-51.80822],[-59.4851,-51.80896],[-59.48371,-51.80774],[-59.47976,-51.80822]]],[[[-58.25768,-51.85781],[-58.25765,-51.85846],[-58.26455,-51.85969],[-58.25768,-51.85781]]],[[[-60.25855,-51.65992],[-60.26294,-51.66085],[-60.26325,-51.6595],[-60.25855,-51.65992]]],[[[-59.76342,-51.38011],[-59.75856,-51.38054],[-59.76032,-51.38171],[-59.76342,-51.38011]]],[[[-64.3224,-54.84144],[-64.32091,-54.84376],[-64.32721,-54.84159],[-64.3224,-54.84144]]],[[[-59.93563,-51.36655],[-59.93255,-51.36729],[-59.93259,-51.36833],[-59.93563,-51.36655]]],[[[-59.63708,-51.33817],[-59.63142,-51.33244],[-59.6354,-51.33882],[-59.63708,-51.33817]]],[[[-58.34647,-51.54589],[-58.34733,-51.54321],[-58.34344,-51.54536],[-58.34647,-51.54589]]],[[[-64.61778,-54.91927],[-64.61365,-54.91839],[-64.61716,-54.92134],[-64.61778,-54.91927]]],[[[-60.10955,-51.43037],[-60.10912,-51.43073],[-60.11289,-51.43217],[-60.10955,-51.43037]]],[[[-60.11142,-51.40146],[-60.11435,-51.39878],[-60.10946,-51.40079],[-60.11142,-51.40146]]],[[[-64.09263,-54.73982],[-64.09126,-54.74071],[-64.09412,-54.74202],[-64.09263,-54.73982]]],[[[-59.30924,-51.78938],[-59.3136,-51.79287],[-59.312,-51.78883],[-59.30924,-51.78938]]],[[[-60.46805,-51.60007],[-60.46908,-51.59835],[-60.46571,-51.59909],[-60.46805,-51.60007]]],[[[-58.53475,-52.06648],[-58.53615,-52.06587],[-58.53392,-52.06231],[-58.53475,-52.06648]]],[[[-59.02844,-51.80313],[-59.02833,-51.80544],[-59.0315,-51.80482],[-59.02844,-51.80313]]],[[[-59.79021,-51.36693],[-59.79087,-51.36629],[-59.7858,-51.36577],[-59.79021,-51.36693]]],[[[-60.72525,-51.589],[-60.72486,-51.58947],[-60.72795,-51.5909],[-60.72525,-51.589]]],[[[-60.08935,-51.4011],[-60.08908,-51.4019],[-60.09415,-51.4021],[-60.08935,-51.4011]]],[[[-59.3562,-51.78472],[-59.35453,-51.78744],[-59.35912,-51.78736],[-59.3562,-51.78472]]],[[[-61.20698,-51.83286],[-61.20855,-51.83223],[-61.20567,-51.83113],[-61.20698,-51.83286]]],[[[-64.52287,-54.87763],[-64.51957,-54.87745],[-64.52036,-54.87894],[-64.52287,-54.87763]]],[[[-59.3077,-52.25031],[-59.30938,-52.24971],[-59.30794,-52.2483],[-59.3077,-52.25031]]],[[[-59.78374,-51.39675],[-59.7794,-51.39709],[-59.78914,-51.39673],[-59.78374,-51.39675]]],[[[-60.01088,-51.3782],[-60.01142,-51.37654],[-60.00911,-51.37542],[-60.01088,-51.3782]]],[[[-58.45318,-52.03325],[-58.45222,-52.03565],[-58.45958,-52.03151],[-58.45318,-52.03325]]],[[[-64.59254,-54.80893],[-64.58938,-54.80785],[-64.58939,-54.80924],[-64.59254,-54.80893]]],[[[-64.48527,-54.87711],[-64.48023,-54.87635],[-64.48137,-54.87768],[-64.48527,-54.87711]]],[[[-59.81877,-51.40858],[-59.81902,-51.41062],[-59.82223,-51.4093],[-59.81877,-51.40858]]],[[[-59.7912,-51.36628],[-59.79441,-51.36561],[-59.79394,-51.36436],[-59.7912,-51.36628]]],[[[-65.58704,-54.94918],[-65.59251,-54.94987],[-65.59102,-54.94899],[-65.58704,-54.94918]]],[[[-60.16086,-51.36151],[-60.15924,-51.36213],[-60.16343,-51.3631],[-60.16086,-51.36151]]],[[[-58.81092,-51.89756],[-58.81086,-51.89817],[-58.81565,-51.89649],[-58.81092,-51.89756]]],[[[-59.82973,-51.33502],[-59.83417,-51.33511],[-59.82785,-51.33302],[-59.82973,-51.33502]]],[[[-58.14183,-51.80427],[-58.13861,-51.8063],[-58.14328,-51.80535],[-58.14183,-51.80427]]],[[[-60.50979,-51.32634],[-60.5082,-51.32729],[-60.51089,-51.32758],[-60.50979,-51.32634]]],[[[-60.74615,-51.32362],[-60.74789,-51.3228],[-60.74551,-51.32181],[-60.74615,-51.32362]]],[[[-61.08483,-51.94344],[-61.08905,-51.9446],[-61.08712,-51.94257],[-61.08483,-51.94344]]],[[[-58.36525,-51.46738],[-58.36444,-51.46947],[-58.36944,-51.46587],[-58.36525,-51.46738]]],[[[-60.69042,-52.19673],[-60.69231,-52.1954],[-60.68911,-52.19453],[-60.69042,-52.19673]]],[[[-59.84006,-51.97557],[-59.83519,-51.97227],[-59.83728,-51.97413],[-59.84006,-51.97557]]],[[[-64.3312,-54.84768],[-64.33066,-54.84495],[-64.32801,-54.84737],[-64.3312,-54.84768]]],[[[-61.07242,-51.79889],[-61.07579,-51.79953],[-61.07565,-51.79861],[-61.07242,-51.79889]]],[[[-58.50366,-51.91671],[-58.50284,-51.91736],[-58.50825,-51.91731],[-58.50366,-51.91671]]],[[[-60.38141,-51.75666],[-60.37799,-51.75711],[-60.38214,-51.759],[-60.38141,-51.75666]]],[[[-61.29828,-51.77756],[-61.2962,-51.77994],[-61.30082,-51.77823],[-61.29828,-51.77756]]],[[[-59.9121,-51.37127],[-59.90788,-51.37068],[-59.9082,-51.3715],[-59.9121,-51.37127]]],[[[-61.16911,-51.84876],[-61.16918,-51.84741],[-61.16712,-51.84762],[-61.16911,-51.84876]]],[[[-64.1701,-54.87962],[-64.17384,-54.88027],[-64.17269,-54.8781],[-64.1701,-54.87962]]],[[[-60.03919,-51.69852],[-60.03807,-51.69949],[-60.0436,-51.69935],[-60.03919,-51.69852]]],[[[-64.32757,-54.84402],[-64.3251,-54.84365],[-64.32421,-54.84506],[-64.32757,-54.84402]]],[[[-58.85899,-51.9054],[-58.85723,-51.90671],[-58.86448,-51.90502],[-58.85899,-51.9054]]],[[[-60.78447,-52.1295],[-60.78261,-52.1299],[-60.78504,-52.13185],[-60.78447,-52.1295]]],[[[-60.27162,-51.75682],[-60.26739,-51.75568],[-60.26852,-51.75699],[-60.27162,-51.75682]]],[[[-58.38166,-52.00676],[-58.37697,-52.00941],[-58.37842,-52.01027],[-58.38166,-52.00676]]],[[[-60.5135,-51.78678],[-60.5167,-51.78576],[-60.5165,-51.78408],[-60.5135,-51.78678]]],[[[-60.95426,-51.83981],[-60.95066,-51.8387],[-60.95105,-51.84008],[-60.95426,-51.83981]]],[[[-59.71861,-52.3648],[-59.71783,-52.36642],[-59.72205,-52.36592],[-59.71861,-52.3648]]],[[[-59.88563,-51.39883],[-59.89073,-51.3984],[-59.88894,-51.39773],[-59.88563,-51.39883]]],[[[-59.6732,-52.01226],[-59.67104,-52.01156],[-59.672,-52.01336],[-59.6732,-52.01226]]],[[[-59.63758,-52.20445],[-59.63848,-52.2031],[-59.63532,-52.20276],[-59.63758,-52.20445]]],[[[-58.56838,-51.94601],[-58.56972,-51.94482],[-58.56686,-51.94425],[-58.56838,-51.94601]]],[[[-59.9142,-51.36752],[-59.91414,-51.36605],[-59.91094,-51.36705],[-59.9142,-51.36752]]],[[[-60.87577,-51.86651],[-60.87776,-51.86791],[-60.8782,-51.8666],[-60.87577,-51.86651]]],[[[-60.98619,-52.02431],[-60.98204,-52.02164],[-60.9832,-52.024],[-60.98619,-52.02431]]],[[[-60.25983,-51.75686],[-60.2592,-51.75349],[-60.25697,-51.75559],[-60.25983,-51.75686]]],[[[-59.37472,-52.16175],[-59.37437,-52.16197],[-59.3784,-52.16267],[-59.37472,-52.16175]]],[[[-58.97521,-52.14449],[-58.96882,-52.14176],[-58.96952,-52.14231],[-58.97521,-52.14449]]],[[[-60.25814,-51.15861],[-60.2528,-51.15888],[-60.25868,-51.15945],[-60.25814,-51.15861]]],[[[-59.15379,-51.53715],[-59.15615,-51.53892],[-59.15563,-51.53575],[-59.15379,-51.53715]]],[[[-57.68873,-51.67524],[-57.68697,-51.67643],[-57.69405,-51.67604],[-57.68873,-51.67524]]],[[[-61.14972,-51.82426],[-61.14776,-51.82487],[-61.15023,-51.82631],[-61.14972,-51.82426]]],[[[-60.78804,-51.12031],[-60.78621,-51.12181],[-60.79318,-51.11991],[-60.78804,-51.12031]]],[[[-58.26438,-51.86666],[-58.26516,-51.86632],[-58.26067,-51.86592],[-58.26438,-51.86666]]],[[[-59.72335,-51.36391],[-59.72384,-51.36218],[-59.72022,-51.36313],[-59.72335,-51.36391]]],[[[-64.44701,-54.87868],[-64.4434,-54.87694],[-64.44508,-54.87878],[-64.44701,-54.87868]]],[[[-58.48279,-51.9857],[-58.48172,-51.98661],[-58.48722,-51.98627],[-58.48279,-51.9857]]],[[[-59.18978,-51.59507],[-59.19062,-51.59427],[-59.18841,-51.59338],[-59.18978,-51.59507]]],[[[-58.87057,-51.89366],[-58.87019,-51.89418],[-58.87366,-51.89466],[-58.87057,-51.89366]]],[[[-59.54005,-51.92059],[-59.53962,-51.91844],[-59.53779,-51.91934],[-59.54005,-51.92059]]],[[[-60.26489,-51.15765],[-60.26339,-51.15871],[-60.26873,-51.15744],[-60.26489,-51.15765]]],[[[-60.44801,-51.34388],[-60.44895,-51.34181],[-60.4472,-51.34171],[-60.44801,-51.34388]]],[[[-59.01725,-52.13127],[-59.01427,-52.1299],[-59.01374,-52.13074],[-59.01725,-52.13127]]],[[[-60.89979,-51.17039],[-60.89865,-51.17112],[-60.90414,-51.17034],[-60.89979,-51.17039]]],[[[-58.26714,-51.85989],[-58.27248,-51.86045],[-58.26931,-51.85906],[-58.26714,-51.85989]]],[[[-59.75413,-52.02384],[-59.75254,-52.02388],[-59.75507,-52.02577],[-59.75413,-52.02384]]],[[[-58.8693,-52.2071],[-58.8704,-52.20589],[-58.86856,-52.20521],[-58.8693,-52.2071]]],[[[-60.08122,-51.94673],[-60.08053,-51.94457],[-60.07927,-51.94589],[-60.08122,-51.94673]]],[[[-58.8762,-52.20303],[-58.87536,-52.20434],[-58.87876,-52.20369],[-58.8762,-52.20303]]],[[[-58.86095,-52.21116],[-58.86364,-52.20999],[-58.86179,-52.20916],[-58.86095,-52.21116]]],[[[-68.20536,-54.87214],[-68.20849,-54.87161],[-68.20695,-54.87084],[-68.20536,-54.87214]]],[[[-58.99374,-52.18633],[-58.99197,-52.18679],[-58.99219,-52.18762],[-58.99374,-52.18633]]],[[[-58.19968,-51.87088],[-58.20268,-51.87097],[-58.20429,-51.86984],[-58.19968,-51.87088]]],[[[-58.69125,-51.94252],[-58.69093,-51.94317],[-58.69486,-51.94256],[-58.69125,-51.94252]]],[[[-58.83139,-52.1908],[-58.83317,-52.19063],[-58.83128,-52.18829],[-58.83139,-52.1908]]],[[[-58.16403,-51.80057],[-58.16246,-51.80234],[-58.15451,-51.80329],[-58.16029,-51.80327],[-58.16285,-51.80239],[-58.16423,-51.80078],[-58.16403,-51.80057]]],[[[-68.2613,-54.87369],[-68.2615,-54.87322],[-68.25708,-54.87315],[-68.2613,-54.87369]]],[[[-59.1487,-51.60339],[-59.14575,-51.60393],[-59.14865,-51.60527],[-59.1487,-51.60339]]],[[[-58.96067,-51.844],[-58.96318,-51.84243],[-58.96224,-51.8421],[-58.96067,-51.844]]],[[[-64.61276,-54.91596],[-64.60986,-54.91511],[-64.60986,-54.91611],[-64.61276,-54.91596]]],[[[-64.27962,-54.82589],[-64.27766,-54.8233],[-64.2767,-54.82418],[-64.27962,-54.82589]]],[[[-59.01263,-51.72409],[-59.01188,-51.72207],[-59.01128,-51.72247],[-59.01263,-51.72409]]],[[[-60.50706,-52.22717],[-60.50679,-52.22552],[-60.50411,-52.22695],[-60.50706,-52.22717]]],[[[-58.23138,-51.84877],[-58.23033,-51.84905],[-58.23118,-51.84978],[-58.23138,-51.84877]]],[[[-59.6926,-51.32679],[-59.69059,-51.32742],[-59.69125,-51.3278],[-59.6926,-51.32679]]],[[[-58.09553,-51.79709],[-58.09378,-51.79784],[-58.09765,-51.79802],[-58.09553,-51.79709]]],[[[-59.67999,-51.38877],[-59.67856,-51.389],[-59.68301,-51.3897],[-59.67999,-51.38877]]],[[[-58.45534,-51.97673],[-58.45487,-51.97738],[-58.45898,-51.97778],[-58.45534,-51.97673]]],[[[-64.55884,-54.79242],[-64.55454,-54.79138],[-64.55552,-54.79258],[-64.55884,-54.79242]]],[[[-58.80159,-51.90523],[-58.80537,-51.90412],[-58.80512,-51.90386],[-58.80159,-51.90523]]],[[[-64.24247,-54.83104],[-64.24169,-54.83144],[-64.24367,-54.83267],[-64.24247,-54.83104]]],[[[-59.1859,-52.02932],[-59.18675,-52.02926],[-59.18642,-52.02775],[-59.1859,-52.02932]]],[[[-59.74254,-52.30928],[-59.74209,-52.30601],[-59.74066,-52.31009],[-59.74254,-52.30928]]],[[[-60.21931,-51.75209],[-60.22333,-51.7507],[-60.22269,-51.75034],[-60.21931,-51.75209]]],[[[-58.04728,-51.79406],[-58.04558,-51.79474],[-58.05118,-51.79397],[-58.04728,-51.79406]]],[[[-59.80508,-51.39306],[-59.80384,-51.39315],[-59.80558,-51.39446],[-59.80508,-51.39306]]],[[[-61.23504,-51.72067],[-61.23386,-51.71963],[-61.23313,-51.72122],[-61.23504,-51.72067]]],[[[-60.79526,-51.11832],[-60.79368,-51.11997],[-60.79496,-51.1198],[-60.79526,-51.11832]]],[[[-59.02089,-51.7374],[-59.02059,-51.7369],[-59.01888,-51.73766],[-59.02089,-51.7374]]],[[[-64.43115,-54.7672],[-64.42699,-54.76587],[-64.42799,-54.76666],[-64.43115,-54.7672]]],[[[-59.13206,-51.62071],[-59.13529,-51.61947],[-59.13132,-51.6191],[-59.13206,-51.62071]]],[[[-60.11128,-51.67782],[-60.11048,-51.67712],[-60.10896,-51.68023],[-60.11128,-51.67782]]],[[[-64.02925,-54.80287],[-64.02953,-54.80181],[-64.02711,-54.80222],[-64.02925,-54.80287]]],[[[-68.25439,-54.83552],[-68.25238,-54.8363],[-68.25863,-54.83528],[-68.25439,-54.83552]]],[[[-60.68959,-52.20327],[-60.68959,-52.2025],[-60.68763,-52.2022],[-60.68959,-52.20327]]],[[[-64.35519,-54.84258],[-64.35343,-54.84296],[-64.35552,-54.84468],[-64.35519,-54.84258]]],[[[-58.92308,-52.12819],[-58.92364,-52.12677],[-58.92197,-52.127],[-58.92308,-52.12819]]],[[[-58.32188,-51.39085],[-58.31881,-51.39026],[-58.31963,-51.39124],[-58.32188,-51.39085]]],[[[-59.83299,-52.14948],[-59.83109,-52.15002],[-59.8338,-52.15153],[-59.83299,-52.14948]]],[[[-67.35804,-54.88407],[-67.35869,-54.88355],[-67.35476,-54.88387],[-67.35804,-54.88407]]],[[[-59.6994,-51.438],[-59.69958,-51.43726],[-59.697,-51.43678],[-59.6994,-51.438]]],[[[-60.89948,-51.82387],[-60.89793,-51.82176],[-60.8972,-51.82255],[-60.89948,-51.82387]]],[[[-60.3945,-51.79819],[-60.394,-51.79696],[-60.39201,-51.79734],[-60.3945,-51.79819]]],[[[-59.00461,-52.19882],[-59.00461,-52.19788],[-59.00304,-52.19773],[-59.00461,-52.19882]]],[[[-58.18677,-51.85468],[-58.19238,-51.85464],[-58.1918,-51.8543],[-58.18677,-51.85468]]],[[[-60.3957,-51.7666],[-60.3926,-51.76542],[-60.39266,-51.76615],[-60.3957,-51.7666]]],[[[-64.3619,-54.83107],[-64.36099,-54.83149],[-64.36337,-54.83283],[-64.3619,-54.83107]]],[[[-59.25378,-52.00623],[-59.25034,-52.00434],[-59.25183,-52.00602],[-59.25378,-52.00623]]],[[[-61.04339,-51.79007],[-61.04014,-51.78893],[-61.04027,-51.78957],[-61.04339,-51.79007]]],[[[-68.19858,-54.87309],[-68.20069,-54.87207],[-68.19714,-54.87217],[-68.19858,-54.87309]]],[[[-58.87723,-51.89342],[-58.87581,-51.89404],[-58.87635,-51.89471],[-58.87723,-51.89342]]],[[[-60.61601,-52.2492],[-60.61702,-52.24818],[-60.6141,-52.24795],[-60.61601,-52.2492]]],[[[-61.29692,-51.79841],[-61.29775,-51.79707],[-61.29548,-51.79756],[-61.29692,-51.79841]]],[[[-59.82317,-52.15905],[-59.82371,-52.15964],[-59.82563,-52.157],[-59.82317,-52.15905]]],[[[-60.27514,-52.10537],[-60.27313,-52.10454],[-60.27254,-52.10513],[-60.27514,-52.10537]]],[[[-66.54889,-55.06259],[-66.546,-55.06291],[-66.54639,-55.06325],[-66.54889,-55.06259]]],[[[-60.10549,-51.4977],[-60.10792,-51.49771],[-60.10783,-51.49717],[-60.10549,-51.4977]]],[[[-60.63577,-51.2314],[-60.63982,-51.23242],[-60.63957,-51.2318],[-60.63577,-51.2314]]],[[[-59.04814,-51.48936],[-59.04777,-51.4899],[-59.05027,-51.49003],[-59.04814,-51.48936]]],[[[-60.18091,-51.4052],[-60.17834,-51.40453],[-60.17871,-51.4056],[-60.18091,-51.4052]]],[[[-58.23117,-51.85291],[-58.22962,-51.85197],[-58.22893,-51.85237],[-58.23117,-51.85291]]],[[[-60.51713,-51.32546],[-60.51608,-51.32611],[-60.51996,-51.3259],[-60.51713,-51.32546]]],[[[-59.05847,-52.07784],[-59.05675,-52.07777],[-59.05692,-52.07861],[-59.05847,-52.07784]]],[[[-58.32751,-51.83101],[-58.32555,-51.83185],[-58.33064,-51.8312],[-58.32751,-51.83101]]],[[[-68.18617,-54.8545],[-68.18291,-54.85425],[-68.18323,-54.85473],[-68.18617,-54.8545]]],[[[-64.42961,-54.75994],[-64.42641,-54.75892],[-64.42664,-54.75944],[-64.42961,-54.75994]]],[[[-59.2543,-51.44547],[-59.24764,-51.44301],[-59.24778,-51.44338],[-59.2543,-51.44547]]],[[[-64.46023,-54.87586],[-64.46035,-54.87548],[-64.45733,-54.87517],[-64.46023,-54.87586]]],[[[-60.11353,-51.6836],[-60.11297,-51.68463],[-60.11469,-51.68517],[-60.11353,-51.6836]]],[[[-59.82611,-51.33195],[-59.82725,-51.33016],[-59.82499,-51.33026],[-59.82611,-51.33195]]],[[[-64.39607,-54.74889],[-64.39697,-54.74815],[-64.39523,-54.74741],[-64.39607,-54.74889]]],[[[-60.98022,-52.02352],[-60.9782,-52.02092],[-60.97806,-52.02173],[-60.98022,-52.02352]]],[[[-59.37288,-52.35832],[-59.37428,-52.35746],[-59.37417,-52.35695],[-59.37288,-52.35832]]],[[[-57.9575,-51.36495],[-57.95759,-51.36475],[-57.9554,-51.36396],[-57.9575,-51.36495]]],[[[-60.54381,-51.30465],[-60.54497,-51.3033],[-60.54299,-51.30361],[-60.54381,-51.30465]]],[[[-60.33262,-51.79627],[-60.33194,-51.7955],[-60.3308,-51.7961],[-60.33262,-51.79627]]],[[[-60.88415,-51.28197],[-60.8834,-51.28272],[-60.88606,-51.28296],[-60.88415,-51.28197]]],[[[-58.53776,-51.47427],[-58.53789,-51.47347],[-58.5353,-51.47357],[-58.53776,-51.47427]]],[[[-60.0845,-51.95724],[-60.08549,-51.95626],[-60.08418,-51.95546],[-60.0845,-51.95724]]],[[[-59.82569,-51.35156],[-59.82397,-51.35195],[-59.82388,-51.35243],[-59.82569,-51.35156]]],[[[-58.93653,-51.84817],[-58.93766,-51.84577],[-58.93549,-51.84746],[-58.93653,-51.84817]]],[[[-59.87157,-51.39884],[-59.87288,-51.39877],[-59.8685,-51.39822],[-59.87157,-51.39884]]],[[[-64.09441,-54.74285],[-64.09453,-54.74357],[-64.09757,-54.74315],[-64.09441,-54.74285]]],[[[-58.76634,-51.95415],[-58.7642,-51.9541],[-58.76458,-51.95463],[-58.76634,-51.95415]]],[[[-58.4353,-51.9512],[-58.43617,-51.95052],[-58.43324,-51.95074],[-58.4353,-51.9512]]],[[[-58.10594,-51.53768],[-58.11012,-51.53701],[-58.10775,-51.53509],[-58.10594,-51.53768]]],[[[-58.40517,-52.01761],[-58.40474,-52.01824],[-58.40676,-52.01814],[-58.40517,-52.01761]]],[[[-64.60543,-54.91344],[-64.60872,-54.91387],[-64.60819,-54.91335],[-64.60543,-54.91344]]],[[[-59.774,-51.36943],[-59.77441,-51.36916],[-59.77284,-51.36742],[-59.774,-51.36943]]],[[[-58.09905,-51.78896],[-58.10001,-51.78814],[-58.09736,-51.78816],[-58.09905,-51.78896]]],[[[-61.06969,-51.05519],[-61.07118,-51.0546],[-61.07055,-51.05357],[-61.06969,-51.05519]]],[[[-59.00958,-51.74914],[-59.00939,-51.74725],[-59.00874,-51.74725],[-59.00958,-51.74914]]],[[[-58.0821,-51.79259],[-58.08511,-51.79223],[-58.08496,-51.79188],[-58.0821,-51.79259]]],[[[-58.20025,-51.86544],[-58.2005,-51.86512],[-58.19752,-51.86501],[-58.20025,-51.86544]]],[[[-58.46164,-52.10426],[-58.46176,-52.1035],[-58.45984,-52.10291],[-58.46164,-52.10426]]],[[[-61.06983,-51.05584],[-61.06956,-51.05607],[-61.07081,-51.05699],[-61.06983,-51.05584]]],[[[-58.52615,-52.00921],[-58.52671,-52.01015],[-58.52804,-52.00885],[-58.52615,-52.00921]]],[[[-60.04518,-51.69866],[-60.04391,-51.69918],[-60.0477,-51.69892],[-60.04518,-51.69866]]],[[[-60.69786,-52.19441],[-60.6981,-52.19405],[-60.69702,-52.1934],[-60.69786,-52.19441]]],[[[-61.2205,-51.87062],[-61.22027,-51.86934],[-61.21878,-51.87009],[-61.2205,-51.87062]]],[[[-59.36261,-52.20695],[-59.36199,-52.20593],[-59.3613,-52.20707],[-59.36261,-52.20695]]],[[[-58.44902,-51.95008],[-58.44474,-51.94985],[-58.4455,-51.95008],[-58.44902,-51.95008]]],[[[-60.57262,-51.97863],[-60.57282,-51.97823],[-60.57008,-51.97883],[-60.57262,-51.97863]]],[[[-58.33212,-51.44761],[-58.32981,-51.44703],[-58.32984,-51.44765],[-58.33212,-51.44761]]],[[[-58.06786,-51.54324],[-58.06905,-51.54312],[-58.06706,-51.54303],[-58.06786,-51.54324]]],[[[-64.17554,-54.83622],[-64.1755,-54.8356],[-64.17354,-54.83555],[-64.17554,-54.83622]]],[[[-61.22076,-51.84499],[-61.22083,-51.84463],[-61.21977,-51.84383],[-61.22076,-51.84499]]],[[[-59.0343,-51.69006],[-59.03418,-51.69122],[-59.03538,-51.69087],[-59.0343,-51.69006]]],[[[-60.10042,-51.40691],[-60.09955,-51.40754],[-60.10035,-51.40785],[-60.10042,-51.40691]]],[[[-61.15457,-51.86848],[-61.15476,-51.86957],[-61.15629,-51.86917],[-61.15457,-51.86848]]],[[[-61.26222,-51.0089],[-61.26133,-51.01005],[-61.26344,-51.00926],[-61.26222,-51.0089]]],[[[-60.59263,-51.97539],[-60.59326,-51.97448],[-60.59158,-51.97458],[-60.59263,-51.97539]]],[[[-61.02144,-51.85625],[-61.02337,-51.85665],[-61.023,-51.85608],[-61.02144,-51.85625]]],[[[-59.0356,-51.8134],[-59.03746,-51.81399],[-59.03777,-51.81322],[-59.0356,-51.8134]]],[[[-60.50649,-52.23266],[-60.50628,-52.23154],[-60.50536,-52.23183],[-60.50649,-52.23266]]],[[[-60.08664,-51.41652],[-60.08703,-51.41621],[-60.08415,-51.41677],[-60.08664,-51.41652]]],[[[-58.96021,-51.841],[-58.96008,-51.84047],[-58.95855,-51.8407],[-58.96021,-51.841]]],[[[-68.08621,-54.87243],[-68.08404,-54.87232],[-68.08437,-54.87285],[-68.08621,-54.87243]]],[[[-60.08833,-51.40603],[-60.0884,-51.40569],[-60.08627,-51.40588],[-60.08833,-51.40603]]],[[[-60.52127,-51.32478],[-60.52092,-51.32537],[-60.52371,-51.32485],[-60.52127,-51.32478]]],[[[-61.19234,-51.83096],[-61.1932,-51.8304],[-61.19056,-51.83047],[-61.19234,-51.83096]]],[[[-59.69127,-52.31882],[-59.69063,-52.319],[-59.69135,-52.31963],[-59.69127,-52.31882]]],[[[-59.37452,-52.16746],[-59.37315,-52.1674],[-59.37312,-52.16797],[-59.37452,-52.16746]]],[[[-60.14351,-51.48092],[-60.14287,-51.48154],[-60.14384,-51.48204],[-60.14351,-51.48092]]],[[[-60.64569,-52.2116],[-60.64468,-52.21166],[-60.64467,-52.21268],[-60.64569,-52.2116]]],[[[-58.35264,-51.89677],[-58.35232,-51.89587],[-58.35144,-51.89602],[-58.35264,-51.89677]]],[[[-59.02993,-51.78083],[-59.03123,-51.78123],[-59.03114,-51.77996],[-59.02993,-51.78083]]],[[[-60.66601,-52.19641],[-60.66611,-52.19561],[-60.66488,-52.19573],[-60.66601,-52.19641]]],[[[-60.55281,-51.47322],[-60.55248,-51.47379],[-60.5537,-51.47417],[-60.55281,-51.47322]]],[[[-58.39044,-51.92306],[-58.38988,-51.92382],[-58.39102,-51.92384],[-58.39044,-51.92306]]],[[[-58.23243,-51.56612],[-58.23161,-51.56493],[-58.23192,-51.56616],[-58.23243,-51.56612]]],[[[-60.73694,-52.19687],[-60.73699,-52.196],[-60.73563,-52.19625],[-60.73694,-52.19687]]],[[[-60.13744,-51.44231],[-60.13757,-51.44148],[-60.13655,-51.44167],[-60.13744,-51.44231]]],[[[-61.28818,-51.73381],[-61.28831,-51.73333],[-61.28696,-51.7338],[-61.28818,-51.73381]]],[[[-59.13061,-51.61671],[-59.13187,-51.6174],[-59.13206,-51.61656],[-59.13061,-51.61671]]],[[[-64.37991,-54.74645],[-64.38067,-54.74621],[-64.38052,-54.74566],[-64.37991,-54.74645]]],[[[-59.05815,-51.19012],[-59.05851,-51.18943],[-59.05791,-51.18907],[-59.05815,-51.19012]]],[[[-59.33847,-52.29088],[-59.33947,-52.29026],[-59.33749,-52.29036],[-59.33847,-52.29088]]],[[[-61.03229,-52.00718],[-61.0333,-52.00694],[-61.03241,-52.00593],[-61.03229,-52.00718]]],[[[-60.33038,-51.80197],[-60.33155,-51.80029],[-60.3308,-51.8006],[-60.33038,-51.80197]]],[[[-64.19209,-54.84257],[-64.19081,-54.84276],[-64.19116,-54.84319],[-64.19209,-54.84257]]],[[[-60.46664,-51.84529],[-60.46504,-51.8446],[-60.46491,-51.84498],[-60.46664,-51.84529]]],[[[-58.54409,-52.0652],[-58.545,-52.06443],[-58.54401,-52.064],[-58.54409,-52.0652]]],[[[-60.47016,-52.21758],[-60.47037,-52.21648],[-60.46949,-52.21701],[-60.47016,-52.21758]]],[[[-59.26905,-52.25473],[-59.26903,-52.25429],[-59.26748,-52.25445],[-59.26905,-52.25473]]],[[[-59.72422,-52.01309],[-59.72245,-52.01233],[-59.72254,-52.01288],[-59.72422,-52.01309]]],[[[-59.82678,-52.00957],[-59.82392,-52.00885],[-59.8243,-52.00926],[-59.82678,-52.00957]]],[[[-59.98625,-51.38468],[-59.98571,-51.38622],[-59.98644,-51.38565],[-59.98625,-51.38468]]],[[[-59.06358,-52.25444],[-59.06269,-52.25404],[-59.06236,-52.25472],[-59.06358,-52.25444]]],[[[-61.11511,-51.94147],[-61.11527,-51.94127],[-61.11379,-51.94056],[-61.11511,-51.94147]]],[[[-57.76271,-51.67357],[-57.75993,-51.67336],[-57.76006,-51.67359],[-57.76271,-51.67357]]],[[[-58.2357,-51.85253],[-58.23801,-51.85232],[-58.23761,-51.852],[-58.2357,-51.85253]]],[[[-58.95865,-51.82456],[-58.95802,-51.82369],[-58.95724,-51.82416],[-58.95865,-51.82456]]],[[[-60.68358,-52.2022],[-60.68251,-52.20291],[-60.68328,-52.20315],[-60.68358,-52.2022]]],[[[-64.02545,-54.75136],[-64.02445,-54.75165],[-64.02525,-54.75222],[-64.02545,-54.75136]]],[[[-59.82767,-51.35278],[-59.82772,-51.35242],[-59.82626,-51.35226],[-59.82767,-51.35278]]],[[[-64.25961,-54.80306],[-64.25885,-54.80233],[-64.25835,-54.80311],[-64.25961,-54.80306]]],[[[-58.11332,-51.57391],[-58.11072,-51.57359],[-58.11187,-51.57385],[-58.11332,-51.57391]]],[[[-63.80829,-54.71737],[-63.80798,-54.71794],[-63.80954,-54.71791],[-63.80829,-54.71737]]],[[[-61.20632,-51.79543],[-61.20683,-51.79494],[-61.20547,-51.79498],[-61.20632,-51.79543]]],[[[-58.09091,-51.5474],[-58.09013,-51.54801],[-58.09251,-51.54758],[-58.09091,-51.5474]]],[[[-60.29971,-51.599],[-60.29977,-51.59847],[-60.29883,-51.59815],[-60.29971,-51.599]]],[[[-64.42424,-54.75705],[-64.4243,-54.75623],[-64.42343,-54.75629],[-64.42424,-54.75705]]],[[[-57.85228,-51.73851],[-57.85287,-51.73811],[-57.85116,-51.73809],[-57.85228,-51.73851]]],[[[-60.10069,-51.67397],[-60.1008,-51.67358],[-60.09986,-51.67336],[-60.10069,-51.67397]]],[[[-60.21928,-51.78324],[-60.21908,-51.78217],[-60.21856,-51.78335],[-60.21928,-51.78324]]],[[[-60.27295,-52.10912],[-60.27351,-52.10758],[-60.27264,-52.10789],[-60.27295,-52.10912]]],[[[-60.05566,-51.69682],[-60.05566,-51.69626],[-60.05469,-51.6963],[-60.05566,-51.69682]]],[[[-61.28269,-51.81651],[-61.28239,-51.81765],[-61.28275,-51.81759],[-61.28269,-51.81651]]],[[[-60.2762,-52.03072],[-60.2746,-52.03],[-60.27515,-52.03068],[-60.2762,-52.03072]]],[[[-64.26044,-54.6696],[-64.26176,-54.67005],[-64.26152,-54.66917],[-64.26044,-54.6696]]],[[[-58.32586,-51.82703],[-58.32586,-51.82677],[-58.32441,-51.82652],[-58.32586,-51.82703]]],[[[-64.36263,-54.83548],[-64.36299,-54.83521],[-64.36213,-54.83458],[-64.36263,-54.83548]]],[[[-61.07476,-51.05119],[-61.07477,-51.05084],[-61.07372,-51.05066],[-61.07476,-51.05119]]],[[[-58.26809,-51.86771],[-58.27038,-51.86787],[-58.27016,-51.86771],[-58.26809,-51.86771]]],[[[-58.94723,-52.10193],[-58.94814,-52.10192],[-58.94804,-52.10132],[-58.94723,-52.10193]]],[[[-58.0987,-51.53465],[-58.09787,-51.53401],[-58.09767,-51.53498],[-58.0987,-51.53465]]],[[[-60.67906,-52.19976],[-60.68007,-52.19935],[-60.67912,-52.19869],[-60.67906,-52.19976]]],[[[-60.65617,-52.20184],[-60.65626,-52.20111],[-60.65539,-52.20145],[-60.65617,-52.20184]]],[[[-59.39992,-52.20453],[-59.40196,-52.20486],[-59.39918,-52.20393],[-59.39992,-52.20453]]],[[[-59.48862,-51.82618],[-59.48873,-51.82591],[-59.48752,-51.82577],[-59.48862,-51.82618]]],[[[-59.02775,-51.77585],[-59.02644,-51.77584],[-59.02661,-51.77628],[-59.02775,-51.77585]]],[[[-58.29518,-51.87004],[-58.29391,-51.86939],[-58.29374,-51.87007],[-58.29518,-51.87004]]],[[[-60.78565,-51.12227],[-60.78587,-51.12177],[-60.78458,-51.12214],[-60.78565,-51.12227]]],[[[-59.49197,-51.82858],[-59.49058,-51.82889],[-59.49103,-51.8291],[-59.49197,-51.82858]]],[[[-59.04413,-51.75178],[-59.04268,-51.75204],[-59.04394,-51.75243],[-59.04413,-51.75178]]],[[[-60.50661,-52.23022],[-60.50655,-52.22992],[-60.50536,-52.22974],[-60.50661,-52.23022]]],[[[-58.48073,-51.98295],[-58.4808,-51.98266],[-58.47952,-51.98242],[-58.48073,-51.98295]]],[[[-58.23783,-51.84629],[-58.23738,-51.8465],[-58.23877,-51.8466],[-58.23783,-51.84629]]],[[[-58.42108,-51.55482],[-58.42255,-51.55441],[-58.42225,-51.5541],[-58.42108,-51.55482]]],[[[-59.83813,-52.14715],[-59.83865,-52.14696],[-59.83789,-52.14615],[-59.83813,-52.14715]]],[[[-58.24417,-51.80012],[-58.24456,-51.80004],[-58.24285,-51.79955],[-58.24417,-51.80012]]],[[[-60.29522,-52.00937],[-60.29421,-52.00916],[-60.29455,-52.0097],[-60.29522,-52.00937]]],[[[-57.89113,-51.38579],[-57.89074,-51.38635],[-57.89212,-51.38635],[-57.89113,-51.38579]]],[[[-64.16783,-54.87683],[-64.16596,-54.87648],[-64.16633,-54.87681],[-64.16783,-54.87683]]],[[[-58.13702,-51.54643],[-58.139,-51.54671],[-58.13898,-51.54656],[-58.13702,-51.54643]]],[[[-59.79675,-51.35808],[-59.79588,-51.35802],[-59.79581,-51.35825],[-59.79675,-51.35808]]],[[[-59.68314,-51.78768],[-59.68079,-51.78621],[-59.6815,-51.78693],[-59.68314,-51.78768]]],[[[-60.64277,-52.21255],[-60.64176,-52.21249],[-60.64176,-52.21297],[-60.64277,-52.21255]]],[[[-58.22939,-51.84912],[-58.22996,-51.84857],[-58.22926,-51.84845],[-58.22939,-51.84912]]],[[[-60.247,-51.65554],[-60.24671,-51.65629],[-60.24742,-51.65625],[-60.247,-51.65554]]],[[[-58.546,-52.01193],[-58.54617,-52.01155],[-58.54486,-52.01177],[-58.546,-52.01193]]],[[[-60.08187,-51.97317],[-60.08143,-51.9739],[-60.08242,-51.97358],[-60.08187,-51.97317]]],[[[-58.14342,-51.78364],[-58.14399,-51.78333],[-58.14356,-51.78292],[-58.14342,-51.78364]]],[[[-61.12111,-51.06996],[-61.12131,-51.06942],[-61.12075,-51.06936],[-61.12111,-51.06996]]],[[[-60.13905,-51.68605],[-60.13897,-51.68571],[-60.13827,-51.68582],[-60.13905,-51.68605]]],[[[-58.9875,-52.17862],[-58.98701,-52.17834],[-58.98691,-52.1789],[-58.9875,-52.17862]]],[[[-58.95952,-51.81991],[-58.95918,-51.82006],[-58.96052,-51.81989],[-58.95952,-51.81991]]],[[[-60.18389,-51.6702],[-60.18403,-51.66987],[-60.18343,-51.66949],[-60.18389,-51.6702]]],[[[-64.3501,-54.84363],[-64.34948,-54.84396],[-64.34986,-54.84444],[-64.3501,-54.84363]]],[[[-58.39619,-52.00553],[-58.39628,-52.00508],[-58.3956,-52.00506],[-58.39619,-52.00553]]],[[[-60.05947,-51.69295],[-60.05939,-51.69251],[-60.05873,-51.69268],[-60.05947,-51.69295]]],[[[-58.39016,-52.01306],[-58.39073,-52.01266],[-58.3905,-52.01237],[-58.39016,-52.01306]]],[[[-60.41445,-51.77164],[-60.41369,-51.77162],[-60.41397,-51.77198],[-60.41445,-51.77164]]],[[[-60.11734,-51.68037],[-60.11711,-51.68061],[-60.11775,-51.681],[-60.11734,-51.68037]]],[[[-57.91773,-51.66408],[-57.91749,-51.66485],[-57.91784,-51.66474],[-57.91773,-51.66408]]],[[[-58.34991,-51.43758],[-58.35005,-51.43718],[-58.34961,-51.43715],[-58.34991,-51.43758]]],[[[-58.95713,-51.82131],[-58.95709,-51.82088],[-58.95649,-51.82122],[-58.95713,-51.82131]]],[[[-61.2219,-51.79017],[-61.22214,-51.78966],[-61.22158,-51.78977],[-61.2219,-51.79017]]],[[[-60.21738,-51.78719],[-60.21751,-51.78755],[-60.21787,-51.78674],[-60.21738,-51.78719]]],[[[-59.29558,-52.32945],[-59.29626,-52.32898],[-59.29566,-52.32886],[-59.29558,-52.32945]]],[[[-61.07184,-51.05714],[-61.07159,-51.05754],[-61.07192,-51.05762],[-61.07184,-51.05714]]],[[[-61.22205,-51.79077],[-61.2219,-51.79036],[-61.22146,-51.79055],[-61.22205,-51.79077]]],[[[-60.06274,-51.69219],[-60.06252,-51.69179],[-60.06225,-51.69201],[-60.06274,-51.69219]]],[[[-59.0193,-51.78377],[-59.01863,-51.78364],[-59.01869,-51.78377],[-59.0193,-51.78377]]],[[[-60.21834,-51.7854],[-60.21844,-51.78484],[-60.2181,-51.78503],[-60.21834,-51.7854]]],[[[-58.4217,-51.55098],[-58.4214,-51.55118],[-58.42248,-51.55111],[-58.4217,-51.55098]]],[[[-58.98753,-52.18595],[-58.98758,-52.18568],[-58.98712,-52.18581],[-58.98753,-52.18595]]],[[[-60.09704,-51.68197],[-60.09703,-51.68225],[-60.09734,-51.68236],[-60.09704,-51.68197]]],[[[-61.25999,-51.00985],[-61.2597,-51.01023],[-61.25995,-51.0102],[-61.25999,-51.00985]]],[[[-60.11204,-51.68314],[-60.11189,-51.68345],[-60.11223,-51.68352],[-60.11204,-51.68314]]],[[[-59.03723,-51.6891],[-59.03716,-51.68926],[-59.03768,-51.68907],[-59.03723,-51.6891]]],[[[-59.02021,-51.78492],[-59.02,-51.78509],[-59.02088,-51.78513],[-59.02021,-51.78492]]],[[[-59.72393,-52.01374],[-59.72386,-52.01411],[-59.72406,-52.0142],[-59.72393,-52.01374]]],[[[-59.66132,-52.02857],[-59.66136,-52.02848],[-59.66099,-52.02844],[-59.66132,-52.02857]]]]}},{"type":"Feature","properties":{"kind":"provincia","nam":"Entre Ríos","focus":false},"geometry":{"type":"MultiPolygon","coordinates":[[[[-58.58534,-30.15902],[-58.36932,-30.26473],[-58.28555,-30.24463],[-58.20739,-30.28808],[-58.14228,-30.40524],[-58.07257,-30.42519],[-58.06913,-30.54491],[-58.03352,-30.5977],[-57.82152,-30.7194],[-57.7974,-30.78271],[-57.82446,-30.91164],[-57.91487,-30.92057],[-57.86174,-31.04347],[-57.91668,-31.12259],[-57.91323,-31.21325],[-57.99694,-31.36051],[-57.97935,-31.3884],[-58.08239,-31.45783],[-57.98063,-31.58105],[-58.03814,-31.75906],[-58.08614,-31.82116],[-58.2068,-31.87165],[-58.13828,-32.00184],[-58.18333,-32.1592],[-58.09986,-32.26002],[-58.12293,-32.34],[-58.18334,-32.37668],[-58.20457,-32.462],[-58.16056,-32.57077],[-58.1496,-32.73488],[-58.11558,-32.91977],[-58.08732,-32.9589],[-58.08418,-33.00012],[-58.09889,-33.02039],[-58.17596,-33.07689],[-58.36182,-33.12099],[-58.40435,-33.18006],[-58.39046,-33.27912],[-58.43171,-33.36333],[-58.4339,-33.49916],[-58.49469,-33.58654],[-58.43437,-33.72189],[-58.42354,-33.91667],[-58.34499,-34.0384],[-58.4632,-34.00189],[-58.655,-34.03525],[-58.76374,-33.94531],[-58.85487,-33.94721],[-58.99288,-33.8418],[-59.13068,-33.84772],[-59.17358,-33.80701],[-59.24231,-33.8075],[-59.25427,-33.72229],[-59.43701,-33.729],[-59.51674,-33.63083],[-59.61742,-33.69374],[-59.65891,-33.62004],[-59.78764,-33.60365],[-59.83395,-33.52126],[-60.04484,-33.44753],[-60.20068,-33.29218],[-60.29783,-33.24228],[-60.30306,-33.18351],[-60.42418,-33.17399],[-60.60121,-33.006],[-60.67621,-32.8996],[-60.65887,-32.83118],[-60.716,-32.77362],[-60.77618,-32.50702],[-60.72382,-32.45612],[-60.71899,-32.33404],[-60.67902,-32.31953],[-60.70038,-32.14977],[-60.65808,-32.05072],[-60.72351,-31.9776],[-60.65289,-31.89709],[-60.67578,-31.81171],[-60.62762,-31.73323],[-60.46759,-31.6983],[-60.33067,-31.60855],[-60.33281,-31.54716],[-60.244,-31.5304],[-60.21235,-31.46782],[-60.14349,-31.4436],[-60.08679,-31.34698],[-60.10559,-31.28992],[-60.01343,-31.25067],[-59.96338,-31.11987],[-59.90284,-31.08483],[-59.81818,-30.9425],[-59.73485,-30.87662],[-59.69939,-30.76907],[-59.63269,-30.7113],[-59.67841,-30.64691],[-59.64586,-30.59704],[-59.6514,-30.51098],[-59.72344,-30.4117],[-59.67139,-30.3763],[-59.67167,-30.33866],[-59.58777,-30.43482],[-59.55774,-30.33265],[-59.41965,-30.31574],[-59.2297,-30.36417],[-59.06425,-30.23082],[-58.9652,-30.21834],[-58.87886,-30.24666],[-58.74836,-30.21388],[-58.68166,-30.16358],[-58.58534,-30.15902]],[[-58.08891,-32.95785],[-58.10766,-33.00167],[-58.10912,-33.01038],[-58.11455,-33.0247],[-58.08891,-32.95785]],[[-58.12875,-33.02539],[-58.10811,-33.00148],[-58.11574,-32.99035],[-58.12875,-33.02539]],[[-58.11295,-32.96126],[-58.10143,-32.95435],[-58.11248,-32.93116],[-58.11295,-32.96126]],[[-58.11808,-32.98203],[-58.11134,-32.98002],[-58.11198,-32.97167],[-58.11808,-32.98203]],[[-58.12549,-33.02968],[-58.12983,-33.02886],[-58.1332,-33.03463],[-58.12549,-33.02968]],[[-58.1244,-33.00856],[-58.12644,-33.00785],[-58.12574,-33.0114],[-58.1244,-33.00856]]]]}},{"type":"Feature","properties":{"kind":"provincia","nam":"Corrientes","focus":false},"geometry":{"type":"MultiPolygon","coordinates":[[[[-58.19134,-27.28083],[-57.93231,-27.26411],[-57.87355,-27.27297],[-57.82409,-27.33049],[-57.79495,-27.34149],[-57.69701,-27.32688],[-57.60979,-27.39571],[-57.54351,-27.43297],[-57.50752,-27.4442],[-57.439,-27.43828],[-57.32651,-27.40984],[-57.22541,-27.47038],[-56.97993,-27.49339],[-56.94223,-27.55831],[-56.8451,-27.6064],[-56.74323,-27.605],[-56.686,-27.57694],[-56.6771,-27.54868],[-56.72036,-27.4669],[-56.60355,-27.43142],[-56.48705,-27.56368],[-56.37527,-27.60185],[-56.29242,-27.49155],[-56.28718,-27.41093],[-56.15192,-27.32874],[-56.04101,-27.31085],[-56.05461,-27.45095],[-55.82554,-27.79166],[-55.8463,-27.83244],[-55.82439,-27.94845],[-55.74943,-28.0271],[-55.75803,-28.06081],[-55.62024,-28.13754],[-55.63225,-28.17679],[-55.78254,-28.25394],[-55.66994,-28.33076],[-55.6917,-28.41761],[-55.75745,-28.36859],[-55.8783,-28.36116],[-55.90303,-28.4081],[-55.88236,-28.47771],[-56.00865,-28.506],[-56.0076,-28.60495],[-56.18552,-28.77],[-56.29437,-28.79771],[-56.30195,-28.90111],[-56.40991,-28.97765],[-56.41953,-29.07898],[-56.5915,-29.12431],[-56.70394,-29.36224],[-56.76746,-29.38256],[-56.81383,-29.48199],[-56.95737,-29.5897],[-56.97052,-29.64153],[-57.11953,-29.76368],[-57.22995,-29.77916],[-57.28947,-29.82535],[-57.32783,-29.88326],[-57.33678,-29.99039],[-57.47424,-30.11977],[-57.64507,-30.18241],[-57.61522,-30.25447],[-57.64292,-30.3419],[-57.88959,-30.51076],[-57.88727,-30.58757],[-57.80949,-30.7302],[-58.03332,-30.59793],[-58.06913,-30.54491],[-58.07257,-30.42519],[-58.14228,-30.40524],[-58.20739,-30.28808],[-58.28555,-30.24463],[-58.36932,-30.26473],[-58.5765,-30.16004],[-58.68166,-30.16358],[-58.74836,-30.21388],[-58.87886,-30.24666],[-58.9652,-30.21834],[-59.06425,-30.23082],[-59.2297,-30.36417],[-59.41965,-30.31574],[-59.55774,-30.33265],[-59.60125,-30.43106],[-59.71201,-30.27624],[-59.63658,-30.23746],[-59.56639,-30.00808],[-59.65967,-29.84318],[-59.61755,-29.77584],[-59.59018,-29.56978],[-59.60428,-29.39474],[-59.51979,-29.34319],[-59.50063,-29.24352],[-59.40781,-29.22138],[-59.34677,-29.11435],[-59.25754,-29.0896],[-59.19972,-29.03154],[-59.16045,-28.79479],[-59.0786,-28.66749],[-59.10001,-28.5764],[-59.04886,-28.49331],[-59.08598,-28.43597],[-59.10787,-28.22277],[-59.06241,-28.12811],[-58.94511,-28.13377],[-58.85973,-28.05032],[-58.82926,-27.96187],[-58.81878,-27.68118],[-58.88275,-27.60852],[-58.8814,-27.49789],[-58.78101,-27.38178],[-58.66879,-27.35909],[-58.49702,-27.27136],[-58.37285,-27.29079],[-58.24674,-27.26152],[-58.19134,-27.28083]],[[-57.90335,-27.27382],[-57.91058,-27.2744],[-57.91287,-27.27664],[-57.89824,-27.27752],[-57.86239,-27.29436],[-57.90335,-27.27382]],[[-57.91839,-27.28246],[-57.8959,-27.28811],[-57.89473,-27.28032],[-57.91839,-27.28246]],[[-57.94623,-27.27276],[-57.94487,-27.28617],[-57.92393,-27.27524],[-57.94623,-27.27276]],[[-57.93007,-27.26534],[-57.93943,-27.26844],[-57.93146,-27.2683],[-57.92674,-27.26881],[-57.92148,-27.26698],[-57.93007,-27.26534]],[[-57.91793,-27.27427],[-57.91773,-27.27616],[-57.91354,-27.2739],[-57.91793,-27.27427]]],[[[-56.91483,-27.42354],[-56.7294,-27.50196],[-56.73797,-27.55058],[-56.84042,-27.59618],[-56.87158,-27.58346],[-56.8879,-27.55494],[-56.90306,-27.5374],[-56.97011,-27.49273],[-57.03207,-27.48065],[-56.91483,-27.42354]]],[[[-57.59341,-27.39245],[-57.50245,-27.40332],[-57.40419,-27.4166],[-57.4656,-27.43165],[-57.47802,-27.43662],[-57.48435,-27.43552],[-57.49219,-27.4387],[-57.59341,-27.39245]]],[[[-56.70526,-27.56331],[-56.73424,-27.59143],[-56.7839,-27.58269],[-56.76137,-27.57749],[-56.75605,-27.57477],[-56.742,-27.56351],[-56.74009,-27.56349],[-56.73404,-27.55873],[-56.71693,-27.51994],[-56.70526,-27.56331]]],[[[-56.95199,-27.52331],[-56.94616,-27.52506],[-56.92591,-27.53537],[-56.91073,-27.53905],[-56.89413,-27.55172],[-56.87599,-27.58357],[-56.90085,-27.56943],[-56.91961,-27.56257],[-56.93237,-27.53511],[-56.95199,-27.52331]]],[[[-57.81945,-27.3187],[-57.77523,-27.315],[-57.76895,-27.32111],[-57.81945,-27.3187]]],[[[-56.68607,-27.56089],[-56.70668,-27.58077],[-56.69332,-27.54506],[-56.68607,-27.56089]]],[[[-57.78707,-27.32563],[-57.74152,-27.32331],[-57.75212,-27.32792],[-57.78277,-27.32782],[-57.79809,-27.32502],[-57.79408,-27.32573],[-57.79136,-27.32401],[-57.78707,-27.32563]]],[[[-58.21135,-27.26318],[-58.21535,-27.25862],[-58.20412,-27.25965],[-58.1967,-27.25914],[-58.19082,-27.26246],[-58.18788,-27.2631],[-58.18477,-27.26332],[-58.18369,-27.26294],[-58.18309,-27.26136],[-58.17048,-27.26922],[-58.21135,-27.26318]]],[[[-58.32165,-27.26257],[-58.31784,-27.2725],[-58.33556,-27.27342],[-58.32165,-27.26257]]],[[[-58.15643,-27.25586],[-58.13857,-27.26555],[-58.178,-27.25927],[-58.15643,-27.25586]]],[[[-56.36744,-27.52041],[-56.36473,-27.53363],[-56.3712,-27.53853],[-56.36744,-27.52041]]],[[[-56.94152,-27.54612],[-56.931,-27.54867],[-56.93002,-27.5571],[-56.94152,-27.54612]]],[[[-58.21473,-27.25844],[-58.1894,-27.2577],[-58.18384,-27.26183],[-58.19681,-27.25887],[-58.21473,-27.25844]]],[[[-57.82702,-27.30907],[-57.83728,-27.3073],[-57.83882,-27.29783],[-57.82702,-27.30907]]],[[[-56.9246,-27.53469],[-56.91199,-27.5329],[-56.90788,-27.53865],[-56.9246,-27.53469]]],[[[-57.4632,-27.43393],[-57.45157,-27.43658],[-57.47295,-27.43856],[-57.4632,-27.43393]]],[[[-58.30039,-27.26581],[-58.30133,-27.27159],[-58.31214,-27.27169],[-58.30039,-27.26581]]],[[[-57.81848,-27.32012],[-57.78783,-27.32061],[-57.78413,-27.32254],[-57.78696,-27.32534],[-57.79025,-27.32373],[-57.79218,-27.32408],[-57.79459,-27.32527],[-57.81848,-27.32012]]],[[[-57.23297,-27.45747],[-57.23234,-27.46344],[-57.2393,-27.45666],[-57.23297,-27.45747]]],[[[-56.9128,-27.57092],[-56.90218,-27.57029],[-56.89907,-27.57314],[-56.9128,-27.57092]]],[[[-58.43113,-27.26823],[-58.42037,-27.27965],[-58.42201,-27.28063],[-58.43113,-27.26823]]],[[[-58.34144,-27.26944],[-58.33769,-27.27377],[-58.3456,-27.27481],[-58.34144,-27.26944]]],[[[-56.94276,-27.52044],[-56.94781,-27.52228],[-56.95482,-27.5149],[-56.94276,-27.52044]]],[[[-56.3207,-27.49547],[-56.3432,-27.5085],[-56.3443,-27.50799],[-56.3207,-27.49547]]],[[[-56.76404,-27.57206],[-56.77222,-27.5722],[-56.75618,-27.56944],[-56.75872,-27.57136],[-56.76404,-27.57206]]],[[[-58.23581,-27.25869],[-58.224,-27.26211],[-58.24408,-27.25397],[-58.23581,-27.25869]]],[[[-58.09052,-27.25987],[-58.09368,-27.26626],[-58.10004,-27.2663],[-58.09052,-27.25987]]],[[[-56.76717,-27.57341],[-56.76008,-27.57512],[-56.77222,-27.57644],[-56.76717,-27.57341]]],[[[-57.82048,-27.32457],[-57.80631,-27.32555],[-57.8026,-27.32785],[-57.82048,-27.32457]]],[[[-56.72273,-27.58574],[-56.71851,-27.58551],[-56.73299,-27.59268],[-56.72273,-27.58574]]],[[[-57.78682,-27.32855],[-57.77221,-27.32942],[-57.7691,-27.33017],[-57.77917,-27.33315],[-57.78483,-27.33222],[-57.78682,-27.32855]]],[[[-58.20073,-27.26895],[-58.18768,-27.26989],[-58.18453,-27.27252],[-58.20073,-27.26895]]],[[[-56.72584,-27.52537],[-56.73118,-27.52757],[-56.7261,-27.51971],[-56.72584,-27.52537]]],[[[-56.74911,-27.59396],[-56.75339,-27.5921],[-56.74942,-27.59346],[-56.74911,-27.59396]]],[[[-56.94678,-27.53269],[-56.93708,-27.53788],[-56.93389,-27.54408],[-56.94678,-27.53269]]],[[[-56.70503,-27.5584],[-56.70123,-27.55839],[-56.70374,-27.56356],[-56.70503,-27.5584]]],[[[-57.55194,-27.41953],[-57.53946,-27.42779],[-57.55317,-27.41974],[-57.55194,-27.41953]]],[[[-56.72761,-27.53742],[-56.73192,-27.5366],[-56.72945,-27.53338],[-56.72761,-27.53742]]],[[[-56.87196,-27.58654],[-56.86358,-27.58762],[-56.86224,-27.58876],[-56.87196,-27.58654]]],[[[-58.325,-27.26205],[-58.33515,-27.26402],[-58.32407,-27.26136],[-58.325,-27.26205]]],[[[-58.29953,-27.25564],[-58.28824,-27.25622],[-58.28642,-27.25658],[-58.29138,-27.26012],[-58.29953,-27.25564]]],[[[-58.60902,-27.31614],[-58.61309,-27.31328],[-58.6071,-27.31285],[-58.60902,-27.31614]]],[[[-56.86625,-27.59188],[-56.8552,-27.5929],[-56.85571,-27.59483],[-56.86625,-27.59188]]],[[[-57.44205,-27.42751],[-57.45003,-27.43195],[-57.45481,-27.43092],[-57.44205,-27.42751]]],[[[-58.165,-27.2714],[-58.16873,-27.27404],[-58.16978,-27.2698],[-58.165,-27.2714]]],[[[-58.35111,-27.27401],[-58.36128,-27.2747],[-58.34907,-27.2718],[-58.35111,-27.27401]]],[[[-58.19778,-27.27596],[-58.19411,-27.27943],[-58.19979,-27.27706],[-58.19778,-27.27596]]],[[[-57.48412,-27.43612],[-57.47992,-27.43849],[-57.48784,-27.43915],[-57.48412,-27.43612]]],[[[-56.78452,-27.57165],[-56.78896,-27.57624],[-56.78947,-27.57567],[-56.78452,-27.57165]]],[[[-56.70607,-27.57774],[-56.71182,-27.58195],[-56.70668,-27.57508],[-56.70607,-27.57774]]],[[[-57.54123,-27.42758],[-57.54287,-27.4297],[-57.54839,-27.42649],[-57.54123,-27.42758]]],[[[-56.90351,-27.53785],[-56.90589,-27.54055],[-56.90736,-27.53566],[-56.90351,-27.53785]]],[[[-56.76245,-27.5688],[-56.76808,-27.56907],[-56.76105,-27.56759],[-56.76245,-27.5688]]],[[[-58.41821,-27.2832],[-58.41395,-27.2811],[-58.41312,-27.28159],[-58.41821,-27.2832]]],[[[-56.94562,-27.53197],[-56.93928,-27.53251],[-56.93789,-27.53443],[-56.94562,-27.53197]]],[[[-56.73613,-27.56007],[-56.74197,-27.56167],[-56.73684,-27.55856],[-56.73613,-27.56007]]],[[[-57.56456,-27.41053],[-57.55719,-27.41414],[-57.5546,-27.41694],[-57.56456,-27.41053]]],[[[-58.44106,-27.26564],[-58.43653,-27.27075],[-58.44171,-27.26704],[-58.44106,-27.26564]]],[[[-57.60637,-27.38225],[-57.61059,-27.38164],[-57.60579,-27.38121],[-57.60637,-27.38225]]],[[[-58.45788,-27.2717],[-58.4626,-27.27182],[-58.46332,-27.27085],[-58.45788,-27.2717]]],[[[-56.69086,-27.57004],[-56.6903,-27.57218],[-56.69367,-27.57442],[-56.69086,-27.57004]]],[[[-56.93406,-27.52754],[-56.92891,-27.52783],[-56.92751,-27.52875],[-56.93406,-27.52754]]],[[[-58.26564,-27.25969],[-58.26382,-27.26125],[-58.26771,-27.26129],[-58.26564,-27.25969]]],[[[-57.47547,-27.43809],[-57.47868,-27.44],[-57.47929,-27.43884],[-57.47547,-27.43809]]]]}},{"type":"Feature","properties":{"kind":"provincia","nam":"Mendoza","focus":false},"geometry":{"type":"MultiPolygon","coordinates":[[[[-69.12404,-32.00291],[-69.01315,-32.11594],[-68.91762,-32.11465],[-68.91761,-32.33794],[-68.66565,-32.33707],[-68.46121,-32.23805],[-68.46121,-32.13919],[-68.30106,-32.13919],[-68.24793,-32.09155],[-68.15149,-32.11919],[-68.0529,-32.07104],[-67.95759,-32.09232],[-67.91652,-32.17517],[-67.84862,-32.22293],[-67.59693,-32.24628],[-67.5224,-32.22117],[-67.47291,-32.30669],[-67.33189,-32.35055],[-67.28926,-32.44307],[-67.29734,-32.53613],[-67.26281,-32.55315],[-67.25687,-32.62553],[-67.16633,-32.75872],[-67.23235,-32.885],[-67.17929,-33.00351],[-67.18018,-33.25224],[-67.13543,-33.46456],[-66.99847,-33.63273],[-67.00482,-33.66731],[-66.88326,-33.76871],[-66.87326,-33.83295],[-66.66659,-33.95737],[-66.73374,-34.13696],[-66.71888,-34.21193],[-66.78426,-34.23256],[-66.77612,-34.29861],[-66.81189,-34.3451],[-66.76418,-34.37905],[-66.79531,-34.41137],[-66.75437,-34.44312],[-66.7572,-34.5666],[-66.70306,-34.61978],[-66.69011,-34.69073],[-66.64061,-34.71748],[-66.64967,-34.75833],[-66.56116,-34.83275],[-66.52492,-34.9436],[-66.54092,-35.01487],[-66.47811,-35.13967],[-66.48416,-35.24081],[-66.51951,-35.27429],[-66.49556,-35.31054],[-66.52515,-35.5402],[-66.57024,-35.58116],[-66.54767,-35.63877],[-66.62224,-35.84836],[-66.63785,-36.00059],[-68.29641,-35.99762],[-68.29613,-36.17255],[-68.25018,-36.17249],[-68.26128,-37.57525],[-68.43666,-37.54456],[-68.50491,-37.45409],[-68.69658,-37.44234],[-68.76609,-37.36648],[-68.86517,-37.40125],[-69.02604,-37.36479],[-69.06413,-37.22365],[-69.26832,-37.1445],[-69.52957,-37.17444],[-69.75447,-37.07006],[-69.77881,-36.96321],[-69.75965,-36.87152],[-69.92188,-36.79471],[-69.94753,-36.72161],[-70.01216,-36.69553],[-70.12257,-36.57105],[-70.20159,-36.45391],[-70.22535,-36.32712],[-70.33895,-36.33692],[-70.35906,-36.30937],[-70.42547,-36.09534],[-70.36995,-36.03965],[-70.37815,-35.98997],[-70.42295,-35.97155],[-70.36477,-35.9242],[-70.42399,-35.91466],[-70.42197,-35.87659],[-70.31196,-35.81316],[-70.37874,-35.78785],[-70.3583,-35.74964],[-70.4238,-35.64106],[-70.3847,-35.60511],[-70.41356,-35.52849],[-70.36827,-35.5195],[-70.44653,-35.46323],[-70.43189,-35.31829],[-70.50335,-35.32043],[-70.58331,-35.27017],[-70.53605,-35.1991],[-70.37502,-35.17022],[-70.36378,-35.00602],[-70.2482,-34.79887],[-70.30626,-34.74733],[-70.21586,-34.68343],[-70.21698,-34.61074],[-70.12943,-34.48561],[-70.0123,-34.41195],[-70.03084,-34.28773],[-69.97244,-34.25001],[-69.90988,-34.29212],[-69.8072,-34.24835],[-69.79672,-34.21048],[-69.87329,-34.13107],[-69.82142,-34.01519],[-69.85421,-33.96371],[-69.90618,-33.9633],[-69.85552,-33.8921],[-69.89915,-33.84708],[-69.90467,-33.77129],[-69.8646,-33.71678],[-69.87218,-33.53947],[-69.83485,-33.51566],[-69.79557,-33.42138],[-69.81551,-33.38987],[-69.77968,-33.38524],[-69.76906,-33.34321],[-69.79989,-33.28786],[-69.90433,-33.2729],[-69.91663,-33.24425],[-70.00091,-33.32287],[-70.03826,-33.2704],[-70.02591,-33.23651],[-70.0644,-33.20511],[-70.05173,-33.13455],[-70.09374,-33.05097],[-70.021,-33.00851],[-69.98938,-32.89896],[-70.10823,-32.80114],[-70.16325,-32.59826],[-70.1262,-32.57415],[-70.06545,-32.62553],[-70.00275,-32.52892],[-69.84686,-32.5705],[-69.77876,-32.54241],[-69.70496,-32.49644],[-69.68921,-32.43018],[-69.73316,-32.39056],[-69.72887,-32.33083],[-69.63031,-32.26209],[-69.59623,-32.14091],[-69.53114,-32.14095],[-69.41574,-32.06653],[-69.3142,-32.09111],[-69.24451,-32.01611],[-69.12404,-32.00291]]]]}},{"type":"Feature","properties":{"kind":"provincia","nam":"San Juan","focus":false},"geometry":{"type":"MultiPolygon","coordinates":[[[[-69.64887,-28.39615],[-69.4696,-28.41503],[-69.38677,-28.4511],[-69.31617,-28.41161],[-69.20265,-28.59596],[-69.20958,-28.68241],[-69.16197,-28.76114],[-68.90871,-28.85932],[-68.95607,-28.94948],[-68.90851,-29.04492],[-68.91189,-29.12858],[-69.00124,-29.18664],[-68.95758,-29.31716],[-69.00219,-29.39972],[-68.97488,-29.45705],[-69.03372,-29.53297],[-69.01596,-29.65004],[-68.9383,-29.65159],[-68.88435,-29.59258],[-68.86311,-29.63505],[-68.46771,-29.64429],[-68.25848,-29.74689],[-68.25385,-29.78073],[-68.199,-29.78109],[-68.15879,-29.88543],[-68.05433,-29.9003],[-67.8983,-30.0743],[-67.59087,-30.29815],[-67.57801,-30.40418],[-67.4948,-30.53633],[-67.41009,-30.62747],[-67.28279,-30.69528],[-67.12884,-30.89563],[-67.08207,-30.9161],[-67.11644,-31.016],[-67.06677,-31.08317],[-67.10123,-31.38299],[-66.95197,-31.6333],[-66.86818,-31.6333],[-66.80243,-31.81183],[-66.66179,-31.92054],[-67.13673,-31.8338],[-67.24154,-31.8808],[-67.37924,-31.86812],[-67.38019,-32.22376],[-67.27801,-32.29232],[-67.2638,-32.38186],[-67.47291,-32.30669],[-67.5224,-32.22117],[-67.59693,-32.24628],[-67.84862,-32.22293],[-67.91652,-32.17517],[-67.95759,-32.09232],[-68.0529,-32.07104],[-68.15149,-32.11919],[-68.24793,-32.09155],[-68.30106,-32.13919],[-68.46121,-32.13919],[-68.46121,-32.23805],[-68.66565,-32.33707],[-68.91761,-32.33794],[-68.91762,-32.11465],[-69.01315,-32.11594],[-69.11746,-32.00187],[-69.18399,-31.99938],[-69.24451,-32.01611],[-69.3142,-32.09111],[-69.41574,-32.06653],[-69.53114,-32.14095],[-69.59623,-32.14091],[-69.63031,-32.26209],[-69.72887,-32.33083],[-69.73316,-32.39056],[-69.68921,-32.43018],[-69.70496,-32.49644],[-69.83317,-32.56781],[-70.00275,-32.52892],[-70.06304,-32.62392],[-70.0896,-32.62243],[-70.14875,-32.46566],[-70.23665,-32.42929],[-70.21818,-32.33273],[-70.32305,-32.26705],[-70.30388,-32.13632],[-70.34166,-32.10864],[-70.33519,-32.07044],[-70.38823,-32.0439],[-70.36155,-32.02525],[-70.28903,-32.05203],[-70.20932,-31.96041],[-70.28005,-31.88409],[-70.37686,-31.88482],[-70.46044,-31.84387],[-70.46817,-31.69848],[-70.51294,-31.68978],[-70.50675,-31.65227],[-70.56738,-31.60013],[-70.56021,-31.41996],[-70.52745,-31.36695],[-70.54716,-31.31485],[-70.49722,-31.12209],[-70.45584,-31.0843],[-70.40138,-31.16707],[-70.32165,-31.04349],[-70.2691,-31.04309],[-70.32282,-30.92803],[-70.24609,-30.72852],[-70.24664,-30.63421],[-70.17939,-30.51231],[-70.19481,-30.49163],[-70.1175,-30.43213],[-70.15467,-30.34667],[-70.06321,-30.39436],[-69.95534,-30.3855],[-69.89185,-30.35059],[-69.88504,-30.21858],[-69.83505,-30.21994],[-69.81938,-30.18872],[-69.81744,-30.12794],[-69.93609,-30.12008],[-69.96532,-30.08545],[-69.89802,-29.95784],[-69.87655,-29.86164],[-69.91485,-29.79271],[-69.87867,-29.72581],[-69.93953,-29.65442],[-69.96631,-29.41422],[-70.02128,-29.3844],[-70.02093,-29.32978],[-69.93816,-29.24992],[-69.95269,-29.18917],[-69.87612,-29.1389],[-69.78828,-29.13314],[-69.7657,-28.89879],[-69.6929,-28.7709],[-69.72925,-28.73745],[-69.73015,-28.67829],[-69.64978,-28.53825],[-69.6805,-28.47061],[-69.6326,-28.42991],[-69.64887,-28.39615]]]]}},{"type":"Feature","properties":{"kind":"provincia","nam":"Neuquén","focus":false},"geometry":{"type":"MultiPolygon","coordinates":[[[[-70.41507,-36.10991],[-70.34392,-36.33333],[-70.22535,-36.32712],[-70.20159,-36.45391],[-70.12257,-36.57105],[-70.01216,-36.69553],[-69.94753,-36.72161],[-69.92188,-36.79471],[-69.75965,-36.87152],[-69.77626,-36.99122],[-69.75563,-37.06864],[-69.71154,-37.10148],[-69.52957,-37.17444],[-69.26832,-37.1445],[-69.06413,-37.22365],[-69.02604,-37.36479],[-68.86517,-37.40125],[-68.76609,-37.36648],[-68.69658,-37.44234],[-68.50491,-37.45409],[-68.43666,-37.54456],[-68.25425,-37.57193],[-68.25628,-38.67955],[-68.12061,-38.74728],[-68.09405,-38.85865],[-67.99809,-38.99576],[-68.30159,-38.97543],[-68.56174,-39.07648],[-68.6608,-39.17234],[-68.66315,-39.21495],[-68.80239,-39.28491],[-68.82396,-39.37493],[-68.9125,-39.41787],[-68.99988,-39.5152],[-69.11279,-39.51471],[-69.2771,-39.59637],[-69.27228,-39.62903],[-69.34896,-39.7121],[-69.507,-39.81542],[-69.69706,-39.84645],[-69.93175,-39.94358],[-70.00537,-40.04743],[-69.95028,-40.17898],[-69.99203,-40.17997],[-70.05882,-40.24896],[-70.06269,-40.37464],[-70.17494,-40.42761],[-70.17057,-40.48301],[-70.42493,-40.53632],[-70.54248,-40.5036],[-70.65392,-40.59134],[-70.85541,-40.59338],[-70.9765,-40.64868],[-71.02972,-40.72443],[-71.09368,-40.72671],[-71.12079,-40.75822],[-71.03202,-40.93315],[-71.14165,-41.05598],[-71.30621,-41.1001],[-71.5506,-41.02319],[-71.8607,-41.03073],[-71.90927,-40.97247],[-71.85671,-40.95957],[-71.85865,-40.88117],[-71.92788,-40.83303],[-71.92098,-40.78585],[-71.96526,-40.72728],[-71.844,-40.62756],[-71.82459,-40.57777],[-71.85682,-40.59212],[-71.89051,-40.55552],[-71.84305,-40.52513],[-71.82487,-40.42124],[-71.74147,-40.43678],[-71.65709,-40.3644],[-71.68581,-40.29349],[-71.71678,-40.27876],[-71.74775,-40.3066],[-71.82342,-40.23257],[-71.79904,-40.1372],[-71.83132,-40.10445],[-71.81402,-40.08033],[-71.67432,-40.10445],[-71.68886,-40.03308],[-71.59252,-39.91172],[-71.69128,-39.84181],[-71.66673,-39.80757],[-71.71285,-39.72445],[-71.66988,-39.68246],[-71.7173,-39.6492],[-71.69834,-39.58684],[-71.67418,-39.56361],[-71.60975,-39.62839],[-71.50165,-39.63724],[-71.46121,-39.5832],[-71.53389,-39.52912],[-71.47324,-39.49369],[-71.44735,-39.45067],[-71.45683,-39.37001],[-71.39967,-39.3503],[-71.37416,-39.28291],[-71.42146,-39.15122],[-71.39637,-39.04574],[-71.44169,-38.98124],[-71.43391,-38.92908],[-71.29556,-38.87299],[-71.23801,-38.80244],[-71.1852,-38.81521],[-71.09542,-38.75492],[-70.92623,-38.76288],[-70.88363,-38.70164],[-70.90456,-38.6669],[-70.82702,-38.59595],[-70.84248,-38.5382],[-70.98395,-38.43015],[-70.99806,-38.29117],[-71.03204,-38.24974],[-70.99585,-38.17145],[-71.04335,-38.12268],[-70.98914,-38.0868],[-71.05545,-38.04359],[-71.0626,-37.97021],[-71.11391,-37.95206],[-71.09866,-37.90161],[-71.18299,-37.85843],[-71.12644,-37.82073],[-71.21111,-37.69746],[-71.20631,-37.64768],[-71.12799,-37.58756],[-71.15153,-37.53929],[-71.11818,-37.46895],[-71.15357,-37.40067],[-71.19733,-37.38386],[-71.22104,-37.27511],[-71.11534,-37.20775],[-71.1353,-37.14775],[-71.09229,-37.11465],[-71.1673,-36.99699],[-71.2224,-36.97825],[-71.10596,-36.97089],[-71.08801,-36.93802],[-71.14401,-36.92934],[-71.11912,-36.86918],[-71.18001,-36.84142],[-71.13194,-36.81467],[-71.11325,-36.67944],[-71.06487,-36.71465],[-71.00921,-36.69124],[-71.05718,-36.61866],[-71.03692,-36.47555],[-70.95812,-36.50365],[-70.89388,-36.47127],[-70.88378,-36.39624],[-70.71298,-36.42777],[-70.67928,-36.38997],[-70.71243,-36.34497],[-70.68485,-36.30475],[-70.7062,-36.27259],[-70.63211,-36.23901],[-70.57091,-36.17555],[-70.57643,-36.13805],[-70.44923,-36.17316],[-70.41507,-36.10991]]]]}},{"type":"Feature","properties":{"kind":"provincia","nam":"La Rioja","focus":false},"geometry":{"type":"MultiPolygon","coordinates":[[[[-68.52136,-27.81792],[-68.44028,-27.87366],[-68.44242,-28.02428],[-68.39662,-28.00417],[-68.33582,-28.0376],[-68.28619,-28.02649],[-68.27471,-28.09506],[-68.24615,-28.07115],[-68.14122,-28.10184],[-68.10731,-28.17346],[-68.02236,-28.12468],[-67.91437,-28.1137],[-67.93244,-28.17478],[-67.84157,-28.31653],[-67.84542,-28.3746],[-67.69146,-28.31183],[-67.37531,-28.38453],[-67.15544,-28.38441],[-67.07466,-28.27019],[-67.01624,-28.25425],[-66.57081,-28.28863],[-66.49622,-28.62229],[-66.35151,-28.72095],[-66.4113,-28.81477],[-66.40015,-28.86073],[-66.09972,-28.94442],[-65.81737,-29.17886],[-65.81619,-29.26985],[-65.74834,-29.26969],[-65.71925,-29.40994],[-65.42299,-30.1196],[-65.52524,-30.49082],[-65.77146,-31.04416],[-65.7704,-31.889],[-65.89028,-31.91063],[-65.97903,-31.88916],[-66.06924,-31.93647],[-66.07925,-31.97193],[-66.29903,-31.93131],[-66.33746,-31.94321],[-66.34944,-31.9984],[-66.72267,-31.88382],[-66.80432,-31.80878],[-66.86818,-31.6333],[-66.95197,-31.6333],[-67.10123,-31.38299],[-67.06677,-31.08317],[-67.11644,-31.016],[-67.08207,-30.9161],[-67.12884,-30.89563],[-67.28279,-30.69528],[-67.41009,-30.62747],[-67.4948,-30.53633],[-67.57801,-30.40418],[-67.59087,-30.29815],[-67.8983,-30.0743],[-68.05433,-29.9003],[-68.15879,-29.88543],[-68.199,-29.78109],[-68.25385,-29.78073],[-68.25848,-29.74689],[-68.44128,-29.65051],[-68.86311,-29.63505],[-68.88435,-29.59258],[-68.9383,-29.65159],[-69.01596,-29.65004],[-69.03372,-29.53297],[-68.97488,-29.45705],[-69.00219,-29.39972],[-68.95758,-29.31716],[-69.00124,-29.18664],[-68.91189,-29.12858],[-68.90851,-29.04492],[-68.95607,-28.94948],[-68.90871,-28.85932],[-69.16197,-28.76114],[-69.20958,-28.68241],[-69.20265,-28.59596],[-69.31617,-28.41161],[-69.42996,-28.45099],[-69.4696,-28.41503],[-69.60571,-28.41901],[-69.63497,-28.38408],[-69.59701,-28.39206],[-69.58276,-28.35244],[-69.52357,-28.32966],[-69.45627,-28.1836],[-69.39138,-28.22644],[-69.38178,-28.18179],[-69.30739,-28.12885],[-69.23706,-27.96653],[-69.1733,-27.97143],[-69.12302,-27.90146],[-69.09516,-27.79659],[-68.79901,-27.75568],[-68.71934,-27.81515],[-68.6258,-27.79192],[-68.5827,-27.81986],[-68.54533,-27.70712],[-68.52136,-27.81792]]]]}},{"type":"Feature","properties":{"kind":"provincia","nam":"Catamarca","focus":false},"geometry":{"type":"MultiPolygon","coordinates":[[[[-68.58767,-27.81786],[-68.6258,-27.79192],[-68.71934,-27.81515],[-68.79901,-27.75568],[-69.09526,-27.78937],[-69.08962,-27.72145],[-69.04437,-27.6974],[-69.05427,-27.61925],[-68.97524,-27.5597],[-68.98772,-27.52411],[-68.94153,-27.5189],[-68.98091,-27.43213],[-68.93535,-27.44484],[-68.93045,-27.40939],[-68.88752,-27.39831],[-68.87042,-27.31753],[-68.80877,-27.30134],[-68.86847,-27.26235],[-68.84391,-27.16069],[-68.7779,-27.09882],[-68.67042,-27.09855],[-68.63133,-27.16313],[-68.57501,-27.17688],[-68.55683,-27.11465],[-68.48149,-27.12841],[-68.48393,-27.05768],[-68.45064,-27.09502],[-68.34705,-27.03305],[-68.29413,-27.0381],[-68.31901,-26.98171],[-68.26288,-26.91914],[-68.58769,-26.49204],[-68.55728,-26.28668],[-68.38105,-26.178],[-68.47727,-25.70118],[-68.54498,-25.63296],[-68.51468,-25.57437],[-68.58909,-25.44831],[-68.59003,-25.41419],[-68.52378,-25.37883],[-68.54793,-25.26241],[-68.50911,-25.23227],[-68.50703,-25.16833],[-67.8646,-25.2384],[-66.87927,-25.24173],[-66.55819,-25.30065],[-66.5998,-25.36225],[-66.5371,-25.37248],[-66.51855,-25.44033],[-66.5639,-25.62176],[-66.60646,-25.62867],[-66.64858,-25.71203],[-66.84718,-25.71701],[-66.87357,-25.76619],[-66.84757,-25.79627],[-66.84663,-25.97007],[-66.77881,-26.04814],[-66.6622,-26.07573],[-66.58419,-26.15983],[-66.53988,-26.35316],[-66.38202,-26.4168],[-66.21618,-26.13947],[-66.17052,-26.13399],[-66.09922,-26.21657],[-66.11913,-26.37697],[-66.15577,-26.39731],[-66.17647,-26.46941],[-66.17124,-26.63121],[-66.04219,-26.60037],[-65.83016,-26.74422],[-65.90047,-26.86379],[-65.85779,-26.9292],[-66.13958,-27.26183],[-65.97197,-27.33293],[-65.97118,-27.52444],[-65.93003,-27.64651],[-65.86549,-27.68901],[-65.83226,-27.85092],[-65.79882,-27.78676],[-65.75324,-27.76997],[-65.70391,-27.80809],[-65.66627,-27.97324],[-65.61749,-27.97169],[-65.57633,-28.01412],[-65.49845,-27.92277],[-65.37088,-27.84614],[-65.1708,-27.94646],[-65.11239,-28.18665],[-65.09709,-28.47094],[-65.12589,-28.61147],[-65.18462,-28.60057],[-65.18749,-28.62358],[-65.13652,-28.64688],[-65.12684,-28.71622],[-65.01663,-28.73781],[-64.90113,-28.84131],[-64.85449,-29.1974],[-64.7812,-29.26545],[-64.82475,-29.27378],[-64.84274,-29.31587],[-64.78597,-29.4055],[-64.82594,-29.47365],[-64.82463,-29.5743],[-64.96405,-29.59609],[-64.93793,-29.84751],[-65.15827,-30.04727],[-65.42299,-30.1196],[-65.71925,-29.40994],[-65.74834,-29.26969],[-65.81619,-29.26985],[-65.81737,-29.17886],[-66.09972,-28.94442],[-66.40015,-28.86073],[-66.4113,-28.81477],[-66.35151,-28.72095],[-66.49622,-28.62229],[-66.57081,-28.28863],[-67.01624,-28.25425],[-67.07466,-28.27019],[-67.15544,-28.38441],[-67.37531,-28.38453],[-67.69146,-28.31183],[-67.84542,-28.3746],[-67.84157,-28.31653],[-67.93244,-28.17478],[-67.91437,-28.1137],[-68.02236,-28.12468],[-68.10731,-28.17346],[-68.14122,-28.10184],[-68.24615,-28.07115],[-68.27471,-28.09506],[-68.28619,-28.02649],[-68.4567,-28.01559],[-68.44028,-27.87366],[-68.51408,-27.84256],[-68.54533,-27.70712],[-68.58767,-27.81786]]]]}},{"type":"Feature","properties":{"kind":"provincia","nam":"Santa Cruz","focus":false},"geometry":{"type":"MultiPolygon","coordinates":[[[[-72.79459,-48.96808],[-72.68842,-48.86478],[-72.63957,-48.86616],[-72.53052,-48.79333],[-72.58575,-48.48732],[-72.44159,-48.51409],[-72.37351,-48.44982],[-72.40641,-48.41608],[-72.34776,-48.3902],[-72.38069,-48.35013],[-72.27798,-48.36261],[-72.22674,-48.32197],[-72.3167,-48.23401],[-72.29974,-48.15848],[-72.36102,-48.07332],[-72.44445,-48.06432],[-72.42499,-47.96884],[-72.52811,-47.93719],[-72.46813,-47.81274],[-72.52305,-47.74086],[-72.44207,-47.74538],[-72.42097,-47.66172],[-72.30934,-47.59067],[-72.32751,-47.57234],[-72.29143,-47.512],[-72.34135,-47.45542],[-72.24479,-47.40578],[-72.19756,-47.4168],[-72.12832,-47.32872],[-72.04736,-47.3403],[-71.99785,-47.29664],[-72.01889,-47.19826],[-71.86436,-47.2301],[-71.89482,-47.21092],[-71.85052,-47.16361],[-71.86021,-47.13086],[-71.95441,-47.07622],[-71.88083,-47.01092],[-71.9577,-46.97451],[-71.9707,-46.90536],[-71.93116,-46.86794],[-71.95538,-46.81518],[-71.83402,-46.79703],[-71.64355,-46.68127],[-71.66957,-46.52855],[-71.75697,-46.34554],[-71.72723,-46.27211],[-71.7801,-46.19723],[-71.8601,-46.19387],[-71.86492,-46.15672],[-71.9152,-46.13961],[-71.71531,-46.08929],[-71.64601,-45.99991],[-67.59571,-45.99987],[-67.62724,-46.08363],[-67.61367,-46.23144],[-67.44028,-46.54854],[-67.35532,-46.61884],[-67.12163,-46.70744],[-66.79193,-46.99914],[-66.63051,-47.04579],[-66.49778,-47.03828],[-66.1977,-47.0874],[-65.94069,-47.07218],[-65.86738,-47.0921],[-65.73551,-47.20216],[-65.75772,-47.22206],[-65.71785,-47.33216],[-65.7398,-47.51024],[-65.83864,-47.74682],[-66.00531,-47.73077],[-66.10529,-47.79901],[-66.12341,-47.80798],[-66.15039,-47.80701],[-66.19501,-47.82001],[-66.2818,-47.86877],[-66.28198,-47.8714],[-66.0882,-47.81299],[-65.97809,-47.7627],[-65.93829,-47.76691],[-65.9104,-47.7619],[-65.88086,-47.76269],[-65.85819,-47.87278],[-65.76823,-47.90735],[-65.7904,-47.93803],[-65.76509,-47.95014],[-65.92417,-47.93969],[-65.95146,-47.97641],[-65.93187,-48.01721],[-65.98037,-48.05074],[-65.90437,-48.08037],[-65.89643,-48.10303],[-65.94091,-48.12473],[-65.97553,-48.09999],[-66.12106,-48.12359],[-66.15993,-48.19046],[-66.22825,-48.2013],[-66.33756,-48.27716],[-66.36018,-48.31472],[-66.33388,-48.35468],[-66.343,-48.3688],[-66.44804,-48.35231],[-66.49435,-48.41747],[-66.75319,-48.47317],[-66.87526,-48.59338],[-66.99058,-48.61344],[-67.1297,-48.68514],[-67.21993,-48.838],[-67.41309,-48.91271],[-67.55362,-49.0166],[-67.63562,-49.13824],[-67.61389,-49.18518],[-67.74139,-49.27533],[-67.7157,-49.31781],[-67.79761,-49.328],[-67.77209,-49.38068],[-67.83752,-49.38678],[-67.71381,-49.38593],[-67.66809,-49.25519],[-67.61275,-49.25027],[-67.6036,-49.29567],[-67.68758,-49.48193],[-67.72967,-49.7759],[-67.85517,-49.96319],[-68.1415,-50.10375],[-68.33879,-50.12214],[-68.53192,-49.93359],[-68.63739,-49.77759],[-68.57141,-49.93683],[-68.87451,-49.96582],[-68.89612,-49.9715],[-68.9328,-50.0],[-68.85907,-49.96918],[-68.67291,-49.99329],[-68.58069,-49.96442],[-68.50928,-50.01978],[-68.4903,-50.08801],[-68.35491,-50.15131],[-68.88001,-50.33562],[-69.07931,-50.56533],[-69.14103,-50.72724],[-69.13202,-50.89959],[-69.22521,-50.97489],[-69.32123,-50.9884],[-69.39612,-51.07971],[-69.44128,-51.08978],[-69.4649,-51.11261],[-69.44031,-51.10901],[-69.4386,-51.11029],[-69.44281,-51.11139],[-69.44232,-51.1145],[-69.43433,-51.11371],[-69.20551,-50.97528],[-69.16613,-50.98089],[-68.95853,-51.57199],[-69.03729,-51.56073],[-69.1347,-51.60321],[-69.34412,-51.55157],[-69.49481,-51.58508],[-69.6178,-51.62689],[-69.33521,-51.58551],[-69.10339,-51.63428],[-69.12408,-51.64178],[-69.11731,-51.65509],[-69.0141,-51.60638],[-68.96133,-51.62389],[-68.70845,-51.98125],[-68.35253,-52.32255],[-68.35473,-52.33639],[-68.4326,-52.39769],[-68.41863,-52.33248],[-68.838,-52.27774],[-69.19001,-52.1501],[-69.48596,-52.15144],[-69.9955,-52.00072],[-71.9215,-51.99998],[-72.02907,-51.96768],[-71.93207,-51.91993],[-71.95101,-51.87162],[-72.12175,-51.74403],[-72.29711,-51.6994],[-72.2833,-51.63853],[-72.32702,-51.58734],[-72.44252,-51.58449],[-72.40518,-51.51339],[-72.34466,-51.52074],[-72.35091,-51.48454],[-72.32405,-51.47496],[-72.33826,-51.42483],[-72.30897,-51.36645],[-72.3717,-51.33626],[-72.25949,-51.25404],[-72.3036,-51.20174],[-72.34876,-51.20361],[-72.40906,-51.10749],[-72.37417,-51.02321],[-72.26567,-51.03523],[-72.24806,-50.87503],[-72.35033,-50.74022],[-72.28625,-50.65965],[-72.35919,-50.61612],[-72.40779,-50.63641],[-72.49038,-50.6003],[-72.59469,-50.68166],[-72.72974,-50.61495],[-72.89144,-50.67018],[-72.9547,-50.74096],[-73.0697,-50.78888],[-73.09692,-50.77338],[-73.26752,-50.82397],[-73.28491,-50.7879],[-73.25598,-50.75012],[-73.28601,-50.7395],[-73.17273,-50.6767],[-73.27081,-50.6488],[-73.2887,-50.586],[-73.38641,-50.51642],[-73.3645,-50.48792],[-73.43262,-50.48309],[-73.40369,-50.45081],[-73.48639,-50.38208],[-73.48071,-50.32568],[-73.56543,-50.27069],[-73.55518,-50.18439],[-73.52081,-50.15308],[-73.5415,-50.11902],[-73.48291,-50.05408],[-73.56659,-50.02039],[-73.50519,-49.96649],[-73.55261,-49.92389],[-73.43878,-49.75781],[-73.50909,-49.7052],[-73.46368,-49.6189],[-73.54968,-49.53809],[-73.53961,-49.49823],[-73.46381,-49.48248],[-73.49042,-49.42871],[-73.42621,-49.39191],[-73.41058,-49.3194],[-73.4967,-49.26831],[-73.47308,-49.20331],[-73.14368,-49.271],[-73.04559,-49.27368],[-73.13319,-49.26718],[-73.14543,-49.19015],[-73.00491,-49.06345],[-72.98963,-48.99022],[-72.92308,-48.93559],[-72.79459,-48.96808]]],[[[-66.03894,-47.76757],[-66.00306,-47.77211],[-66.05481,-47.78642],[-66.03894,-47.76757]]],[[[-69.41581,-51.08958],[-69.4352,-51.11322],[-69.43945,-51.10735],[-69.45421,-51.10757],[-69.41581,-51.08958]]],[[[-67.69249,-49.26551],[-67.70476,-49.28486],[-67.73364,-49.27687],[-67.69249,-49.26551]]],[[[-67.68598,-49.2826],[-67.70103,-49.2989],[-67.70638,-49.29493],[-67.68598,-49.2826]]],[[[-65.7168,-47.90525],[-65.71069,-47.91438],[-65.72606,-47.91148],[-65.7168,-47.90525]]],[[[-66.15117,-47.81456],[-66.1603,-47.81335],[-66.14425,-47.81046],[-66.15117,-47.81456]]],[[[-65.9409,-47.75812],[-65.93855,-47.76587],[-65.94772,-47.75996],[-65.9409,-47.75812]]],[[[-66.06587,-47.77625],[-66.07326,-47.78374],[-66.08006,-47.78288],[-66.06587,-47.77625]]],[[[-66.16324,-47.81754],[-66.17701,-47.8185],[-66.16208,-47.81664],[-66.16324,-47.81754]]],[[[-67.04303,-48.751],[-67.04799,-48.75249],[-67.04432,-48.7491],[-67.04303,-48.751]]],[[[-66.05293,-47.77036],[-66.06007,-47.77339],[-66.05246,-47.76846],[-66.05293,-47.77036]]],[[[-65.89801,-48.07368],[-65.89834,-48.07916],[-65.90244,-48.07733],[-65.89801,-48.07368]]],[[[-65.73614,-47.91613],[-65.74229,-47.92091],[-65.73673,-47.91486],[-65.73614,-47.91613]]],[[[-67.13456,-48.73649],[-67.14062,-48.7361],[-67.13567,-48.73454],[-67.13456,-48.73649]]],[[[-65.96995,-47.75506],[-65.96541,-47.75198],[-65.96371,-47.75301],[-65.96995,-47.75506]]],[[[-65.8907,-48.0824],[-65.88934,-48.08633],[-65.89655,-48.08337],[-65.8907,-48.0824]]],[[[-65.86323,-47.95946],[-65.86629,-47.95895],[-65.86221,-47.9566],[-65.86323,-47.95946]]],[[[-65.9011,-48.00571],[-65.90354,-48.00422],[-65.89841,-48.00339],[-65.9011,-48.00571]]],[[[-65.98472,-48.1076],[-65.98714,-48.1107],[-65.98797,-48.10942],[-65.98472,-48.1076]]],[[[-65.89384,-48.11284],[-65.89672,-48.11502],[-65.89721,-48.11194],[-65.89384,-48.11284]]],[[[-67.05621,-48.74945],[-67.05953,-48.74798],[-67.05592,-48.74797],[-67.05621,-48.74945]]],[[[-65.99102,-48.11242],[-65.995,-48.11346],[-65.99461,-48.11157],[-65.99102,-48.11242]]],[[[-65.75947,-47.9127],[-65.75558,-47.91423],[-65.76085,-47.91339],[-65.75947,-47.9127]]],[[[-66.22004,-48.24643],[-66.22255,-48.24585],[-66.21935,-48.24466],[-66.22004,-48.24643]]],[[[-65.76256,-47.9511],[-65.76245,-47.95367],[-65.76411,-47.95226],[-65.76256,-47.9511]]],[[[-66.10792,-48.12552],[-66.10451,-48.12544],[-66.10329,-48.12577],[-66.10792,-48.12552]]],[[[-66.32396,-48.35979],[-66.32603,-48.35917],[-66.3242,-48.35807],[-66.32396,-48.35979]]],[[[-65.88979,-48.08689],[-65.89217,-48.08719],[-65.89199,-48.08613],[-65.88979,-48.08689]]],[[[-67.14325,-48.74331],[-67.14455,-48.74524],[-67.14524,-48.7438],[-67.14325,-48.74331]]],[[[-65.8704,-47.94869],[-65.87227,-47.95005],[-65.87251,-47.94886],[-65.8704,-47.94869]]],[[[-65.88905,-48.00011],[-65.88784,-48.00182],[-65.89017,-48.00145],[-65.88905,-48.00011]]],[[[-65.87012,-47.95607],[-65.87097,-47.95471],[-65.86816,-47.95477],[-65.87012,-47.95607]]],[[[-66.08429,-48.12969],[-66.08714,-48.12927],[-66.08739,-48.12857],[-66.08429,-48.12969]]],[[[-65.87003,-47.95817],[-65.87148,-47.95967],[-65.87196,-47.95943],[-65.87003,-47.95817]]],[[[-66.10891,-48.14107],[-66.10918,-48.14203],[-66.11021,-48.14148],[-66.10891,-48.14107]]],[[[-65.92471,-48.00636],[-65.92584,-48.00721],[-65.92603,-48.00663],[-65.92471,-48.00636]]]]}},{"type":"Feature","properties":{"kind":"pais","nam":"Chile","focus":false},"geometry":{"type":"MultiPolygon","coordinates":[[[[-68.63401,-52.63637],[-68.63335,-54.8695],[-66.95992,-54.89681],[-67.29103,-55.30124],[-68.14863,-55.61183],[-69.2321,-55.49906],[-69.95809,-55.19843],[-71.00568,-55.05383],[-73.2852,-53.95752],[-74.66253,-52.83749],[-73.8381,-53.04743],[-72.43418,-53.7154],[-71.10773,-54.07433],[-70.59178,-53.61583],[-70.26748,-52.93123],[-69.34565,-52.5183],[-68.63401,-52.63637]]],[[[-69.59042,-17.58001],[-69.10025,-18.26012],[-68.96682,-18.98168],[-68.44222,-19.40507],[-68.75717,-20.37266],[-68.21991,-21.49435],[-67.82818,-22.87292],[-67.10667,-22.73593],[-66.98523,-22.98635],[-67.32844,-24.0253],[-68.41765,-24.51855],[-68.386,-26.18502],[-68.5948,-26.50691],[-68.29554,-26.89934],[-69.00123,-27.52121],[-69.65613,-28.45914],[-70.01355,-29.36792],[-69.91901,-30.33634],[-70.53507,-31.36501],[-70.0744,-33.09121],[-69.81478,-33.27389],[-69.81731,-34.19357],[-70.38805,-35.16969],[-70.36477,-36.00509],[-71.12188,-36.65812],[-71.11862,-37.57683],[-70.81466,-38.553],[-71.41352,-38.91602],[-71.91573,-40.83234],[-71.7468,-42.05139],[-72.1489,-42.25489],[-71.91542,-43.40857],[-71.46406,-43.78761],[-71.79362,-44.20717],[-71.3298,-44.40752],[-71.22278,-44.78424],[-71.65932,-44.97369],[-71.55201,-45.56073],[-71.91726,-46.88484],[-72.44736,-47.73853],[-72.33116,-48.24424],[-72.64825,-48.87862],[-73.41544,-49.31844],[-73.32805,-50.37879],[-72.97575,-50.74145],[-72.30997,-50.67701],[-72.3294,-51.42596],[-71.9148,-52.00902],[-69.49836,-52.14276],[-68.57155,-52.29944],[-69.46128,-52.29195],[-70.8451,-52.8992],[-71.00633,-53.83325],[-71.42979,-53.85645],[-72.55794,-53.53141],[-73.70276,-52.83507],[-74.94676,-52.26275],[-75.26003,-51.62935],[-74.97663,-51.0434],[-75.47975,-50.37837],[-75.60801,-48.67377],[-75.18277,-47.71192],[-74.12658,-46.93925],[-75.6444,-46.64764],[-74.69215,-45.76398],[-74.35171,-44.10304],[-73.24036,-44.45496],[-72.7178,-42.38336],[-73.3889,-42.11753],[-73.70134,-43.36578],[-74.33194,-43.22496],[-73.6771,-39.94221],[-73.21759,-39.25869],[-73.50556,-38.28288],[-73.58806,-37.15628],[-73.16672,-37.12378],[-71.86173,-33.90909],[-71.43845,-32.4189],[-71.66872,-30.92065],[-71.37008,-30.09568],[-71.48989,-28.86144],[-70.90512,-27.64038],[-70.72495,-25.70592],[-70.09125,-21.39332],[-70.16442,-19.75647],[-70.37257,-18.34798],[-69.85844,-18.09269],[-69.59042,-17.58001]]]]}},{"type":"Feature","properties":{"kind":"pais","nam":"Uruguay","focus":false},"geometry":{"type":"MultiPolygon","coordinates":[[[[-57.62513,-30.21629],[-56.97603,-30.10969],[-55.97324,-30.88308],[-55.60151,-30.85388],[-53.78795,-32.04724],[-53.20959,-32.72767],[-53.65054,-33.202],[-53.37366,-33.76838],[-53.80643,-34.39681],[-54.93587,-34.95265],[-55.67409,-34.75266],[-56.2153,-34.85984],[-57.13969,-34.43046],[-57.81786,-34.46255],[-58.42707,-33.90945],[-58.34961,-33.26319],[-58.13265,-33.04057],[-58.14244,-32.0445],[-57.62513,-30.21629]]]]}},{"type":"Feature","properties":{"kind":"pais","nam":"Brazil","focus":false},"geometry":{"type":"MultiPolygon","coordinates":[[[[-53.37366,-33.76838],[-53.65054,-33.202],[-53.20959,-32.72767],[-53.78795,-32.04724],[-55.60151,-30.85388],[-55.97324,-30.88308],[-56.97603,-30.10969],[-57.62513,-30.21629],[-56.2909,-28.85276],[-55.16229,-27.88191],[-53.64874,-26.92347],[-53.62835,-26.12486],[-54.13005,-25.54764],[-54.62529,-25.73925],[-54.29348,-24.5708],[-54.29296,-24.02101],[-54.65283,-23.83958],[-55.0279,-24.00127],[-55.40075,-23.95694],[-55.51764,-23.572],[-55.61068,-22.65562],[-55.79796,-22.35693],[-56.47332,-22.0863],[-56.88151,-22.28215],[-57.93716,-22.09018],[-57.87067,-20.73269],[-58.16639,-20.1767],[-57.8538,-19.97],[-57.95,-19.4],[-57.67601,-18.96184],[-57.49837,-18.17419],[-57.73456,-17.55247],[-58.2808,-17.27171],[-58.38806,-16.87711],[-58.24122,-16.29957],[-60.15839,-16.25828],[-60.54297,-15.09391],[-60.25115,-15.07722],[-60.26433,-14.64598],[-60.4592,-14.35401],[-60.5033,-13.77595],[-61.08412,-13.47938],[-61.7132,-13.4892],[-62.12708,-13.19878],[-62.80306,-13.00065],[-63.1965,-12.62703],[-64.31635,-12.46198],[-65.40228,-11.56627],[-65.3219,-10.89587],[-65.44484,-10.51145],[-65.33844,-9.76199],[-66.64691,-9.93133],[-67.1738,-10.30681],[-68.04819,-10.71206],[-68.27125,-11.01452],[-69.52968,-10.95173],[-70.09375,-11.12397],[-70.54869,-11.00915],[-70.48189,-9.49012],[-71.30241,-10.07944],[-72.18489,-10.0536],[-72.56303,-9.52019],[-73.22671,-9.46221],[-73.01538,-9.03283],[-73.57106,-8.42445],[-73.98723,-7.52383],[-73.7234,-7.341],[-73.72449,-6.91859],[-73.12003,-6.62993],[-73.21971,-6.08919],[-72.96451,-5.74125],[-72.89193,-5.27456],[-71.74841,-4.59398],[-70.92884,-4.40159],[-70.79477,-4.25127],[-69.89364,-4.29819],[-69.42049,-1.12262],[-69.57707,-0.54999],[-70.02066,-0.18516],[-70.01557,0.54141],[-69.4524,0.70616],[-69.25243,0.60265],[-69.21864,0.98568],[-69.8046,1.08908],[-69.81697,1.7148],[-67.86857,1.69246],[-67.53781,2.03716],[-67.26,1.72],[-67.06505,1.13011],[-66.87633,1.25336],[-66.32577,0.72445],[-65.54827,0.78925],[-65.35471,1.09528],[-64.19931,1.49286],[-64.08308,1.91637],[-63.36879,2.2009],[-63.42287,2.41107],[-64.27,2.49701],[-64.40883,3.12679],[-64.36849,3.79721],[-64.81606,4.05645],[-64.62866,4.14848],[-63.88834,4.02053],[-63.0932,3.77057],[-62.80453,4.00697],[-62.08543,4.16212],[-60.96689,4.53647],[-60.60118,4.9181],[-60.73357,5.20028],[-60.21368,5.24449],[-59.98096,5.01406],[-60.111,4.57497],[-59.76741,4.4235],[-59.53804,3.9588],[-59.81541,3.6065],[-59.97452,2.75523],[-59.71855,2.24963],[-59.64604,1.78689],[-59.03086,1.3177],[-58.54001,1.26809],[-58.42948,1.46394],[-57.66097,1.68258],[-57.33582,1.94854],[-55.9957,1.81767],[-55.9056,2.022],[-56.07334,2.22079],[-55.97332,2.51036],[-55.56976,2.42151],[-55.09759,2.52375],[-54.08806,2.10556],[-53.77852,2.3767],[-53.55484,2.3349],[-53.41846,2.05339],[-52.93966,2.12486],[-52.55642,2.5047],[-52.24934,3.24109],[-51.6578,4.15623],[-51.31715,4.20349],[-51.06977,3.6504],[-50.50888,1.90156],[-49.97408,1.73648],[-49.9471,1.04619],[-50.69925,0.22298],[-50.38821,-0.07845],[-48.62057,-0.23549],[-48.5845,-1.23781],[-47.82496,-0.58162],[-46.56658,-0.94103],[-44.9057,-1.55174],[-44.41762,-2.13775],[-44.58159,-2.69131],[-43.41879,-2.38311],[-41.47266,-2.91202],[-39.97866,-2.87305],[-38.50038,-3.70065],[-37.22325,-4.82095],[-36.45294,-5.1094],[-35.5978,-5.1495],[-35.23539,-5.46494],[-34.72999,-7.34322],[-35.12821,-8.9964],[-35.63697,-9.64928],[-37.04652,-11.04072],[-37.68361,-12.1712],[-38.42388,-13.03812],[-38.67389,-13.05765],[-38.95328,-13.79337],[-38.8823,-15.66705],[-39.26734,-17.86775],[-39.58352,-18.2623],[-39.76082,-19.59911],[-40.77474,-20.90451],[-40.94476,-21.93732],[-41.75416,-22.37068],[-41.98828,-22.97007],[-43.0747,-22.96769],[-44.64781,-23.35196],[-45.35214,-23.79684],[-46.47209,-24.08897],[-47.64897,-24.8852],[-48.49546,-25.87702],[-48.641,-26.6237],[-48.47474,-27.17591],[-48.66152,-28.18614],[-48.88846,-28.67412],[-49.58733,-29.22447],[-50.69687,-30.98447],[-51.57623,-31.7777],[-52.25608,-32.24537],[-52.7121,-33.19658],[-53.37366,-33.76838]]]]}},{"type":"Feature","properties":{"kind":"pais","nam":"Bolivia","focus":false},"geometry":{"type":"MultiPolygon","coordinates":[[[[-69.52968,-10.95173],[-68.27125,-11.01452],[-68.04819,-10.71206],[-67.1738,-10.30681],[-66.64691,-9.93133],[-65.33844,-9.76199],[-65.44484,-10.51145],[-65.3219,-10.89587],[-65.40228,-11.56627],[-64.31635,-12.46198],[-63.1965,-12.62703],[-62.80306,-13.00065],[-62.12708,-13.19878],[-61.7132,-13.4892],[-61.08412,-13.47938],[-60.5033,-13.77595],[-60.4592,-14.35401],[-60.26433,-14.64598],[-60.25115,-15.07722],[-60.54297,-15.09391],[-60.15839,-16.25828],[-58.24122,-16.29957],[-58.38806,-16.87711],[-58.2808,-17.27171],[-57.73456,-17.55247],[-57.49837,-18.17419],[-57.67601,-18.96184],[-57.95,-19.4],[-57.8538,-19.97],[-58.16639,-20.1767],[-58.18347,-19.8684],[-59.11504,-19.35691],[-60.04357,-19.34275],[-61.78633,-19.63374],[-62.26596,-20.51374],[-62.29118,-21.05164],[-62.68506,-22.24903],[-62.84647,-22.03498],[-63.98684,-21.99364],[-64.37702,-22.79809],[-64.96489,-22.07586],[-66.27334,-21.83231],[-67.10667,-22.73593],[-67.82818,-22.87292],[-68.21991,-21.49435],[-68.75717,-20.37266],[-68.44222,-19.40507],[-68.96682,-18.98168],[-69.10025,-18.26012],[-69.59042,-17.58001],[-68.95964,-16.5007],[-69.38976,-15.66013],[-69.16035,-15.32397],[-69.33953,-14.95319],[-68.94889,-14.45364],[-68.88008,-12.89973],[-68.66508,-12.5613],[-69.52968,-10.95173]]]]}},{"type":"Feature","properties":{"kind":"pais","nam":"Paraguay","focus":false},"geometry":{"type":"MultiPolygon","coordinates":[[[[-58.16639,-20.1767],[-57.87067,-20.73269],[-57.93716,-22.09018],[-56.88151,-22.28215],[-56.47332,-22.0863],[-55.79796,-22.35693],[-55.61068,-22.65562],[-55.51764,-23.572],[-55.40075,-23.95694],[-55.0279,-24.00127],[-54.65283,-23.83958],[-54.29296,-24.02101],[-54.29348,-24.5708],[-54.7888,-26.62179],[-55.69585,-27.38784],[-56.4867,-27.5485],[-57.60976,-27.3959],[-58.61817,-27.12372],[-57.63366,-25.60366],[-57.77722,-25.16234],[-58.80713,-24.77146],[-60.02897,-24.0328],[-60.84656,-23.88071],[-62.68506,-22.24903],[-62.29118,-21.05164],[-62.26596,-20.51374],[-61.78633,-19.63374],[-60.04357,-19.34275],[-59.11504,-19.35691],[-58.18347,-19.8684],[-58.16639,-20.1767]]]]}}]}