{"type":"FeatureCollection","features":[{"type":"Feature","id":"estructuras_operativas_y_defensivas_090102.6176","geometry":{"type":"Point","coordinates":[-67.6166791,-27.6891483]},"geometry_name":"geom","properties":{"gid":6176,"entidad":0,"objeto":"Cuartel de bomberos","fna":"Bomberos Voluntarios de Fiambalá","gna":"Bomberos Voluntarios","nam":"de Fiambalá","fdc":"IDE Catamarca","sag":"IGN"},"bbox":[-67.6166791,-27.6891483,-67.6166791,-27.6891483]},{"type":"Feature","id":"estructuras_operativas_y_defensivas_090102.6177","geometry":{"type":"Point","coordinates":[-67.03165557,-27.64615944]},"geometry_name":"geom","properties":{"gid":6177,"entidad":0,"objeto":"Cuartel de bomberos","fna":"Bomberos Voluntarios de Belén","gna":"Bomberos Voluntarios","nam":"de Belén","fdc":"IDE Catamarca","sag":"IGN"},"bbox":[-67.03165557,-27.64615944,-67.03165557,-27.64615944]},{"type":"Feature","id":"estructuras_operativas_y_defensivas_090102.6178","geometry":{"type":"Point","coordinates":[-65.70359359,-28.39196898]},"geometry_name":"geom","properties":{"gid":6178,"entidad":0,"objeto":"Cuartel de bomberos","fna":"Bomberos Voluntarios de Fray Mamerto Esquiú","gna":"Bomberos Voluntarios","nam":"de Fray Mamerto Esquiú","fdc":"IDE Catamarca","sag":"IGN"},"bbox":[-65.70359359,-28.39196898,-65.70359359,-28.39196898]},{"type":"Feature","id":"estructuras_operativas_y_defensivas_090102.6179","geometry":{"type":"Point","coordinates":[-65.06141752,-29.277758]},"geometry_name":"geom","properties":{"gid":6179,"entidad":0,"objeto":"Cuartel de bomberos","fna":"Bomberos Voluntarios de Recreo","gna":"Bomberos Voluntarios","nam":"de Recreo","fdc":"IDE Catamarca","sag":"IGN"},"bbox":[-65.06141752,-29.277758,-65.06141752,-29.277758]},{"type":"Feature","id":"estructuras_operativas_y_defensivas_090102.6224","geometry":{"type":"Point","coordinates":[-64.58329747,-34.84474052]},"geometry_name":"geom","properties":{"gid":6224,"entidad":0,"objeto":"Cuartel de bomberos","fna":"Bomberos Voluntarios de Villa Huidobro","gna":"Bomberos Voluntarios","nam":"de Villa Huidobro","fdc":"IDECOR/Bomberos Voluntarios de la República Argentins","sag":"IGN"},"bbox":[-64.58329747,-34.84474052,-64.58329747,-34.84474052]},{"type":"Feature","id":"estructuras_operativas_y_defensivas_090102.6225","geometry":{"type":"Point","coordinates":[-65.03237536,-32.0293623]},"geometry_name":"geom","properties":{"gid":6225,"entidad":0,"objeto":"Cuartel de bomberos","fna":"Bomberos Voluntarios de San Javier y Yacanto","gna":"Bomberos Voluntarios","nam":"de San Javier y Yacanto","fdc":"IDECOR","sag":"IGN"},"bbox":[-65.03237536,-32.0293623,-65.03237536,-32.0293623]},{"type":"Feature","id":"estructuras_operativas_y_defensivas_090102.6226","geometry":{"type":"Point","coordinates":[-65.04727828,-32.21492891]},"geometry_name":"geom","properties":{"gid":6226,"entidad":0,"objeto":"Cuartel de bomberos","fna":"Bomberos Voluntarios de La Paz","gna":"Bomberos Voluntarios","nam":"de La Paz","fdc":"IDECOR","sag":"IGN"},"bbox":[-65.04727828,-32.21492891,-65.04727828,-32.21492891]},{"type":"Feature","id":"estructuras_operativas_y_defensivas_090102.6227","geometry":{"type":"Point","coordinates":[-64.75116882,-32.10149314]},"geometry_name":"geom","properties":{"gid":6227,"entidad":0,"objeto":"Cuartel de bomberos","fna":"Bomberos Voluntarios de Villa Yacanto","gna":"Bomberos Voluntarios","nam":"de Villa Yacanto","fdc":"IDECOR","sag":"IGN"},"bbox":[-64.75116882,-32.10149314,-64.75116882,-32.10149314]},{"type":"Feature","id":"estructuras_operativas_y_defensivas_090102.6228","geometry":{"type":"Point","coordinates":[-64.72431835,-33.38418726]},"geometry_name":"geom","properties":{"gid":6228,"entidad":0,"objeto":"Cuartel de bomberos","fna":"Bomberos Voluntarios de Sampacho","gna":"Bomberos Voluntarios","nam":"de Sampacho","fdc":"IDECOR/Consejo Nacional de Bomberos","sag":"IGN"},"bbox":[-64.72431835,-33.38418726,-64.72431835,-33.38418726]},{"type":"Feature","id":"estructuras_operativas_y_defensivas_090102.6229","geometry":{"type":"Point","coordinates":[-64.59651855,-33.61973131]},"geometry_name":"geom","properties":{"gid":6229,"entidad":0,"objeto":"Cuartel de bomberos","fna":"Bomberos Voluntarios de Coronel Moldes","gna":"Bomberos Voluntarios","nam":"de Coronel Moldes","fdc":"IDECOR/Consejo Nacional de Bomberos","sag":"IGN"},"bbox":[-64.59651855,-33.61973131,-64.59651855,-33.61973131]},{"type":"Feature","id":"estructuras_operativas_y_defensivas_090102.6230","geometry":{"type":"Point","coordinates":[-62.86277098,-33.1528557]},"geometry_name":"geom","properties":{"gid":6230,"entidad":0,"objeto":"Cuartel de bomberos","fna":"Bomberos Voluntarios de Laborde","gna":"Bomberos Voluntarios","nam":"de Laborde","fdc":"IDECOR/Consejo Nacional de Bomberos","sag":"IGN"},"bbox":[-62.86277098,-33.1528557,-62.86277098,-33.1528557]},{"type":"Feature","id":"estructuras_operativas_y_defensivas_090102.6231","geometry":{"type":"Point","coordinates":[-62.59712103,-33.20309729]},"geometry_name":"geom","properties":{"gid":6231,"entidad":0,"objeto":"Cuartel de bomberos","fna":"Bomberos Voluntarios de Monte Maíz","gna":"Bomberos Voluntarios","nam":"de Monte Maíz","fdc":"IDECOR/Consejo Nacional de Bomberos","sag":"IGN"},"bbox":[-62.59712103,-33.20309729,-62.59712103,-33.20309729]},{"type":"Feature","id":"estructuras_operativas_y_defensivas_090102.6232","geometry":{"type":"Point","coordinates":[-62.40362082,-33.64046738]},"geometry_name":"geom","properties":{"gid":6232,"entidad":0,"objeto":"Cuartel de bomberos","fna":"Bomberos Voluntarios de Arias","gna":"Bomberos Voluntarios","nam":"de Arias","fdc":"IDECOR/Consejo Nacional de Bomberos","sag":"IGN"},"bbox":[-62.40362082,-33.64046738,-62.40362082,-33.64046738]},{"type":"Feature","id":"estructuras_operativas_y_defensivas_090102.6233","geometry":{"type":"Point","coordinates":[-63.71944919,-33.34743992]},"geometry_name":"geom","properties":{"gid":6233,"entidad":0,"objeto":"Cuartel de bomberos","fna":"Bomberos Voluntarios de Alejandro Roca","gna":"Bomberos Voluntarios","nam":"de Alejandro Roca","fdc":"IDECOR/Consejo Nacional de Bomberos","sag":"IGN"},"bbox":[-63.71944919,-33.34743992,-63.71944919,-33.34743992]},{"type":"Feature","id":"estructuras_operativas_y_defensivas_090102.6234","geometry":{"type":"Point","coordinates":[-64.39596324,-33.92795804]},"geometry_name":"geom","properties":{"gid":6234,"entidad":0,"objeto":"Cuartel de bomberos","fna":"Bomberos Voluntarios de Vicuña Mackenna","gna":"Bomberos Voluntarios","nam":"de Vicuña Mackenna","fdc":"IDECOR","sag":"IGN"},"bbox":[-64.39596324,-33.92795804,-64.39596324,-33.92795804]},{"type":"Feature","id":"estructuras_operativas_y_defensivas_090102.6235","geometry":{"type":"Point","coordinates":[-63.63660444,-33.6677871]},"geometry_name":"geom","properties":{"gid":6235,"entidad":0,"objeto":"Cuartel de bomberos","fna":"Bomberos Voluntarios de Huanchillas","gna":"Bomberos Voluntarios","nam":"de Huanchillas","fdc":"IDECOR/Consejo Nacional de Bomberos","sag":"IGN"},"bbox":[-63.63660444,-33.6677871,-63.63660444,-33.6677871]},{"type":"Feature","id":"estructuras_operativas_y_defensivas_090102.6236","geometry":{"type":"Point","coordinates":[-63.30264617,-33.41779887]},"geometry_name":"geom","properties":{"gid":6236,"entidad":0,"objeto":"Cuartel de bomberos","fna":"Bomberos Voluntarios La Carlota","gna":"Bomberos Voluntarios","nam":"La Carlota","fdc":"IDECOR/Consejo Nacional de Bomberos","sag":"IGN"},"bbox":[-63.30264617,-33.41779887,-63.30264617,-33.41779887]},{"type":"Feature","id":"estructuras_operativas_y_defensivas_090102.6237","geometry":{"type":"Point","coordinates":[-62.31331559,-32.36712897]},"geometry_name":"geom","properties":{"gid":6237,"entidad":0,"objeto":"Cuartel de bomberos","fna":"Bomberos Voluntarios de Noetinger","gna":"Bomberos Voluntarios","nam":"de Noetinger","fdc":"IDECOR/Consejo Nacional de Bomberos","sag":"IGN"},"bbox":[-62.31331559,-32.36712897,-62.31331559,-32.36712897]},{"type":"Feature","id":"estructuras_operativas_y_defensivas_090102.6238","geometry":{"type":"Point","coordinates":[-62.48140826,-32.62585712]},"geometry_name":"geom","properties":{"gid":6238,"entidad":0,"objeto":"Cuartel de bomberos","fna":"Bomberos Voluntarios de San Marcos","gna":"Bomberos Voluntarios","nam":"de San Marcos","fdc":"IDECOR/Consejo Nacional de Bomberos","sag":"IGN"},"bbox":[-62.48140826,-32.62585712,-62.48140826,-32.62585712]},{"type":"Feature","id":"estructuras_operativas_y_defensivas_090102.6239","geometry":{"type":"Point","coordinates":[-62.65220925,-32.30733872]},"geometry_name":"geom","properties":{"gid":6239,"entidad":0,"objeto":"Cuartel de bomberos","fna":"Bomberos Voluntarios de Cintra","gna":"Bomberos Voluntarios","nam":"de Cintra","fdc":"IDECOR/Consejo Nacional de Bomberos","sag":"IGN"},"bbox":[-62.65220925,-32.30733872,-62.65220925,-32.30733872]},{"type":"Feature","id":"estructuras_operativas_y_defensivas_090102.6240","geometry":{"type":"Point","coordinates":[-62.63335675,-32.21398307]},"geometry_name":"geom","properties":{"gid":6240,"entidad":0,"objeto":"Cuartel de bomberos","fna":"Bomberos Voluntarios de San Antonio de Litín","gna":"Bomberos Voluntarios","nam":"de San Antonio de Litín","fdc":"IDECOR/Consejo Nacional de Bomberos","sag":"IGN"},"bbox":[-62.63335675,-32.21398307,-62.63335675,-32.21398307]},{"type":"Feature","id":"estructuras_operativas_y_defensivas_090102.6241","geometry":{"type":"Point","coordinates":[-64.38319261,-32.44563484]},"geometry_name":"geom","properties":{"gid":6241,"entidad":0,"objeto":"Cuartel de bomberos","fna":"Bomberos Voluntarios de Berrotarán","gna":"Bomberos Voluntarios","nam":"de Berrotarán","fdc":"IDECOR/Consejo Nacional de Bomberos","sag":"IGN"},"bbox":[-64.38319261,-32.44563484,-64.38319261,-32.44563484]},{"type":"Feature","id":"estructuras_operativas_y_defensivas_090102.6242","geometry":{"type":"Point","coordinates":[-63.71006972,-32.70164989]},"geometry_name":"geom","properties":{"gid":6242,"entidad":0,"objeto":"Cuartel de bomberos","fna":"Bomberos Voluntarios de Las Perdices","gna":"Bomberos Voluntarios","nam":"de Las Perdices","fdc":"IDECOR/Consejo Nacional de Bomberos","sag":"IGN"},"bbox":[-63.71006972,-32.70164989,-63.71006972,-32.70164989]},{"type":"Feature","id":"estructuras_operativas_y_defensivas_090102.6243","geometry":{"type":"Point","coordinates":[-63.87379011,-32.81326641]},"geometry_name":"geom","properties":{"gid":6243,"entidad":0,"objeto":"Cuartel de bomberos","fna":"Bomberos Voluntarios de General Cabrera","gna":"Bomberos Voluntarios","nam":"de General Cabrera","fdc":"IDECOR/Consejo Nacional de Bomberos","sag":"IGN"},"bbox":[-63.87379011,-32.81326641,-63.87379011,-32.81326641]},{"type":"Feature","id":"estructuras_operativas_y_defensivas_090102.6244","geometry":{"type":"Point","coordinates":[-63.16243624,-32.2020551]},"geometry_name":"geom","properties":{"gid":6244,"entidad":0,"objeto":"Cuartel de bomberos","fna":"Bomberos Voluntarios de Arroyo Algodón","gna":"Bomberos Voluntarios","nam":"de Arroyo Algodón","fdc":"IDECOR/Consejo Nacional de Bomberos","sag":"IGN"},"bbox":[-63.16243624,-32.2020551,-63.16243624,-32.2020551]},{"type":"Feature","id":"estructuras_operativas_y_defensivas_090102.6245","geometry":{"type":"Point","coordinates":[-63.40264612,-32.49270695]},"geometry_name":"geom","properties":{"gid":6245,"entidad":0,"objeto":"Cuartel de bomberos","fna":"Bomberos Voluntarios de Arroyo Cabral","gna":"Bomberos Voluntarios","nam":"de Arroyo Cabral","fdc":"IDECOR/Consejo Nacional de Bomberos","sag":"IGN"},"bbox":[-63.40264612,-32.49270695,-63.40264612,-32.49270695]},{"type":"Feature","id":"estructuras_operativas_y_defensivas_090102.6246","geometry":{"type":"Point","coordinates":[-63.24543063,-32.66061099]},"geometry_name":"geom","properties":{"gid":6246,"entidad":0,"objeto":"Cuartel de bomberos","fna":"Bomberos Voluntarios de Ausonia","gna":"Bomberos Voluntarios","nam":"de Ausonia","fdc":"IDECOR/Consejo Nacional de Bomberos","sag":"IGN"},"bbox":[-63.24543063,-32.66061099,-63.24543063,-32.66061099]},{"type":"Feature","id":"estructuras_operativas_y_defensivas_090102.6247","geometry":{"type":"Point","coordinates":[-63.34290048,-32.7491735]},"geometry_name":"geom","properties":{"gid":6247,"entidad":0,"objeto":"Cuartel de bomberos","fna":"Bomberos Voluntarios de Pasco","gna":"Bomberos Voluntarios","nam":"de Pasco","fdc":"IDECOR/Consejo Nacional de Bomberos","sag":"IGN"},"bbox":[-63.34290048,-32.7491735,-63.34290048,-32.7491735]},{"type":"Feature","id":"estructuras_operativas_y_defensivas_090102.6248","geometry":{"type":"Point","coordinates":[-63.98325165,-32.23882015]},"geometry_name":"geom","properties":{"gid":6248,"entidad":0,"objeto":"Cuartel de bomberos","fna":"Bomberos Voluntarios de Tancacha","gna":"Bomberos Voluntarios","nam":"de Tancacha","fdc":"IDECOR/Consejo Nacional de Bomberos","sag":"IGN"},"bbox":[-63.98325165,-32.23882015,-63.98325165,-32.23882015]},{"type":"Feature","id":"estructuras_operativas_y_defensivas_090102.6249","geometry":{"type":"Point","coordinates":[-64.46480576,-31.27341088]},"geometry_name":"geom","properties":{"gid":6249,"entidad":0,"objeto":"Cuartel de bomberos","fna":"Bomberos Voluntarios de Santa María de Punilla","gna":"Bomberos Voluntarios","nam":"de Santa María de Punilla","fdc":"IDECOR/Consejo Nacional de Bomberos","sag":"IGN"},"bbox":[-64.46480576,-31.27341088,-64.46480576,-31.27341088]},{"type":"Feature","id":"estructuras_operativas_y_defensivas_090102.6250","geometry":{"type":"Point","coordinates":[-64.32029714,-31.2362814]},"geometry_name":"geom","properties":{"gid":6250,"entidad":0,"objeto":"Cuartel de bomberos","fna":"Bomberos Voluntarios de Unquillo","gna":"Bomberos Voluntarios","nam":"de Unquillo","fdc":"IDECOR/Consejo Nacional de Bomberos","sag":"IGN"},"bbox":[-64.32029714,-31.2362814,-64.32029714,-31.2362814]},{"type":"Feature","id":"estructuras_operativas_y_defensivas_090102.6251","geometry":{"type":"Point","coordinates":[-63.93846455,-31.34295532]},"geometry_name":"geom","properties":{"gid":6251,"entidad":0,"objeto":"Cuartel de bomberos","fna":"Bomberos Voluntarios de Montecristo","gna":"Bomberos Voluntarios","nam":"de Montecristo","fdc":"IDECOR/Consejo Nacional de Bomberos","sag":"IGN"},"bbox":[-63.93846455,-31.34295532,-63.93846455,-31.34295532]},{"type":"Feature","id":"estructuras_operativas_y_defensivas_090102.6252","geometry":{"type":"Point","coordinates":[-63.87468437,-31.68109285]},"geometry_name":"geom","properties":{"gid":6252,"entidad":0,"objeto":"Cuartel de bomberos","fna":"Bomberos Voluntarios de Pilar","gna":"Bomberos Voluntarios","nam":"de Pilar","fdc":"IDECOR/Consejo Nacional de Bomberos","sag":"IGN"},"bbox":[-63.87468437,-31.68109285,-63.87468437,-31.68109285]},{"type":"Feature","id":"estructuras_operativas_y_defensivas_090102.6253","geometry":{"type":"Point","coordinates":[-63.35173598,-31.64582848]},"geometry_name":"geom","properties":{"gid":6253,"entidad":0,"objeto":"Cuartel de bomberos","fna":"Bomberos Voluntarios de Luque","gna":"Bomberos Voluntarios","nam":"de Luque","fdc":"IDECOR/Consejo Nacional de Bomberos","sag":"IGN"},"bbox":[-63.35173598,-31.64582848,-63.35173598,-31.64582848]},{"type":"Feature","id":"estructuras_operativas_y_defensivas_090102.6254","geometry":{"type":"Point","coordinates":[-64.98732862,-31.90031614]},"geometry_name":"geom","properties":{"gid":6254,"entidad":0,"objeto":"Cuartel de bomberos","fna":"Bomberos Voluntarios de Los Hornillos","gna":"Bomberos Voluntarios","nam":"de Los Hornillos","fdc":"IDECOR/Consejo Nacional de Bomberos","sag":"IGN"},"bbox":[-64.98732862,-31.90031614,-64.98732862,-31.90031614]},{"type":"Feature","id":"estructuras_operativas_y_defensivas_090102.6255","geometry":{"type":"Point","coordinates":[-64.76936918,-31.90138501]},"geometry_name":"geom","properties":{"gid":6255,"entidad":0,"objeto":"Cuartel de bomberos","fna":"Bomberos Voluntarios de La Cumbrecita","gna":"Bomberos Voluntarios","nam":"de La Cumbrecita","fdc":"IDECOR/Consejo Nacional de Bomberos","sag":"IGN"},"bbox":[-64.76936918,-31.90138501,-64.76936918,-31.90138501]},{"type":"Feature","id":"estructuras_operativas_y_defensivas_090102.6256","geometry":{"type":"Point","coordinates":[-65.1033945,-31.17371978]},"geometry_name":"geom","properties":{"gid":6256,"entidad":0,"objeto":"Cuartel de bomberos","fna":"Bomberos Voluntarios de San Carlos Minas","gna":"Bomberos Voluntarios","nam":"de San Carlos Minas","fdc":"IDECOR/Consejo Nacional de Bomberos","sag":"IGN"},"bbox":[-65.1033945,-31.17371978,-65.1033945,-31.17371978]},{"type":"Feature","id":"estructuras_operativas_y_defensivas_090102.6257","geometry":{"type":"Point","coordinates":[-64.80875871,-30.71822503]},"geometry_name":"geom","properties":{"gid":6257,"entidad":0,"objeto":"Cuartel de bomberos","fna":"Bomberos Voluntarios de Cruz del Eje","gna":"Bomberos Voluntarios","nam":"de Cruz del Eje","fdc":"IDECOR/Consejo Nacional de Bomberos","sag":"IGN"},"bbox":[-64.80875871,-30.71822503,-64.80875871,-30.71822503]},{"type":"Feature","id":"estructuras_operativas_y_defensivas_090102.6258","geometry":{"type":"Point","coordinates":[-64.64041728,-30.78398671]},"geometry_name":"geom","properties":{"gid":6258,"entidad":0,"objeto":"Cuartel de bomberos","fna":"Bomberos Voluntarios de San Marcos Sierras","gna":"Bomberos Voluntarios","nam":"de San Marcos Sierras","fdc":"IDECOR/Consejo Nacional de Bomberos","sag":"IGN"},"bbox":[-64.64041728,-30.78398671,-64.64041728,-30.78398671]},{"type":"Feature","id":"estructuras_operativas_y_defensivas_090102.6259","geometry":{"type":"Point","coordinates":[-64.12199622,-30.40070018]},"geometry_name":"geom","properties":{"gid":6259,"entidad":0,"objeto":"Cuartel de bomberos","fna":"Bomberos Voluntarios de Villa Tulumba","gna":"Bomberos Voluntarios","nam":"de Villa Tulumba","fdc":"IDECOR/Consejo Nacional de Bomberos","sag":"IGN"},"bbox":[-64.12199622,-30.40070018,-64.12199622,-30.40070018]},{"type":"Feature","id":"estructuras_operativas_y_defensivas_090102.6260","geometry":{"type":"Point","coordinates":[-64.57063092,-31.48354097]},"geometry_name":"geom","properties":{"gid":6260,"entidad":0,"objeto":"Cuartel de bomberos","fna":"Bomberos Voluntarios de Villa Río Icho Cruz","gna":"Bomberos Voluntarios","nam":"de Villa Río Icho Cruz","fdc":"IDECOR/Consejo Nacional de Bomberos","sag":"IGN"},"bbox":[-64.57063092,-31.48354097,-64.57063092,-31.48354097]},{"type":"Feature","id":"estructuras_operativas_y_defensivas_090102.6261","geometry":{"type":"Point","coordinates":[-63.19892602,-31.42010987]},"geometry_name":"geom","properties":{"gid":6261,"entidad":0,"objeto":"Cuartel de bomberos","fna":"Bomberos Voluntarios de Tránsito","gna":"Bomberos Voluntarios","nam":"de Tránsito","fdc":"IDECOR/Consejo Nacional de Bomberos","sag":"IGN"},"bbox":[-63.19892602,-31.42010987,-63.19892602,-31.42010987]},{"type":"Feature","id":"estructuras_operativas_y_defensivas_090102.6262","geometry":{"type":"Point","coordinates":[-64.49939616,-34.3796515]},"geometry_name":"geom","properties":{"gid":6262,"entidad":0,"objeto":"Cuartel de bomberos","fna":"Bomberos Voluntarios de Del Campillo","gna":"Bomberos Voluntarios","nam":"de Del Campillo","fdc":"IDECOR/Consejo Nacional de Bomberos","sag":"IGN"},"bbox":[-64.49939616,-34.3796515,-64.49939616,-34.3796515]},{"type":"Feature","id":"estructuras_operativas_y_defensivas_090102.6263","geometry":{"type":"Point","coordinates":[-63.44903066,-34.34929863]},"geometry_name":"geom","properties":{"gid":6263,"entidad":0,"objeto":"Cuartel de bomberos","fna":"Bomberos Voluntarios de Melo","gna":"Bomberos Voluntarios","nam":"de Melo","fdc":"IDECOR/Consejo Nacional de Bomberos","sag":"IGN"},"bbox":[-63.44903066,-34.34929863,-63.44903066,-34.34929863]},{"type":"Feature","id":"estructuras_operativas_y_defensivas_090102.6264","geometry":{"type":"Point","coordinates":[-63.3814372,-31.967898]},"geometry_name":"geom","properties":{"gid":6264,"entidad":0,"objeto":"Cuartel de bomberos","fna":"Bomberos Voluntarios de Colazo","gna":"Bomberos Voluntarios","nam":"de Colazo","fdc":"IDECOR/Consejo Nacional de Bomberos","sag":"IGN"},"bbox":[-63.3814372,-31.967898,-63.3814372,-31.967898]},{"type":"Feature","id":"estructuras_operativas_y_defensivas_090102.6265","geometry":{"type":"Point","coordinates":[-62.34136816,-30.95345972]},"geometry_name":"geom","properties":{"gid":6265,"entidad":0,"objeto":"Cuartel de bomberos","fna":"Bomberos Voluntarios de Altos del Chipión","gna":"Bomberos Voluntarios","nam":"de Altos del Chipión","fdc":"IDECOR/Consejo Nacional de Bomberos","sag":"IGN"},"bbox":[-62.34136816,-30.95345972,-62.34136816,-30.95345972]},{"type":"Feature","id":"estructuras_operativas_y_defensivas_090102.6266","geometry":{"type":"Point","coordinates":[-63.1164089,-31.86825296]},"geometry_name":"geom","properties":{"gid":6266,"entidad":0,"objeto":"Cuartel de bomberos","fna":"Bomberos Voluntarios de Carrilobo","gna":"Bomberos Voluntarios","nam":"de Carrilobo","fdc":"IDECOR/Consejo Nacional de Bomberos","sag":"IGN"},"bbox":[-63.1164089,-31.86825296,-63.1164089,-31.86825296]},{"type":"Feature","id":"estructuras_operativas_y_defensivas_090102.6267","geometry":{"type":"Point","coordinates":[-62.30140393,-31.40616702]},"geometry_name":"geom","properties":{"gid":6267,"entidad":0,"objeto":"Cuartel de bomberos","fna":"Asociación Civil de Bomberos Voluntarios de Devoto","gna":"Asociación Civil de Bomberos Voluntarios","nam":"de Devoto","fdc":"IDECOR/Consejo Nacional de Bomberos/Street View","sag":"IGN"},"bbox":[-62.30140393,-31.40616702,-62.30140393,-31.40616702]},{"type":"Feature","id":"estructuras_operativas_y_defensivas_090102.6268","geometry":{"type":"Point","coordinates":[-63.74623702,-31.84928665]},"geometry_name":"geom","properties":{"gid":6268,"entidad":0,"objeto":"Cuartel de bomberos","fna":"Bomberos Voluntarios de Manfredi","gna":"Bomberos Voluntarios","nam":"de Manfredi","fdc":"IDECOR/Consejo Nacional de Bomberos","sag":"IGN"},"bbox":[-63.74623702,-31.84928665,-63.74623702,-31.84928665]},{"type":"Feature","id":"estructuras_operativas_y_defensivas_090102.6269","geometry":{"type":"Point","coordinates":[-62.48683965,-31.70478673]},"geometry_name":"geom","properties":{"gid":6269,"entidad":0,"objeto":"Cuartel de bomberos","fna":"Bomberos Voluntarios de Saturnino María Laspiur","gna":"Bomberos Voluntarios","nam":"de Saturnino María Laspiur","fdc":"IDECOR/Consejo Nacional de Bomberos","sag":"IGN"},"bbox":[-62.48683965,-31.70478673,-62.48683965,-31.70478673]},{"type":"Feature","id":"estructuras_operativas_y_defensivas_090102.6270","geometry":{"type":"Point","coordinates":[-64.72490541,-31.91139045]},"geometry_name":"geom","properties":{"gid":6270,"entidad":0,"objeto":"Cuartel de bomberos","fna":"Bomberos Voluntarios de Villa Berna","gna":"Bomberos Voluntarios","nam":"de Villa Berna","fdc":"IDECOR/Consejo Nacional de Bomberos","sag":"IGN"},"bbox":[-64.72490541,-31.91139045,-64.72490541,-31.91139045]},{"type":"Feature","id":"estructuras_operativas_y_defensivas_090102.6271","geometry":{"type":"Point","coordinates":[-63.59494568,-30.16032289]},"geometry_name":"geom","properties":{"gid":6271,"entidad":0,"objeto":"Cuartel de bomberos","fna":"Bomberos Voluntarios de Sebastián Elcano","gna":"Bomberos Voluntarios","nam":"de Sebastián Elcano","fdc":"IDECOR/Consejo Nacional de Bomberos","sag":"IGN"},"bbox":[-63.59494568,-30.16032289,-63.59494568,-30.16032289]},{"type":"Feature","id":"estructuras_operativas_y_defensivas_090102.6272","geometry":{"type":"Point","coordinates":[-64.36992875,-31.97622844]},"geometry_name":"geom","properties":{"gid":6272,"entidad":0,"objeto":"Cuartel de bomberos","fna":"Bomberos Voluntarios de San Agustín","gna":"Bomberos Voluntarios","nam":"de San Agustín","fdc":"IDECOR/Consejo Nacional de Bomberos","sag":"IGN"},"bbox":[-64.36992875,-31.97622844,-64.36992875,-31.97622844]},{"type":"Feature","id":"estructuras_operativas_y_defensivas_090102.6273","geometry":{"type":"Point","coordinates":[-62.72315316,-31.52411527]},"geometry_name":"geom","properties":{"gid":6273,"entidad":0,"objeto":"Cuartel de bomberos","fna":"Bomberos Voluntarios de Colonia San Bartolomé","gna":"Bomberos Voluntarios","nam":"de Colonia San Bartolomé","fdc":"IDECOR/Consejo Nacional de Bomberos","sag":"IGN"},"bbox":[-62.72315316,-31.52411527,-62.72315316,-31.52411527]},{"type":"Feature","id":"estructuras_operativas_y_defensivas_090102.6274","geometry":{"type":"Point","coordinates":[-64.53988244,-31.77185007]},"geometry_name":"geom","properties":{"gid":6274,"entidad":0,"objeto":"Cuartel de bomberos","fna":"Bomberos Voluntarios de Potrero de Garay","gna":"Bomberos Voluntarios","nam":"de Potrero de Garay","fdc":"IDECOR/Consejo Nacional de Bomberos","sag":"IGN"},"bbox":[-64.53988244,-31.77185007,-64.53988244,-31.77185007]},{"type":"Feature","id":"estructuras_operativas_y_defensivas_090102.6275","geometry":{"type":"Point","coordinates":[-64.29230114,-33.0912507]},"geometry_name":"geom","properties":{"gid":6275,"entidad":0,"objeto":"Cuartel de bomberos","fna":"Bomberos Voluntarios de Las Higueras","gna":"Bomberos Voluntarios","nam":"de Las Higueras","fdc":"IDECOR/Consejo Nacional de Bomberos","sag":"IGN"},"bbox":[-64.29230114,-33.0912507,-64.29230114,-33.0912507]},{"type":"Feature","id":"estructuras_operativas_y_defensivas_090102.6276","geometry":{"type":"Point","coordinates":[-63.24456794,-32.79805083]},"geometry_name":"geom","properties":{"gid":6276,"entidad":0,"objeto":"Cuartel de bomberos","fna":"Bomberos Voluntarios de La Laguna","gna":"Bomberos Voluntarios","nam":"de La Laguna","fdc":"IDECOR/Consejo Nacional de Bomberos","sag":"IGN"},"bbox":[-63.24456794,-32.79805083,-63.24456794,-32.79805083]},{"type":"Feature","id":"estructuras_operativas_y_defensivas_090102.6277","geometry":{"type":"Point","coordinates":[-62.09990324,-32.40730385]},"geometry_name":"geom","properties":{"gid":6277,"entidad":0,"objeto":"Cuartel de bomberos","fna":"Bomberos Voluntarios de Saira","gna":"Bomberos Voluntarios","nam":"de Saira","fdc":"IDECOR/Consejo Nacional de Bomberos","sag":"IGN"},"bbox":[-62.09990324,-32.40730385,-62.09990324,-32.40730385]},{"type":"Feature","id":"estructuras_operativas_y_defensivas_090102.6278","geometry":{"type":"Point","coordinates":[-63.0618734,-31.24811378]},"geometry_name":"geom","properties":{"gid":6278,"entidad":0,"objeto":"Cuartel de bomberos","fna":"Bomberos Voluntarios de La Tordilla","gna":"Bomberos Voluntarios","nam":"de La Tordilla","fdc":"IDECOR/Consejo Nacional de Bomberos","sag":"IGN"},"bbox":[-63.0618734,-31.24811378,-63.0618734,-31.24811378]},{"type":"Feature","id":"estructuras_operativas_y_defensivas_090102.6279","geometry":{"type":"Point","coordinates":[-62.36332081,-31.25005001]},"geometry_name":"geom","properties":{"gid":6279,"entidad":0,"objeto":"Cuartel de bomberos","fna":"Bomberos Voluntarios de Colonia Marina","gna":"Bomberos Voluntarios","nam":"de Colonia Marina","fdc":"IDECOR/Consejo Nacional de Bomberos","sag":"IGN"},"bbox":[-62.36332081,-31.25005001,-62.36332081,-31.25005001]},{"type":"Feature","id":"estructuras_operativas_y_defensivas_090102.6280","geometry":{"type":"Point","coordinates":[-64.72096628,-32.6957275]},"geometry_name":"geom","properties":{"gid":6280,"entidad":0,"objeto":"Cuartel de bomberos","fna":"Bomberos Voluntarios de Alpa Corral","gna":"Bomberos Voluntarios","nam":"de Alpa Corral","fdc":"IDECOR/Consejo Nacional de Bomberos","sag":"IGN"},"bbox":[-64.72096628,-32.6957275,-64.72096628,-32.6957275]},{"type":"Feature","id":"estructuras_operativas_y_defensivas_090102.6281","geometry":{"type":"Point","coordinates":[-63.25398822,-30.89403856]},"geometry_name":"geom","properties":{"gid":6281,"entidad":0,"objeto":"Cuartel de bomberos","fna":"Bomberos Voluntarios de La Puerta","gna":"Bomberos Voluntarios","nam":"de La Puerta","fdc":"IDECOR/Consejo Nacional de Bomberos","sag":"IGN"},"bbox":[-63.25398822,-30.89403856,-63.25398822,-30.89403856]},{"type":"Feature","id":"estructuras_operativas_y_defensivas_090102.6282","geometry":{"type":"Point","coordinates":[-63.91325507,-33.04556688]},"geometry_name":"geom","properties":{"gid":6282,"entidad":0,"objeto":"Cuartel de bomberos","fna":"Bomberos Voluntarios de Olaeta","gna":"Bomberos Voluntarios","nam":"de Olaeta","fdc":"IDECOR/Consejo Nacional de Bomberos","sag":"IGN"},"bbox":[-63.91325507,-33.04556688,-63.91325507,-33.04556688]},{"type":"Feature","id":"estructuras_operativas_y_defensivas_090102.6283","geometry":{"type":"Point","coordinates":[-62.88527729,-32.34657173]},"geometry_name":"geom","properties":{"gid":6283,"entidad":0,"objeto":"Cuartel de bomberos","fna":"Bomberos Voluntarios de Alto Alegre","gna":"Bomberos Voluntarios","nam":"de Alto Alegre","fdc":"IDECOR/Consejo Nacional de Bomberos","sag":"IGN"},"bbox":[-62.88527729,-32.34657173,-62.88527729,-32.34657173]},{"type":"Feature","id":"estructuras_operativas_y_defensivas_090102.6284","geometry":{"type":"Point","coordinates":[-62.82254194,-30.99297008]},"geometry_name":"geom","properties":{"gid":6284,"entidad":0,"objeto":"Cuartel de bomberos","fna":"Bomberos Voluntarios de Marull","gna":"Bomberos Voluntarios","nam":"de Marull","fdc":"IDECOR/Consejo Nacional de Bomberos","sag":"IGN"},"bbox":[-62.82254194,-30.99297008,-62.82254194,-30.99297008]},{"type":"Feature","id":"estructuras_operativas_y_defensivas_090102.6285","geometry":{"type":"Point","coordinates":[-64.04540827,-33.0227827]},"geometry_name":"geom","properties":{"gid":6285,"entidad":0,"objeto":"Cuartel de bomberos","fna":"Bomberos Voluntarios de Charras","gna":"Bomberos Voluntarios","nam":"de Charras","fdc":"IDECOR/Consejo Nacional de Bomberos","sag":"IGN"},"bbox":[-64.04540827,-33.0227827,-64.04540827,-33.0227827]},{"type":"Feature","id":"estructuras_operativas_y_defensivas_090102.6462","geometry":{"type":"Point","coordinates":[-60.44723316,-31.78354232]},"geometry_name":"geom","properties":{"gid":6462,"entidad":0,"objeto":"Cuartel de bomberos","fna":"División Bomberos Zapadores de la Policía de Entre Ríos - Cuartel San Benito","gna":"División Bomberos Zapadores de la Policía de Entre Ríos","nam":"Cuartel San Benito","fdc":"Street View","sag":"IGN"},"bbox":[-60.44723316,-31.78354232,-60.44723316,-31.78354232]},{"type":"Feature","id":"estructuras_operativas_y_defensivas_090102.6492","geometry":{"type":"Point","coordinates":[-58.01602778,-31.38086111]},"geometry_name":"geom","properties":{"gid":6492,"entidad":0,"objeto":"Cuartel de bomberos","fna":"Cuerpo de Bomberos Zapadores","gna":"Cuerpo de Bomberos Zapadores","nam":null,"fdc":"Street View/Policía Provincial","sag":"IGN"},"bbox":[-58.01602778,-31.38086111,-58.01602778,-31.38086111]},{"type":"Feature","id":"estructuras_operativas_y_defensivas_090102.6987","geometry":{"type":"Point","coordinates":[-65.26675473,-24.2194554]},"geometry_name":"geom","properties":{"gid":6987,"entidad":0,"objeto":"Cuartel de bomberos","fna":"Brigada Provincial de Incendios Forestales","gna":"Brigada Provincial de Incendios Forestales","nam":null,"fdc":"IGN01/IGN04/Street View","sag":"IGN"},"bbox":[-65.26675473,-24.2194554,-65.26675473,-24.2194554]},{"type":"Feature","id":"estructuras_operativas_y_defensivas_090102.6988","geometry":{"type":"Point","coordinates":[-65.29990515,-24.18419765]},"geometry_name":"geom","properties":{"gid":6988,"entidad":0,"objeto":"Cuartel de bomberos","fna":"Dirección de Bomberos","gna":"Dirección de Bomberos","nam":null,"fdc":"IGN01/IGN04/Policía de Jujuy","sag":"IGN"},"bbox":[-65.29990515,-24.18419765,-65.29990515,-24.18419765]},{"type":"Feature","id":"estructuras_operativas_y_defensivas_090102.6989","geometry":{"type":"Point","coordinates":[-65.21471479,-24.25852036]},"geometry_name":"geom","properties":{"gid":6989,"entidad":0,"objeto":"Cuartel de bomberos","fna":"Bomberos Voluntarios de Palpalá","gna":"Bomberos Voluntarios","nam":"de Palpalá","fdc":"IGN01/IGN04/CNF de Bomberos Voluntarios","sag":"IGN"},"bbox":[-65.21471479,-24.25852036,-65.21471479,-24.25852036]},{"type":"Feature","id":"estructuras_operativas_y_defensivas_090102.6991","geometry":{"type":"Point","coordinates":[-64.78963906,-23.83124479]},"geometry_name":"geom","properties":{"gid":6991,"entidad":0,"objeto":"Cuartel de bomberos","fna":null,"gna":null,"nam":null,"fdc":"IGN01","sag":"IGN"},"bbox":[-64.78963906,-23.83124479,-64.78963906,-23.83124479]},{"type":"Feature","id":"estructuras_operativas_y_defensivas_090102.6993","geometry":{"type":"Point","coordinates":[-65.16778721,-24.4421749]},"geometry_name":"geom","properties":{"gid":6993,"entidad":0,"objeto":"Cuartel de bomberos","fna":"Bomberos Voluntarios de Monterrico","gna":"Bomberos Voluntarios","nam":"de Monterrico","fdc":"IGN01/IGN04/Consejo Nacional de Bomberos","sag":"IGN"},"bbox":[-65.16778721,-24.4421749,-65.16778721,-24.4421749]},{"type":"Feature","id":"estructuras_operativas_y_defensivas_090102.7004","geometry":{"type":"Point","coordinates":[-60.6617952,-32.94239432]},"geometry_name":"geom","properties":{"gid":7004,"entidad":0,"objeto":"Cuartel de bomberos","fna":"Cuerpo de Bomberos Zapadores de Rosario Unidad Regional II","gna":"Cuerpo de Bomberos Zapadores","nam":"de Rosario Unidad Regional II","fdc":"IGN/IDE Santa Fe","sag":"IGN"},"bbox":[-60.6617952,-32.94239432,-60.6617952,-32.94239432]},{"type":"Feature","id":"estructuras_operativas_y_defensivas_090102.7005","geometry":{"type":"Point","coordinates":[-60.7092188,-31.64692298]},"geometry_name":"geom","properties":{"gid":7005,"entidad":0,"objeto":"Cuartel de bomberos","fna":"Agrupación Bomberos Zapadores de Santa Fe","gna":"Agrupación Bomberos","nam":"Zapadores de Santa Fe","fdc":"IGN/IDE Santa Fe","sag":"IGN"},"bbox":[-60.7092188,-31.64692298,-60.7092188,-31.64692298]},{"type":"Feature","id":"estructuras_operativas_y_defensivas_090102.7006","geometry":{"type":"Point","coordinates":[-60.73584693,-32.74819787]},"geometry_name":"geom","properties":{"gid":7006,"entidad":0,"objeto":"Cuartel de bomberos","fna":"Bomberos Zapadores de San Lorenzo","gna":"Bomberos Zapadores","nam":"de San Lorenzo","fdc":"IGN/IDE Santa Fe","sag":"IGN"},"bbox":[-60.73584693,-32.74819787,-60.73584693,-32.74819787]},{"type":"Feature","id":"estructuras_operativas_y_defensivas_090102.7007","geometry":{"type":"Point","coordinates":[-60.20832963,-29.46985917]},"geometry_name":"geom","properties":{"gid":7007,"entidad":0,"objeto":"Cuartel de bomberos","fna":"Bomberos Zapadores de Vera","gna":"Bomberos Zapadores","nam":"de Vera","fdc":"IGN/IDE Santa Fe","sag":"IGN"},"bbox":[-60.20832963,-29.46985917,-60.20832963,-29.46985917]},{"type":"Feature","id":"estructuras_operativas_y_defensivas_090102.7008","geometry":{"type":"Point","coordinates":[-61.47893313,-31.26070767]},"geometry_name":"geom","properties":{"gid":7008,"entidad":0,"objeto":"Cuartel de bomberos","fna":"Agrupación Bomberos Zapadores Unidad Regional V","gna":"Agrupación Bomberos","nam":"Zapadores Unidad Regional V","fdc":"IGN/IDE Santa Fe","sag":"IGN"},"bbox":[-61.47893313,-31.26070767,-61.47893313,-31.26070767]},{"type":"Feature","id":"estructuras_operativas_y_defensivas_090102.7009","geometry":{"type":"Point","coordinates":[-60.28314334,-29.88716374]},"geometry_name":"geom","properties":{"gid":7009,"entidad":0,"objeto":"Cuartel de bomberos","fna":"Bomberos Voluntarios de Calchaquí","gna":"Bomberos Voluntarios","nam":"de Calchaquí","fdc":"IGN/IDE Santa Fe","sag":"IGN"},"bbox":[-60.28314334,-29.88716374,-60.28314334,-29.88716374]},{"type":"Feature","id":"estructuras_operativas_y_defensivas_090102.7010","geometry":{"type":"Point","coordinates":[-61.8255426,-31.76838702]},"geometry_name":"geom","properties":{"gid":7010,"entidad":0,"objeto":"Cuartel de bomberos","fna":"Bomberos Voluntarios de Sastre","gna":"Bomberos Voluntarios","nam":"de Sastre","fdc":"IGN/IDE Santa Fe","sag":"IGN"},"bbox":[-61.8255426,-31.76838702,-61.8255426,-31.76838702]},{"type":"Feature","id":"estructuras_operativas_y_defensivas_090102.7011","geometry":{"type":"Point","coordinates":[-61.8587561,-31.8936394]},"geometry_name":"geom","properties":{"gid":7011,"entidad":0,"objeto":"Cuartel de bomberos","fna":"Bomberos Voluntarios de San Jorge","gna":"Bomberos Voluntarios","nam":"de San Jorge","fdc":"IGN/IDE Santa Fe","sag":"IGN"},"bbox":[-61.8587561,-31.8936394,-61.8587561,-31.8936394]},{"type":"Feature","id":"estructuras_operativas_y_defensivas_090102.7012","geometry":{"type":"Point","coordinates":[-61.78927557,-32.04884845]},"geometry_name":"geom","properties":{"gid":7012,"entidad":0,"objeto":"Cuartel de bomberos","fna":"Bomberos Voluntarios de Carlos Pellegrini\r\n","gna":"Bomberos Voluntarios","nam":"de Carlos Pellegrini\r\n","fdc":"IGN/IDE Santa Fe","sag":"IGN"},"bbox":[-61.78927557,-32.04884845,-61.78927557,-32.04884845]},{"type":"Feature","id":"estructuras_operativas_y_defensivas_090102.7013","geometry":{"type":"Point","coordinates":[-62.05865908,-32.01401073]},"geometry_name":"geom","properties":{"gid":7013,"entidad":0,"objeto":"Cuartel de bomberos","fna":"Bomberos Voluntarios de Landeta","gna":"Bomberos Voluntarios","nam":"de Landeta","fdc":"IGN/IDE Santa Fe","sag":"IGN"},"bbox":[-62.05865908,-32.01401073,-62.05865908,-32.01401073]},{"type":"Feature","id":"estructuras_operativas_y_defensivas_090102.7014","geometry":{"type":"Point","coordinates":[-61.9754941,-32.14354228]},"geometry_name":"geom","properties":{"gid":7014,"entidad":0,"objeto":"Cuartel de bomberos","fna":"Bomberos Voluntarios de Piamonte","gna":"Bomberos Voluntarios","nam":"de Piamonte","fdc":"IGN/IDE Santa Fe","sag":"IGN"},"bbox":[-61.9754941,-32.14354228,-61.9754941,-32.14354228]},{"type":"Feature","id":"estructuras_operativas_y_defensivas_090102.7015","geometry":{"type":"Point","coordinates":[-61.69781547,-32.20241457]},"geometry_name":"geom","properties":{"gid":7015,"entidad":0,"objeto":"Cuartel de bomberos","fna":"Bomberos Voluntarios de El Trébol","gna":"Bomberos Voluntarios","nam":"de El Trébol","fdc":"IGN/IDE Santa Fe","sag":"IGN"},"bbox":[-61.69781547,-32.20241457,-61.69781547,-32.20241457]},{"type":"Feature","id":"estructuras_operativas_y_defensivas_090102.7016","geometry":{"type":"Point","coordinates":[-61.63219771,-32.32345396]},"geometry_name":"geom","properties":{"gid":7016,"entidad":0,"objeto":"Cuartel de bomberos","fna":"Bomberos Voluntarios de Los Cardos","gna":"Bomberos Voluntarios","nam":"de Los Cardos","fdc":"IGN/IDE Santa Fe","sag":"IGN"},"bbox":[-61.63219771,-32.32345396,-61.63219771,-32.32345396]},{"type":"Feature","id":"estructuras_operativas_y_defensivas_090102.7017","geometry":{"type":"Point","coordinates":[-61.5985165,-32.0499593]},"geometry_name":"geom","properties":{"gid":7017,"entidad":0,"objeto":"Cuartel de bomberos","fna":"Bomberos Voluntarios de Cañada Rosquín","gna":"Bomberos Voluntarios","nam":"de Cañada Rosquín","fdc":"IGN/IDE Santa Fe","sag":"IGN"},"bbox":[-61.5985165,-32.0499593,-61.5985165,-32.0499593]},{"type":"Feature","id":"estructuras_operativas_y_defensivas_090102.7018","geometry":{"type":"Point","coordinates":[-61.90052961,-32.26889844]},"geometry_name":"geom","properties":{"gid":7018,"entidad":0,"objeto":"Cuartel de bomberos","fna":"Bomberos Voluntarios de María Susana","gna":"Bomberos Voluntarios","nam":"de María Susana","fdc":"IGN/IDE Santa Fe","sag":"IGN"},"bbox":[-61.90052961,-32.26889844,-61.90052961,-32.26889844]},{"type":"Feature","id":"estructuras_operativas_y_defensivas_090102.7019","geometry":{"type":"Point","coordinates":[-61.15808418,-32.85315533]},"geometry_name":"geom","properties":{"gid":7019,"entidad":0,"objeto":"Cuartel de bomberos","fna":"Bomberos Voluntarios de Carcarañá","gna":"Bomberos Voluntarios","nam":"de Carcarañá","fdc":"IGN/IDE Santa Fe","sag":"IGN"},"bbox":[-61.15808418,-32.85315533,-61.15808418,-32.85315533]},{"type":"Feature","id":"estructuras_operativas_y_defensivas_090102.7020","geometry":{"type":"Point","coordinates":[-60.70942188,-32.82118382]},"geometry_name":"geom","properties":{"gid":7020,"entidad":0,"objeto":"Cuartel de bomberos","fna":"Bomberos Voluntarios de Capitán Bermúdez","gna":"Bomberos Voluntarios","nam":"de Capitán Bermúdez","fdc":"IGN/IDE Santa Fe","sag":"IGN"},"bbox":[-60.70942188,-32.82118382,-60.70942188,-32.82118382]},{"type":"Feature","id":"estructuras_operativas_y_defensivas_090102.7021","geometry":{"type":"Point","coordinates":[-60.90685821,-32.89355497]},"geometry_name":"geom","properties":{"gid":7021,"entidad":0,"objeto":"Cuartel de bomberos","fna":"Bomberos Voluntarios de Roldán\r\n","gna":"Bomberos Voluntarios","nam":"de Roldán\r\n","fdc":"IGN/IDE Santa Fe","sag":"IGN"},"bbox":[-60.90685821,-32.89355497,-60.90685821,-32.89355497]},{"type":"Feature","id":"estructuras_operativas_y_defensivas_090102.7022","geometry":{"type":"Point","coordinates":[-61.0787522,-33.17246924]},"geometry_name":"geom","properties":{"gid":7022,"entidad":0,"objeto":"Cuartel de bomberos","fna":"Bomberos Voluntarios de Fuentes","gna":"Bomberos Voluntarios","nam":"de Fuentes","fdc":"IGN/IDE Santa Fe","sag":"IGN"},"bbox":[-61.0787522,-33.17246924,-61.0787522,-33.17246924]},{"type":"Feature","id":"estructuras_operativas_y_defensivas_090102.7023","geometry":{"type":"Point","coordinates":[-61.05215261,-33.30983971]},"geometry_name":"geom","properties":{"gid":7023,"entidad":0,"objeto":"Cuartel de bomberos","fna":"Bomberos Voluntarios de Villa Mugueta","gna":"Bomberos Voluntarios","nam":"de Villa Mugueta","fdc":"IGN/IDE Santa Fe","sag":"IGN"},"bbox":[-61.05215261,-33.30983971,-61.05215261,-33.30983971]},{"type":"Feature","id":"estructuras_operativas_y_defensivas_090102.7024","geometry":{"type":"Point","coordinates":[-60.58316583,-30.79044409]},"geometry_name":"geom","properties":{"gid":7024,"entidad":0,"objeto":"Cuartel de bomberos","fna":"Bomberos Voluntarios de San Justo","gna":"Bomberos Voluntarios","nam":"de San Justo","fdc":"IGN/IDE Santa Fe","sag":"IGN"},"bbox":[-60.58316583,-30.79044409,-60.58316583,-30.79044409]},{"type":"Feature","id":"estructuras_operativas_y_defensivas_090102.7025","geometry":{"type":"Point","coordinates":[-60.91916342,-31.97331374]},"geometry_name":"geom","properties":{"gid":7025,"entidad":0,"objeto":"Cuartel de bomberos","fna":"Bomberos Voluntarios de Coronda","gna":"Bomberos Voluntarios","nam":"de Coronda","fdc":"IGN/IDE Santa Fe","sag":"IGN"},"bbox":[-60.91916342,-31.97331374,-60.91916342,-31.97331374]},{"type":"Feature","id":"estructuras_operativas_y_defensivas_090102.7026","geometry":{"type":"Point","coordinates":[-61.22018507,-32.02500735]},"geometry_name":"geom","properties":{"gid":7026,"entidad":0,"objeto":"Cuartel de bomberos","fna":"Bomberos Voluntarios de Gálvez","gna":"Bomberos Voluntarios","nam":"de Gálvez","fdc":"IGN/IDE Santa Fe","sag":"IGN"},"bbox":[-61.22018507,-32.02500735,-61.22018507,-32.02500735]},{"type":"Feature","id":"estructuras_operativas_y_defensivas_090102.7027","geometry":{"type":"Point","coordinates":[-60.98328036,-32.23457742]},"geometry_name":"geom","properties":{"gid":7027,"entidad":0,"objeto":"Cuartel de bomberos","fna":"Bomberos Voluntarios de Barrancas","gna":"Bomberos Voluntarios","nam":"de Barrancas","fdc":"IGN/IDE Santa Fe","sag":"IGN"},"bbox":[-60.98328036,-32.23457742,-60.98328036,-32.23457742]},{"type":"Feature","id":"estructuras_operativas_y_defensivas_090102.7028","geometry":{"type":"Point","coordinates":[-61.40659338,-32.29525104]},"geometry_name":"geom","properties":{"gid":7028,"entidad":0,"objeto":"Cuartel de bomberos","fna":"Bomberos Voluntarios de Centeno","gna":"Bomberos Voluntarios","nam":"de Centeno","fdc":"IGN/IDE Santa Fe","sag":"IGN"},"bbox":[-61.40659338,-32.29525104,-61.40659338,-32.29525104]},{"type":"Feature","id":"estructuras_operativas_y_defensivas_090102.7029","geometry":{"type":"Point","coordinates":[-61.33963685,-32.3643143]},"geometry_name":"geom","properties":{"gid":7029,"entidad":0,"objeto":"Cuartel de bomberos","fna":"Bomberos Voluntarios de San Genaro Norte","gna":"Bomberos Voluntarios","nam":"de San Genaro Norte","fdc":"IGN/IDE Santa Fe","sag":"IGN"},"bbox":[-61.33963685,-32.3643143,-61.33963685,-32.3643143]},{"type":"Feature","id":"estructuras_operativas_y_defensivas_090102.7030","geometry":{"type":"Point","coordinates":[-59.92932215,-30.57466148]},"geometry_name":"geom","properties":{"gid":7030,"entidad":0,"objeto":"Cuartel de bomberos","fna":"Bomberos Voluntarios de San Javier","gna":"Bomberos Voluntarios","nam":"de San Javier","fdc":"IGN/IDE Santa Fe","sag":"IGN"},"bbox":[-59.92932215,-30.57466148,-59.92932215,-30.57466148]},{"type":"Feature","id":"estructuras_operativas_y_defensivas_090102.7031","geometry":{"type":"Point","coordinates":[-59.74949355,-29.50165474]},"geometry_name":"geom","properties":{"gid":7031,"entidad":0,"objeto":"Cuartel de bomberos","fna":"Bomberos Voluntarios de Romang","gna":"Bomberos Voluntarios","nam":"de Romang","fdc":"IGN/IDE Santa Fe","sag":"IGN"},"bbox":[-59.74949355,-29.50165474,-59.74949355,-29.50165474]},{"type":"Feature","id":"estructuras_operativas_y_defensivas_090102.7032","geometry":{"type":"Point","coordinates":[-59.82832508,-29.90207638]},"geometry_name":"geom","properties":{"gid":7032,"entidad":0,"objeto":"Cuartel de bomberos","fna":"Bomberos Voluntarios de Alejandra\r\n","gna":"Bomberos Voluntarios","nam":"de Alejandra\r\n","fdc":"IGN/IDE Santa Fe","sag":"IGN"},"bbox":[-59.82832508,-29.90207638,-59.82832508,-29.90207638]},{"type":"Feature","id":"estructuras_operativas_y_defensivas_090102.7033","geometry":{"type":"Point","coordinates":[-61.23695407,-30.30680336]},"geometry_name":"geom","properties":{"gid":7033,"entidad":0,"objeto":"Cuartel de bomberos","fna":"Bomberos Voluntarios de San Cristóbal","gna":"Bomberos Voluntarios","nam":"de San Cristóbal","fdc":"IGN/IDE Santa Fe","sag":"IGN"},"bbox":[-61.23695407,-30.30680336,-61.23695407,-30.30680336]},{"type":"Feature","id":"estructuras_operativas_y_defensivas_090102.7034","geometry":{"type":"Point","coordinates":[-61.9465318,-29.88163573]},"geometry_name":"geom","properties":{"gid":7034,"entidad":0,"objeto":"Cuartel de bomberos","fna":"Bomberos Voluntarios de Ceres","gna":"Bomberos Voluntarios","nam":"de Ceres","fdc":"IGN/IDE Santa Fe","sag":"IGN"},"bbox":[-61.9465318,-29.88163573,-61.9465318,-29.88163573]},{"type":"Feature","id":"estructuras_operativas_y_defensivas_090102.7035","geometry":{"type":"Point","coordinates":[-61.91925796,-30.35781148]},"geometry_name":"geom","properties":{"gid":7035,"entidad":0,"objeto":"Cuartel de bomberos","fna":"Bomberos Voluntarios de San Guillermo","gna":"Bomberos Voluntarios","nam":"de San Guillermo","fdc":"IGN/IDE Santa Fe","sag":"IGN"},"bbox":[-61.91925796,-30.35781148,-61.91925796,-30.35781148]},{"type":"Feature","id":"estructuras_operativas_y_defensivas_090102.7036","geometry":{"type":"Point","coordinates":[-61.9559379,-30.5341292]},"geometry_name":"geom","properties":{"gid":7036,"entidad":0,"objeto":"Cuartel de bomberos","fna":"Bomberos Voluntarios de Suardi","gna":"Bomberos Voluntarios","nam":"de Suardi","fdc":"IGN/IDE Santa Fe","sag":"IGN"},"bbox":[-61.9559379,-30.5341292,-61.9559379,-30.5341292]},{"type":"Feature","id":"estructuras_operativas_y_defensivas_090102.7037","geometry":{"type":"Point","coordinates":[-60.80490995,-32.9147433]},"geometry_name":"geom","properties":{"gid":7037,"entidad":0,"objeto":"Cuartel de bomberos","fna":"Bomberos Voluntarios de Funes","gna":"Bomberos Voluntarios","nam":"de Funes","fdc":"IGN/IDE Santa Fe","sag":"IGN"},"bbox":[-60.80490995,-32.9147433,-60.80490995,-32.9147433]},{"type":"Feature","id":"estructuras_operativas_y_defensivas_090102.7038","geometry":{"type":"Point","coordinates":[-60.7643164,-32.9900472]},"geometry_name":"geom","properties":{"gid":7038,"entidad":0,"objeto":"Cuartel de bomberos","fna":"Bomberos Voluntarios de Pérez","gna":"Bomberos Voluntarios","nam":"de Pérez","fdc":"IGN/IDE Santa Fe","sag":"IGN"},"bbox":[-60.7643164,-32.9900472,-60.7643164,-32.9900472]},{"type":"Feature","id":"estructuras_operativas_y_defensivas_090102.7039","geometry":{"type":"Point","coordinates":[-60.87996238,-33.01480843]},"geometry_name":"geom","properties":{"gid":7039,"entidad":0,"objeto":"Cuartel de bomberos","fna":"Bomberos Voluntarios de Zavalla","gna":"Bomberos Voluntarios","nam":"de Zavalla","fdc":"IGN/IDE Santa Fe","sag":"IGN"},"bbox":[-60.87996238,-33.01480843,-60.87996238,-33.01480843]},{"type":"Feature","id":"estructuras_operativas_y_defensivas_090102.7040","geometry":{"type":"Point","coordinates":[-60.63845294,-33.02493654]},"geometry_name":"geom","properties":{"gid":7040,"entidad":0,"objeto":"Cuartel de bomberos","fna":"Bomberos Voluntarios de Villa Gobernador Gálvez","gna":"Bomberos Voluntarios","nam":"de Villa Gobernador Gálvez","fdc":"IGN/IDE Santa Fe","sag":"IGN"},"bbox":[-60.63845294,-33.02493654,-60.63845294,-33.02493654]},{"type":"Feature","id":"estructuras_operativas_y_defensivas_090102.7041","geometry":{"type":"Point","coordinates":[-60.56299993,-33.07393987]},"geometry_name":"geom","properties":{"gid":7041,"entidad":0,"objeto":"Cuartel de bomberos","fna":"Bomberos Voluntarios de Pueblo Esther","gna":"Bomberos Voluntarios","nam":"de Pueblo Esther","fdc":"IGN/IDE Santa Fe","sag":"IGN"},"bbox":[-60.56299993,-33.07393987,-60.56299993,-33.07393987]},{"type":"Feature","id":"estructuras_operativas_y_defensivas_090102.7042","geometry":{"type":"Point","coordinates":[-60.79701313,-33.12983608]},"geometry_name":"geom","properties":{"gid":7042,"entidad":0,"objeto":"Cuartel de bomberos","fna":"Bomberos Voluntarios de Álvarez","gna":"Bomberos Voluntarios","nam":"de Álvarez","fdc":"IGN/IDE Santa Fe","sag":"IGN"},"bbox":[-60.79701313,-33.12983608,-60.79701313,-33.12983608]},{"type":"Feature","id":"estructuras_operativas_y_defensivas_090102.7043","geometry":{"type":"Point","coordinates":[-60.82890546,-33.24727344]},"geometry_name":"geom","properties":{"gid":7043,"entidad":0,"objeto":"Cuartel de bomberos","fna":"Bomberos Voluntarios de Acebal","gna":"Bomberos Voluntarios","nam":"de Acebal","fdc":"IGN/IDE Santa Fe","sag":"IGN"},"bbox":[-60.82890546,-33.24727344,-60.82890546,-33.24727344]},{"type":"Feature","id":"estructuras_operativas_y_defensivas_090102.7044","geometry":{"type":"Point","coordinates":[-60.66972873,-33.17233035]},"geometry_name":"geom","properties":{"gid":7044,"entidad":0,"objeto":"Cuartel de bomberos","fna":"Bomberos Voluntarios de Villa Amelia","gna":"Bomberos Voluntarios","nam":"de Villa Amelia","fdc":"IGN/IDE Santa Fe","sag":"IGN"},"bbox":[-60.66972873,-33.17233035,-60.66972873,-33.17233035]},{"type":"Feature","id":"estructuras_operativas_y_defensivas_090102.7045","geometry":{"type":"Point","coordinates":[-60.60678226,-33.31401779]},"geometry_name":"geom","properties":{"gid":7045,"entidad":0,"objeto":"Cuartel de bomberos","fna":"Bomberos Voluntarios de Coronel Bogado","gna":"Bomberos Voluntarios","nam":"de Coronel Bogado","fdc":"IGN/IDE Santa Fe","sag":"IGN"},"bbox":[-60.60678226,-33.31401779,-60.60678226,-33.31401779]},{"type":"Feature","id":"estructuras_operativas_y_defensivas_090102.7046","geometry":{"type":"Point","coordinates":[-60.50457779,-33.16070626]},"geometry_name":"geom","properties":{"gid":7046,"entidad":0,"objeto":"Cuartel de bomberos","fna":"Bomberos Voluntarios de Arroyo Seco","gna":"Bomberos Voluntarios","nam":"de Arroyo Seco","fdc":"IGN/IDE Santa Fe","sag":"IGN"},"bbox":[-60.50457779,-33.16070626,-60.50457779,-33.16070626]},{"type":"Feature","id":"estructuras_operativas_y_defensivas_090102.7047","geometry":{"type":"Point","coordinates":[-61.76892656,-29.23529013]},"geometry_name":"geom","properties":{"gid":7047,"entidad":0,"objeto":"Cuartel de bomberos","fna":"Bomberos Voluntarios de Tostado","gna":"Bomberos Voluntarios","nam":"de Tostado","fdc":"IGN/IDE Santa Fe","sag":"IGN"},"bbox":[-61.76892656,-29.23529013,-61.76892656,-29.23529013]},{"type":"Feature","id":"estructuras_operativas_y_defensivas_090102.7048","geometry":{"type":"Point","coordinates":[-61.62269855,-28.62742813]},"geometry_name":"geom","properties":{"gid":7048,"entidad":0,"objeto":"Cuartel de bomberos","fna":"Bomberos Voluntarios de Villa Minetti","gna":"Bomberos Voluntarios","nam":"de Villa Minetti","fdc":"IGN/IDE Santa Fe","sag":"IGN"},"bbox":[-61.62269855,-28.62742813,-61.62269855,-28.62742813]},{"type":"Feature","id":"estructuras_operativas_y_defensivas_090102.7049","geometry":{"type":"Point","coordinates":[-60.92851303,-31.44424051]},"geometry_name":"geom","properties":{"gid":7049,"entidad":0,"objeto":"Cuartel de bomberos","fna":"Bomberos Voluntarios de Esperanza","gna":"Bomberos Voluntarios","nam":"de Esperanza","fdc":"IGN/IDE Santa Fe","sag":"IGN"},"bbox":[-60.92851303,-31.44424051,-60.92851303,-31.44424051]},{"type":"Feature","id":"estructuras_operativas_y_defensivas_090102.7050","geometry":{"type":"Point","coordinates":[-61.08199306,-31.3998602]},"geometry_name":"geom","properties":{"gid":7050,"entidad":0,"objeto":"Cuartel de bomberos","fna":"Bomberos Voluntarios de Humboldt","gna":"Bomberos Voluntarios","nam":"de Humboldt","fdc":"IGN/IDE Santa Fe","sag":"IGN"},"bbox":[-61.08199306,-31.3998602,-61.08199306,-31.3998602]},{"type":"Feature","id":"estructuras_operativas_y_defensivas_090102.7051","geometry":{"type":"Point","coordinates":[-60.93680073,-31.58906545]},"geometry_name":"geom","properties":{"gid":7051,"entidad":0,"objeto":"Cuartel de bomberos","fna":"Bomberos Voluntarios de Frank","gna":"Bomberos Voluntarios","nam":"de Frank","fdc":"IGN/IDE Santa Fe","sag":"IGN"},"bbox":[-60.93680073,-31.58906545,-60.93680073,-31.58906545]},{"type":"Feature","id":"estructuras_operativas_y_defensivas_090102.7052","geometry":{"type":"Point","coordinates":[-61.07608348,-31.55296401]},"geometry_name":"geom","properties":{"gid":7052,"entidad":0,"objeto":"Cuartel de bomberos","fna":"Bomberos Voluntarios de San Jerónimo Norte - Cuartel Antonio Ballaris","gna":"Bomberos Voluntarios","nam":"de San Jerónimo Norte - Cuartel Antonio Ballaris","fdc":"IGN/IDE Santa Fe/Consejo Nacional de Bomberos","sag":"IGN"},"bbox":[-61.07608348,-31.55296401,-61.07608348,-31.55296401]},{"type":"Feature","id":"estructuras_operativas_y_defensivas_090102.7053","geometry":{"type":"Point","coordinates":[-61.37349008,-31.57460335]},"geometry_name":"geom","properties":{"gid":7053,"entidad":0,"objeto":"Cuartel de bomberos","fna":"Bomberos Voluntarios de Sa Pereyra","gna":"Bomberos Voluntarios","nam":"de Sa Pereyra","fdc":"IGN/IDE Santa Fe","sag":"IGN"},"bbox":[-61.37349008,-31.57460335,-61.37349008,-31.57460335]},{"type":"Feature","id":"estructuras_operativas_y_defensivas_090102.7054","geometry":{"type":"Point","coordinates":[-61.14172244,-31.61142569]},"geometry_name":"geom","properties":{"gid":7054,"entidad":0,"objeto":"Cuartel de bomberos","fna":"Bomberos Voluntarios de San Jerónimo del Sauce","gna":"Bomberos Voluntarios","nam":"de San Jerónimo del Sauce","fdc":"IGN/IDE Santa Fe","sag":"IGN"},"bbox":[-61.14172244,-31.61142569,-61.14172244,-31.61142569]},{"type":"Feature","id":"estructuras_operativas_y_defensivas_090102.7055","geometry":{"type":"Point","coordinates":[-61.09438243,-31.73239477]},"geometry_name":"geom","properties":{"gid":7055,"entidad":0,"objeto":"Cuartel de bomberos","fna":"Bomberos Voluntarios de San Carlos Centro","gna":"Bomberos Voluntarios","nam":"de San Carlos Centro","fdc":"IGN/IDE Santa Fe","sag":"IGN"},"bbox":[-61.09438243,-31.73239477,-61.09438243,-31.73239477]},{"type":"Feature","id":"estructuras_operativas_y_defensivas_090102.7056","geometry":{"type":"Point","coordinates":[-61.2585614,-31.43685124]},"geometry_name":"geom","properties":{"gid":7056,"entidad":0,"objeto":"Cuartel de bomberos","fna":"Bomberos Voluntarios de Pilar","gna":"Bomberos Voluntarios","nam":"de Pilar","fdc":"IGN/IDE Santa Fe","sag":"IGN"},"bbox":[-61.2585614,-31.43685124,-61.2585614,-31.43685124]},{"type":"Feature","id":"estructuras_operativas_y_defensivas_090102.7057","geometry":{"type":"Point","coordinates":[-60.72686915,-31.58004283]},"geometry_name":"geom","properties":{"gid":7057,"entidad":0,"objeto":"Cuartel de bomberos","fna":"Bomberos Voluntarios de Santa Fe","gna":"Bomberos Voluntarios","nam":"de Santa Fe","fdc":"IGN/IDE Santa Fe","sag":"IGN"},"bbox":[-60.72686915,-31.58004283,-60.72686915,-31.58004283]},{"type":"Feature","id":"estructuras_operativas_y_defensivas_090102.7058","geometry":{"type":"Point","coordinates":[-60.66831135,-31.31041406]},"geometry_name":"geom","properties":{"gid":7058,"entidad":0,"objeto":"Cuartel de bomberos","fna":"Bomberos Voluntarios de Laguna Paiva","gna":"Bomberos Voluntarios","nam":"de Laguna Paiva","fdc":"IGN/IDE Santa Fe","sag":"IGN"},"bbox":[-60.66831135,-31.31041406,-60.66831135,-31.31041406]},{"type":"Feature","id":"estructuras_operativas_y_defensivas_090102.7059","geometry":{"type":"Point","coordinates":[-60.7330163,-31.49191877]},"geometry_name":"geom","properties":{"gid":7059,"entidad":0,"objeto":"Cuartel de bomberos","fna":"Bomberos Voluntarios de Recreo","gna":"Bomberos Voluntarios","nam":"de Recreo","fdc":"IGN/IDE Santa Fe","sag":"IGN"},"bbox":[-60.7330163,-31.49191877,-60.7330163,-31.49191877]},{"type":"Feature","id":"estructuras_operativas_y_defensivas_090102.7060","geometry":{"type":"Point","coordinates":[-60.85726552,-32.57509684]},"geometry_name":"geom","properties":{"gid":7060,"entidad":0,"objeto":"Cuartel de bomberos","fna":"Bomberos Voluntarios de Oliveros","gna":"Bomberos Voluntarios","nam":"de Oliveros","fdc":"IGN/IDE Santa Fe","sag":"IGN"},"bbox":[-60.85726552,-32.57509684,-60.85726552,-32.57509684]},{"type":"Feature","id":"estructuras_operativas_y_defensivas_090102.7061","geometry":{"type":"Point","coordinates":[-61.08703719,-32.67141669]},"geometry_name":"geom","properties":{"gid":7061,"entidad":0,"objeto":"Cuartel de bomberos","fna":"Bomberos Voluntarios de Salto Grande","gna":"Bomberos Voluntarios","nam":"de Salto Grande","fdc":"IGN/IDE Santa Fe","sag":"IGN"},"bbox":[-61.08703719,-32.67141669,-61.08703719,-32.67141669]},{"type":"Feature","id":"estructuras_operativas_y_defensivas_090102.7062","geometry":{"type":"Point","coordinates":[-61.2526632,-32.8523375]},"geometry_name":"geom","properties":{"gid":7062,"entidad":0,"objeto":"Cuartel de bomberos","fna":"Bomberos Voluntarios de Correa","gna":"Bomberos Voluntarios","nam":"de Correa","fdc":"IGN/IDE Santa Fe","sag":"IGN"},"bbox":[-61.2526632,-32.8523375,-61.2526632,-32.8523375]},{"type":"Feature","id":"estructuras_operativas_y_defensivas_090102.7063","geometry":{"type":"Point","coordinates":[-61.55221927,-32.96547417]},"geometry_name":"geom","properties":{"gid":7063,"entidad":0,"objeto":"Cuartel de bomberos","fna":"Bomberos Voluntarios de Villa Eloísa\r","gna":"Bomberos Voluntarios","nam":"de Villa Eloísa\r","fdc":"IGN/IDE Santa Fe","sag":"IGN"},"bbox":[-61.55221927,-32.96547417,-61.55221927,-32.96547417]},{"type":"Feature","id":"estructuras_operativas_y_defensivas_090102.7064","geometry":{"type":"Point","coordinates":[-61.29321539,-32.73823473]},"geometry_name":"geom","properties":{"gid":7064,"entidad":0,"objeto":"Cuartel de bomberos","fna":"Bomberos Voluntarios de Bustinza","gna":"Bomberos Voluntarios","nam":"de Bustinza","fdc":"IGN/IDE Santa Fe","sag":"IGN"},"bbox":[-61.29321539,-32.73823473,-61.29321539,-32.73823473]},{"type":"Feature","id":"estructuras_operativas_y_defensivas_090102.7065","geometry":{"type":"Point","coordinates":[-59.64155696,-29.14445993]},"geometry_name":"geom","properties":{"gid":7065,"entidad":0,"objeto":"Cuartel de bomberos","fna":"Bomberos Voluntarios de Reconquista","gna":"Bomberos Voluntarios","nam":"de Reconquista","fdc":"IGN/IDE Santa Fe","sag":"IGN"},"bbox":[-59.64155696,-29.14445993,-59.64155696,-29.14445993]},{"type":"Feature","id":"estructuras_operativas_y_defensivas_090102.7066","geometry":{"type":"Point","coordinates":[-59.26556519,-28.35378832]},"geometry_name":"geom","properties":{"gid":7066,"entidad":0,"objeto":"Cuartel de bomberos","fna":"Bomberos Voluntarios de Las Toscas","gna":"Bomberos Voluntarios","nam":"de Las Toscas","fdc":"IGN/IDE Santa Fe","sag":"IGN"},"bbox":[-59.26556519,-28.35378832,-59.26556519,-28.35378832]},{"type":"Feature","id":"estructuras_operativas_y_defensivas_090102.7067","geometry":{"type":"Point","coordinates":[-59.35501714,-28.48778986]},"geometry_name":"geom","properties":{"gid":7067,"entidad":0,"objeto":"Cuartel de bomberos","fna":"Bomberos Voluntarios de Villa Ocampo","gna":"Bomberos Voluntarios","nam":"de Villa Ocampo","fdc":"IGN/IDE Santa Fe","sag":"IGN"},"bbox":[-59.35501714,-28.48778986,-59.35501714,-28.48778986]},{"type":"Feature","id":"estructuras_operativas_y_defensivas_090102.7068","geometry":{"type":"Point","coordinates":[-59.66265476,-29.11717139]},"geometry_name":"geom","properties":{"gid":7068,"entidad":0,"objeto":"Cuartel de bomberos","fna":"Bomberos Voluntarios de Avellaneda","gna":"Bomberos Voluntarios","nam":"de Avellaneda","fdc":"IGN/IDE Santa Fe","sag":"IGN"},"bbox":[-59.66265476,-29.11717139,-59.66265476,-29.11717139]},{"type":"Feature","id":"estructuras_operativas_y_defensivas_090102.7069","geometry":{"type":"Point","coordinates":[-59.97116782,-29.35286809]},"geometry_name":"geom","properties":{"gid":7069,"entidad":0,"objeto":"Cuartel de bomberos","fna":"Bomberos Voluntarios de Malabrigo","gna":"Bomberos Voluntarios","nam":"de Malabrigo","fdc":"IGN/IDE Santa Fe","sag":"IGN"},"bbox":[-59.97116782,-29.35286809,-59.97116782,-29.35286809]},{"type":"Feature","id":"estructuras_operativas_y_defensivas_090102.7070","geometry":{"type":"Point","coordinates":[-61.45457339,-33.65777625]},"geometry_name":"geom","properties":{"gid":7070,"entidad":0,"objeto":"Cuartel de bomberos","fna":"Bomberos Voluntarios de Melincué","gna":"Bomberos Voluntarios","nam":"de Melincué","fdc":"IGN/IDE Santa Fe","sag":"IGN"},"bbox":[-61.45457339,-33.65777625,-61.45457339,-33.65777625]},{"type":"Feature","id":"estructuras_operativas_y_defensivas_090102.7071","geometry":{"type":"Point","coordinates":[-62.23980128,-34.01254856]},"geometry_name":"geom","properties":{"gid":7071,"entidad":0,"objeto":"Cuartel de bomberos","fna":"Bomberos Voluntarios de Sancti Spiritu","gna":"Bomberos Voluntarios","nam":"de Sancti Spiritu","fdc":"IGN/IDE Santa Fe","sag":"IGN"},"bbox":[-62.23980128,-34.01254856,-62.23980128,-34.01254856]},{"type":"Feature","id":"estructuras_operativas_y_defensivas_090102.7072","geometry":{"type":"Point","coordinates":[-62.08609995,-33.4425479]},"geometry_name":"geom","properties":{"gid":7072,"entidad":0,"objeto":"Cuartel de bomberos","fna":"Bomberos Voluntarios de Caferatta","gna":"Bomberos Voluntarios","nam":"de Caferatta","fdc":"IGN/IDE Santa Fe","sag":"IGN"},"bbox":[-62.08609995,-33.4425479,-62.08609995,-33.4425479]},{"type":"Feature","id":"estructuras_operativas_y_defensivas_090102.7073","geometry":{"type":"Point","coordinates":[-61.85807163,-33.63863973]},"geometry_name":"geom","properties":{"gid":7073,"entidad":0,"objeto":"Cuartel de bomberos","fna":"Bomberos Voluntarios de Murphy","gna":"Bomberos Voluntarios","nam":"de Murphy","fdc":"IGN/IDE Santa Fe","sag":"IGN"},"bbox":[-61.85807163,-33.63863973,-61.85807163,-33.63863973]},{"type":"Feature","id":"estructuras_operativas_y_defensivas_090102.7074","geometry":{"type":"Point","coordinates":[-61.60934335,-33.5959288]},"geometry_name":"geom","properties":{"gid":7074,"entidad":0,"objeto":"Cuartel de bomberos","fna":"Bomberos Voluntarios de Chovet","gna":"Bomberos Voluntarios","nam":"de Chovet","fdc":"IGN/IDE Santa Fe","sag":"IGN"},"bbox":[-61.60934335,-33.5959288,-61.60934335,-33.5959288]},{"type":"Feature","id":"estructuras_operativas_y_defensivas_090102.7075","geometry":{"type":"Point","coordinates":[-61.48612565,-33.4602792]},"geometry_name":"geom","properties":{"gid":7075,"entidad":0,"objeto":"Cuartel de bomberos","fna":"Bomberos Voluntarios de Firmat","gna":"Bomberos Voluntarios","nam":"de Firmat","fdc":"IGN/IDE Santa Fe","sag":"IGN"},"bbox":[-61.48612565,-33.4602792,-61.48612565,-33.4602792]},{"type":"Feature","id":"estructuras_operativas_y_defensivas_090102.7076","geometry":{"type":"Point","coordinates":[-61.31088722,-33.60130926]},"geometry_name":"geom","properties":{"gid":7076,"entidad":0,"objeto":"Cuartel de bomberos","fna":"Bomberos Voluntarios de Carreras","gna":"Bomberos Voluntarios","nam":"de Carreras","fdc":"IGN/IDE Santa Fe","sag":"IGN"},"bbox":[-61.31088722,-33.60130926,-61.31088722,-33.60130926]},{"type":"Feature","id":"estructuras_operativas_y_defensivas_090102.7077","geometry":{"type":"Point","coordinates":[-61.61406437,-33.69627512]},"geometry_name":"geom","properties":{"gid":7077,"entidad":0,"objeto":"Cuartel de bomberos","fna":"Bomberos Voluntarios de Elortondo","gna":"Bomberos Voluntarios","nam":"de Elortondo","fdc":"IGN/IDE Santa Fe","sag":"IGN"},"bbox":[-61.61406437,-33.69627512,-61.61406437,-33.69627512]},{"type":"Feature","id":"estructuras_operativas_y_defensivas_090102.7078","geometry":{"type":"Point","coordinates":[-61.95930014,-33.74462236]},"geometry_name":"geom","properties":{"gid":7078,"entidad":0,"objeto":"Cuartel de bomberos","fna":"Bomberos Voluntarios de Venado Tuerto","gna":"Bomberos Voluntarios","nam":"de Venado Tuerto","fdc":"IGN/IDE Santa Fe","sag":"IGN"},"bbox":[-61.95930014,-33.74462236,-61.95930014,-33.74462236]},{"type":"Feature","id":"estructuras_operativas_y_defensivas_090102.7079","geometry":{"type":"Point","coordinates":[-61.9061181,-34.004736]},"geometry_name":"geom","properties":{"gid":7079,"entidad":0,"objeto":"Cuartel de bomberos","fna":"Bomberos Voluntarios de María Teresa","gna":"Bomberos Voluntarios","nam":"de María Teresa","fdc":"IGN/IDE Santa Fe","sag":"IGN"},"bbox":[-61.9061181,-34.004736,-61.9061181,-34.004736]},{"type":"Feature","id":"estructuras_operativas_y_defensivas_090102.7080","geometry":{"type":"Point","coordinates":[-61.69507199,-33.887895]},"geometry_name":"geom","properties":{"gid":7080,"entidad":0,"objeto":"Cuartel de bomberos","fna":"Bomberos Voluntarios de Santa Isabel","gna":"Bomberos Voluntarios","nam":"de Santa Isabel","fdc":"IGN/IDE Santa Fe","sag":"IGN"},"bbox":[-61.69507199,-33.887895,-61.69507199,-33.887895]},{"type":"Feature","id":"estructuras_operativas_y_defensivas_090102.7081","geometry":{"type":"Point","coordinates":[-61.60629481,-34.00337945]},"geometry_name":"geom","properties":{"gid":7081,"entidad":0,"objeto":"Cuartel de bomberos","fna":"Bomberos Voluntarios de Villa Cañás","gna":"Bomberos Voluntarios","nam":"de Villa Cañás","fdc":"IGN/IDE Santa Fe","sag":"IGN"},"bbox":[-61.60629481,-34.00337945,-61.60629481,-34.00337945]},{"type":"Feature","id":"estructuras_operativas_y_defensivas_090102.7082","geometry":{"type":"Point","coordinates":[-61.34110258,-33.80114419]},"geometry_name":"geom","properties":{"gid":7082,"entidad":0,"objeto":"Cuartel de bomberos","fna":"Bomberos Voluntarios de Hughes","gna":"Bomberos Voluntarios","nam":"de Hughes","fdc":"IGN/IDE Santa Fe","sag":"IGN"},"bbox":[-61.34110258,-33.80114419,-61.34110258,-33.80114419]},{"type":"Feature","id":"estructuras_operativas_y_defensivas_090102.7083","geometry":{"type":"Point","coordinates":[-61.32075974,-33.72733333]},"geometry_name":"geom","properties":{"gid":7083,"entidad":0,"objeto":"Cuartel de bomberos","fna":"Bomberos Voluntarios de Labordeboy","gna":"Bomberos Voluntarios","nam":"de Labordeboy","fdc":"IGN/IDE Santa Fe","sag":"IGN"},"bbox":[-61.32075974,-33.72733333,-61.32075974,-33.72733333]},{"type":"Feature","id":"estructuras_operativas_y_defensivas_090102.7084","geometry":{"type":"Point","coordinates":[-61.20874395,-33.79361706]},"geometry_name":"geom","properties":{"gid":7084,"entidad":0,"objeto":"Cuartel de bomberos","fna":"Bomberos Voluntarios de Wheelwright","gna":"Bomberos Voluntarios","nam":"de Wheelwright","fdc":"IGN/IDE Santa Fe","sag":"IGN"},"bbox":[-61.20874395,-33.79361706,-61.20874395,-33.79361706]},{"type":"Feature","id":"estructuras_operativas_y_defensivas_090102.7085","geometry":{"type":"Point","coordinates":[-61.52509694,-34.18611351]},"geometry_name":"geom","properties":{"gid":7085,"entidad":0,"objeto":"Cuartel de bomberos","fna":"Bomberos Voluntarios de Teodelina","gna":"Bomberos Voluntarios","nam":"de Teodelina","fdc":"IGN/IDE Santa Fe","sag":"IGN"},"bbox":[-61.52509694,-34.18611351,-61.52509694,-34.18611351]},{"type":"Feature","id":"estructuras_operativas_y_defensivas_090102.7086","geometry":{"type":"Point","coordinates":[-62.03739346,-34.32203466]},"geometry_name":"geom","properties":{"gid":7086,"entidad":0,"objeto":"Cuartel de bomberos","fna":"Bomberos Voluntarios de San Gregorio","gna":"Bomberos Voluntarios","nam":"de San Gregorio","fdc":"IGN/IDE Santa Fe","sag":"IGN"},"bbox":[-62.03739346,-34.32203466,-62.03739346,-34.32203466]},{"type":"Feature","id":"estructuras_operativas_y_defensivas_090102.7087","geometry":{"type":"Point","coordinates":[-62.70620045,-34.26480989]},"geometry_name":"geom","properties":{"gid":7087,"entidad":0,"objeto":"Cuartel de bomberos","fna":"Bomberos Voluntarios de Rufino","gna":"Bomberos Voluntarios","nam":"de Rufino","fdc":"IGN/IDE Santa Fe","sag":"IGN"},"bbox":[-62.70620045,-34.26480989,-62.70620045,-34.26480989]},{"type":"Feature","id":"estructuras_operativas_y_defensivas_090102.7088","geometry":{"type":"Point","coordinates":[-60.40290773,-33.24318133]},"geometry_name":"geom","properties":{"gid":7088,"entidad":0,"objeto":"Cuartel de bomberos","fna":"Bomberos Voluntarios de Pavón","gna":"Bomberos Voluntarios","nam":"de Pavón","fdc":"IGN/IDE Santa Fe","sag":"IGN"},"bbox":[-60.40290773,-33.24318133,-60.40290773,-33.24318133]},{"type":"Feature","id":"estructuras_operativas_y_defensivas_090102.7089","geometry":{"type":"Point","coordinates":[-60.82565443,-33.31362878]},"geometry_name":"geom","properties":{"gid":7089,"entidad":0,"objeto":"Cuartel de bomberos","fna":"Bomberos Voluntarios de Pavón Arriba","gna":"Bomberos Voluntarios","nam":"de Pavón Arriba","fdc":"IGN/IDE Santa Fe","sag":"IGN"},"bbox":[-60.82565443,-33.31362878,-60.82565443,-33.31362878]},{"type":"Feature","id":"estructuras_operativas_y_defensivas_090102.7090","geometry":{"type":"Point","coordinates":[-60.79065139,-33.4375843]},"geometry_name":"geom","properties":{"gid":7090,"entidad":0,"objeto":"Cuartel de bomberos","fna":"Bomberos Voluntarios de Santa Teresa","gna":"Bomberos Voluntarios","nam":"de Santa Teresa","fdc":"IGN/IDE Santa Fe","sag":"IGN"},"bbox":[-60.79065139,-33.4375843,-60.79065139,-33.4375843]},{"type":"Feature","id":"estructuras_operativas_y_defensivas_090102.7091","geometry":{"type":"Point","coordinates":[-60.80440268,-33.54133779]},"geometry_name":"geom","properties":{"gid":7091,"entidad":0,"objeto":"Cuartel de bomberos","fna":"Bomberos Voluntarios de Peyrano","gna":"Bomberos Voluntarios","nam":"de Peyrano","fdc":"IGN/IDE Santa Fe","sag":"IGN"},"bbox":[-60.80440268,-33.54133779,-60.80440268,-33.54133779]},{"type":"Feature","id":"estructuras_operativas_y_defensivas_090102.7092","geometry":{"type":"Point","coordinates":[-60.96241694,-33.4837164]},"geometry_name":"geom","properties":{"gid":7092,"entidad":0,"objeto":"Cuartel de bomberos","fna":"Bomberos Voluntarios de Máximo Paz","gna":"Bomberos Voluntarios","nam":"de Máximo Paz","fdc":"IGN/IDE Santa Fe","sag":"IGN"},"bbox":[-60.96241694,-33.4837164,-60.96241694,-33.4837164]},{"type":"Feature","id":"estructuras_operativas_y_defensivas_090102.7093","geometry":{"type":"Point","coordinates":[-61.1216497,-33.5367511]},"geometry_name":"geom","properties":{"gid":7093,"entidad":0,"objeto":"Cuartel de bomberos","fna":"Bomberos Voluntarios de Alcorta","gna":"Bomberos Voluntarios","nam":"de Alcorta","fdc":"IGN/IDE Santa Fe","sag":"IGN"},"bbox":[-61.1216497,-33.5367511,-61.1216497,-33.5367511]},{"type":"Feature","id":"estructuras_operativas_y_defensivas_090102.7094","geometry":{"type":"Point","coordinates":[-61.05440112,-33.71509293]},"geometry_name":"geom","properties":{"gid":7094,"entidad":0,"objeto":"Cuartel de bomberos","fna":"Bomberos Voluntarios de Juncal","gna":"Bomberos Voluntarios","nam":"de Juncal","fdc":"IGN/IDE Santa Fe","sag":"IGN"},"bbox":[-61.05440112,-33.71509293,-61.05440112,-33.71509293]},{"type":"Feature","id":"estructuras_operativas_y_defensivas_090102.7095","geometry":{"type":"Point","coordinates":[-61.31894875,-33.45957844]},"geometry_name":"geom","properties":{"gid":7095,"entidad":0,"objeto":"Cuartel de bomberos","fna":"Bomberos Voluntarios de Bombal","gna":"Bomberos Voluntarios","nam":"de Bombal","fdc":"IGN/IDE Santa Fe","sag":"IGN"},"bbox":[-61.31894875,-33.45957844,-61.31894875,-33.45957844]},{"type":"Feature","id":"estructuras_operativas_y_defensivas_090102.7096","geometry":{"type":"Point","coordinates":[-60.32577677,-33.22723447]},"geometry_name":"geom","properties":{"gid":7096,"entidad":0,"objeto":"Cuartel de bomberos","fna":"Bomberos Voluntarios de Villa Constitución","gna":"Bomberos Voluntarios","nam":"de Villa Constitución","fdc":"IGN/IDE Santa Fe","sag":"IGN"},"bbox":[-60.32577677,-33.22723447,-60.32577677,-33.22723447]},{"type":"Feature","id":"estructuras_operativas_y_defensivas_090102.7097","geometry":{"type":"Point","coordinates":[-61.34878654,-30.86841552]},"geometry_name":"geom","properties":{"gid":7097,"entidad":0,"objeto":"Cuartel de bomberos","fna":"Bomberos Voluntarios de Humberto Primo","gna":"Bomberos Voluntarios","nam":"de Humberto Primo","fdc":"IGN/IDE Santa Fe","sag":"IGN"},"bbox":[-61.34878654,-30.86841552,-61.34878654,-30.86841552]},{"type":"Feature","id":"estructuras_operativas_y_defensivas_090102.7098","geometry":{"type":"Point","coordinates":[-61.55625259,-30.93952914]},"geometry_name":"geom","properties":{"gid":7098,"entidad":0,"objeto":"Cuartel de bomberos","fna":"Bomberos Voluntarios de Sunchales","gna":"Bomberos Voluntarios","nam":"de Sunchales","fdc":"IGN/IDE Santa Fe","sag":"IGN"},"bbox":[-61.55625259,-30.93952914,-61.55625259,-30.93952914]},{"type":"Feature","id":"estructuras_operativas_y_defensivas_090102.7099","geometry":{"type":"Point","coordinates":[-61.753196,-31.6769439]},"geometry_name":"geom","properties":{"gid":7099,"entidad":0,"objeto":"Cuartel de bomberos","fna":"Bomberos Voluntarios de María Juana","gna":"Bomberos Voluntarios","nam":"de María Juana","fdc":"IGN/IDE Santa Fe","sag":"IGN"},"bbox":[-61.753196,-31.6769439,-61.753196,-31.6769439]},{"type":"Feature","id":"estructuras_operativas_y_defensivas_090102.7100","geometry":{"type":"Point","coordinates":[-61.56295863,-31.70505485]},"geometry_name":"geom","properties":{"gid":7100,"entidad":0,"objeto":"Cuartel de bomberos","fna":"Bomberos Voluntarios de San Vicente","gna":"Bomberos Voluntarios","nam":"de San Vicente","fdc":"IGN/IDE Santa Fe","sag":"IGN"},"bbox":[-61.56295863,-31.70505485,-61.56295863,-31.70505485]},{"type":"Feature","id":"estructuras_operativas_y_defensivas_090102.7101","geometry":{"type":"Point","coordinates":[-61.16430126,-33.04732281]},"geometry_name":"geom","properties":{"gid":7101,"entidad":0,"objeto":"Cuartel de bomberos","fna":"Bomberos Voluntarios de Casilda","gna":"Bomberos Voluntarios","nam":"de Casilda","fdc":"IGN/IDE Santa Fe","sag":"IGN"},"bbox":[-61.16430126,-33.04732281,-61.16430126,-33.04732281]},{"type":"Feature","id":"estructuras_operativas_y_defensivas_090102.7102","geometry":{"type":"Point","coordinates":[-61.47155318,-33.14517075]},"geometry_name":"geom","properties":{"gid":7102,"entidad":0,"objeto":"Cuartel de bomberos","fna":"Bomberos Voluntarios de Arequito\r\n","gna":"Bomberos Voluntarios","nam":"de Arequito\r\n","fdc":"IGN/IDE Santa Fe","sag":"IGN"},"bbox":[-61.47155318,-33.14517075,-61.47155318,-33.14517075]},{"type":"Feature","id":"estructuras_operativas_y_defensivas_090102.7103","geometry":{"type":"Point","coordinates":[-61.70319573,-33.12013882]},"geometry_name":"geom","properties":{"gid":7103,"entidad":0,"objeto":"Cuartel de bomberos","fna":"Bomberos Voluntarios de San José de la Esquina","gna":"Bomberos Voluntarios","nam":"de San José de la Esquina","fdc":"IGN/IDE Santa Fe","sag":"IGN"},"bbox":[-61.70319573,-33.12013882,-61.70319573,-33.12013882]},{"type":"Feature","id":"estructuras_operativas_y_defensivas_090102.7104","geometry":{"type":"Point","coordinates":[-61.8632513,-33.33740082]},"geometry_name":"geom","properties":{"gid":7104,"entidad":0,"objeto":"Cuartel de bomberos","fna":"Bomberos Voluntarios de Berabevú","gna":"Bomberos Voluntarios","nam":"de Berabevú","fdc":"IGN/IDE Santa Fe","sag":"IGN"},"bbox":[-61.8632513,-33.33740082,-61.8632513,-33.33740082]},{"type":"Feature","id":"estructuras_operativas_y_defensivas_090102.7105","geometry":{"type":"Point","coordinates":[-62.03423758,-33.32016844]},"geometry_name":"geom","properties":{"gid":7105,"entidad":0,"objeto":"Cuartel de bomberos","fna":"Bomberos Voluntarios de Chañar Ladeado","gna":"Bomberos Voluntarios","nam":"de Chañar Ladeado","fdc":"IGN/IDE Santa Fe","sag":"IGN"},"bbox":[-62.03423758,-33.32016844,-62.03423758,-33.32016844]},{"type":"Feature","id":"estructuras_operativas_y_defensivas_090102.7106","geometry":{"type":"Point","coordinates":[-61.7097115,-33.37782369]},"geometry_name":"geom","properties":{"gid":7106,"entidad":0,"objeto":"Cuartel de bomberos","fna":"Bomberos Voluntarios de Los Quirquinchos","gna":"Bomberos Voluntarios","nam":"de Los Quirquinchos","fdc":"IGN/IDE Santa Fe","sag":"IGN"},"bbox":[-61.7097115,-33.37782369,-61.7097115,-33.37782369]},{"type":"Feature","id":"estructuras_operativas_y_defensivas_090102.7107","geometry":{"type":"Point","coordinates":[-61.36036929,-33.24292794]},"geometry_name":"geom","properties":{"gid":7107,"entidad":0,"objeto":"Cuartel de bomberos","fna":"Bomberos Voluntarios de Chabás","gna":"Bomberos Voluntarios","nam":"de Chabás","fdc":"IGN/IDE Santa Fe","sag":"IGN"},"bbox":[-61.36036929,-33.24292794,-61.36036929,-33.24292794]},{"type":"Feature","id":"estructuras_operativas_y_defensivas_090102.7108","geometry":{"type":"Point","coordinates":[-61.57739388,-32.48159545]},"geometry_name":"geom","properties":{"gid":7108,"entidad":0,"objeto":"Cuartel de bomberos","fna":"Bomberos Voluntarios de Las Rosas","gna":"Bomberos Voluntarios","nam":"de Las Rosas","fdc":"IGN/IDE Santa Fe","sag":"IGN"},"bbox":[-61.57739388,-32.48159545,-61.57739388,-32.48159545]},{"type":"Feature","id":"estructuras_operativas_y_defensivas_090102.7109","geometry":{"type":"Point","coordinates":[-61.60285778,-32.78380339]},"geometry_name":"geom","properties":{"gid":7109,"entidad":0,"objeto":"Cuartel de bomberos","fna":"Bomberos Voluntarios de Armstrong","gna":"Bomberos Voluntarios","nam":"de Armstrong","fdc":"IGN/IDE Santa Fe","sag":"IGN"},"bbox":[-61.60285778,-32.78380339,-61.60285778,-32.78380339]},{"type":"Feature","id":"estructuras_operativas_y_defensivas_090102.7110","geometry":{"type":"Point","coordinates":[-61.81678732,-32.74575092]},"geometry_name":"geom","properties":{"gid":7110,"entidad":0,"objeto":"Cuartel de bomberos","fna":"Bomberos Voluntarios de Tortugas","gna":"Bomberos Voluntarios","nam":"de Tortugas","fdc":"IGN/IDE Santa Fe","sag":"IGN"},"bbox":[-61.81678732,-32.74575092,-61.81678732,-32.74575092]},{"type":"Feature","id":"estructuras_operativas_y_defensivas_090102.7111","geometry":{"type":"Point","coordinates":[-61.7732566,-32.5672139]},"geometry_name":"geom","properties":{"gid":7111,"entidad":0,"objeto":"Cuartel de bomberos","fna":"Bomberos Voluntarios de Montes de Oca","gna":"Bomberos Voluntarios","nam":"de Montes de Oca","fdc":"IGN/IDE Santa Fe","sag":"IGN"},"bbox":[-61.7732566,-32.5672139,-61.7732566,-32.5672139]},{"type":"Feature","id":"estructuras_operativas_y_defensivas_090102.7112","geometry":{"type":"Point","coordinates":[-61.88586123,-32.42142504]},"geometry_name":"geom","properties":{"gid":7112,"entidad":0,"objeto":"Cuartel de bomberos","fna":"Bomberos Voluntarios de Bouquet","gna":"Bomberos Voluntarios","nam":"de Bouquet","fdc":"IGN/IDE Santa Fe","sag":"IGN"},"bbox":[-61.88586123,-32.42142504,-61.88586123,-32.42142504]},{"type":"Feature","id":"estructuras_operativas_y_defensivas_090102.7113","geometry":{"type":"Point","coordinates":[-61.51995503,-32.68300164]},"geometry_name":"geom","properties":{"gid":7113,"entidad":0,"objeto":"Cuartel de bomberos","fna":"Bomberos Voluntarios de Las Parejas","gna":"Bomberos Voluntarios","nam":"de Las Parejas","fdc":"IGN/IDE Santa Fe","sag":"IGN"},"bbox":[-61.51995503,-32.68300164,-61.51995503,-32.68300164]},{"type":"Feature","id":"estructuras_operativas_y_defensivas_090102.7114","geometry":{"type":"Point","coordinates":[-61.18523836,-33.37305851]},"geometry_name":"geom","properties":{"gid":7114,"entidad":0,"objeto":"Cuartel de bomberos","fna":"Bomberos Voluntarios de Bigand","gna":"Bomberos Voluntarios","nam":"de Bigand","fdc":"IGN/IDE Santa Fe","sag":"IGN"},"bbox":[-61.18523836,-33.37305851,-61.18523836,-33.37305851]},{"type":"Feature","id":"estructuras_operativas_y_defensivas_090102.7115","geometry":{"type":"Point","coordinates":[-60.76765481,-31.66810721]},"geometry_name":"geom","properties":{"gid":7115,"entidad":0,"objeto":"Cuartel de bomberos","fna":"Bomberos de Santo Tomé","gna":"Bomberos","nam":"de Santo Tomé","fdc":"IGN/IDE Santa Fe","sag":"IGN"},"bbox":[-60.76765481,-31.66810721,-60.76765481,-31.66810721]},{"type":"Feature","id":"estructuras_operativas_y_defensivas_090102.7116","geometry":{"type":"Point","coordinates":[-63.58795875,-35.23544246]},"geometry_name":"geom","properties":{"gid":7116,"entidad":0,"objeto":"Cuartel de bomberos","fna":"Bomberos Voluntarios de Intendente Alvear","gna":"Bomberos Voluntarios","nam":"de Intendente Alvear","fdc":"IGN/Consejo Nacional de Bomberos Voluntarios","sag":"IGN"},"bbox":[-63.58795875,-35.23544246,-63.58795875,-35.23544246]},{"type":"Feature","id":"estructuras_operativas_y_defensivas_090102.7117","geometry":{"type":"Point","coordinates":[-64.47185432,-35.38385368]},"geometry_name":"geom","properties":{"gid":7117,"entidad":0,"objeto":"Cuartel de bomberos","fna":"Bomberos Voluntarios de Ingeniero Luiggi","gna":"Bomberos Voluntarios","nam":"de Ingeniero Luiggi","fdc":"IGN/Consejo Nacional de Bomberos Voluntarios","sag":"IGN"},"bbox":[-64.47185432,-35.38385368,-64.47185432,-35.38385368]},{"type":"Feature","id":"estructuras_operativas_y_defensivas_090102.7118","geometry":{"type":"Point","coordinates":[-67.96217296,-46.80700047]},"geometry_name":"geom","properties":{"gid":7118,"entidad":0,"objeto":"Cuartel de bomberos","fna":"División Cuartel VI de Bomberos","gna":"División","nam":"Cuartel VI de Bomberos","fdc":"IGN/Policía de Santa Cruz","sag":"IGN"},"bbox":[-67.96217296,-46.80700047,-67.96217296,-46.80700047]},{"type":"Feature","id":"estructuras_operativas_y_defensivas_090102.7119","geometry":{"type":"Point","coordinates":[-67.53084467,-46.45241648]},"geometry_name":"geom","properties":{"gid":7119,"entidad":0,"objeto":"Cuartel de bomberos","fna":"División Cuartel XXVI de Bomberos - Inspector General R. Antonio Cipriano Manzoni","gna":"División","nam":"Cuartel XXVI de Bomberos - Inspector General R. Antonio Cipriano Manzoni","fdc":"IGN/Policía de Santa Cruz","sag":"IGN"},"bbox":[-67.53084467,-46.45241648,-67.53084467,-46.45241648]},{"type":"Feature","id":"estructuras_operativas_y_defensivas_090102.7120","geometry":{"type":"Point","coordinates":[-67.51522527,-46.43861844]},"geometry_name":"geom","properties":{"gid":7120,"entidad":0,"objeto":"Cuartel de bomberos","fna":"División Cuartel V de Bomberos Sargento Jorge Demián Ceballos","gna":"División","nam":"Cuartel V de Bomberos Sargento Jorge Demián Ceballos","fdc":"IGN/Policía de Santa Cruz","sag":"IGN"},"bbox":[-67.51522527,-46.43861844,-67.51522527,-46.43861844]},{"type":"Feature","id":"estructuras_operativas_y_defensivas_090102.7121","geometry":{"type":"Point","coordinates":[-68.33926219,-54.81819193]},"geometry_name":"geom","properties":{"gid":7121,"entidad":0,"objeto":"Cuartel de bomberos","fna":"Asociación Bomberos Voluntarios de Ushuaia Destacamento Soto","gna":"Asociación Bomberos Voluntarios","nam":"de Ushuaia Destacamento Soto","fdc":"IGN/Consejo Nacional de Bomberos Voluntarios","sag":"IGN"},"bbox":[-68.33926219,-54.81819193,-68.33926219,-54.81819193]},{"type":"Feature","id":"estructuras_operativas_y_defensivas_090102.7122","geometry":{"type":"Point","coordinates":[-68.27043525,-54.79069737]},"geometry_name":"geom","properties":{"gid":7122,"entidad":0,"objeto":"Cuartel de bomberos","fna":"Bomberos Voluntarios Zona Norte","gna":"Bomberos Voluntarios","nam":"Zona Norte","fdc":"IGN/Consejo Nacional de Bomberos Voluntarios","sag":"IGN"},"bbox":[-68.27043525,-54.79069737,-68.27043525,-54.79069737]},{"type":"Feature","id":"estructuras_operativas_y_defensivas_090102.7123","geometry":{"type":"Point","coordinates":[-67.19645371,-54.51698771]},"geometry_name":"geom","properties":{"gid":7123,"entidad":0,"objeto":"Cuartel de bomberos","fna":"Asociación Bomberos Voluntarios de Tolhuin","gna":"Asociación Bomberos Voluntarios","nam":"de Tolhuin","fdc":"IGN/Consejo Nacional de Bomberos Voluntarios","sag":"IGN"},"bbox":[-67.19645371,-54.51698771,-67.19645371,-54.51698771]},{"type":"Feature","id":"estructuras_operativas_y_defensivas_090102.7124","geometry":{"type":"Point","coordinates":[-68.23821904,-54.79174235]},"geometry_name":"geom","properties":{"gid":7124,"entidad":0,"objeto":"Cuartel de bomberos","fna":"Bomberos Voluntarios 2 de Abril","gna":"Bomberos Voluntarios","nam":"2 de Abril","fdc":"IGN/Consejo Nacional de Bomberos Voluntarios","sag":"IGN"},"bbox":[-68.23821904,-54.79174235,-68.23821904,-54.79174235]},{"type":"Feature","id":"estructuras_operativas_y_defensivas_090102.7125","geometry":{"type":"Point","coordinates":[-67.70419166,-53.79631306]},"geometry_name":"geom","properties":{"gid":7125,"entidad":0,"objeto":"Cuartel de bomberos","fna":"Bomberos Voluntarios de Río Grande","gna":"Bomberos Voluntarios","nam":"de Río Grande","fdc":"IGN/Consejo Nacional de Bomberos Voluntarios","sag":"IGN"},"bbox":[-67.70419166,-53.79631306,-67.70419166,-53.79631306]},{"type":"Feature","id":"estructuras_operativas_y_defensivas_090102.7126","geometry":{"type":"Point","coordinates":[-72.27914027,-50.34382412]},"geometry_name":"geom","properties":{"gid":7126,"entidad":0,"objeto":"Cuartel de bomberos","fna":"Bomberos Voluntarios de El Calafate","gna":"Bomberos Voluntarios","nam":"de El Calafate","fdc":"IGN/Consejo Nacional de Bomberos Voluntarios","sag":"IGN"},"bbox":[-72.27914027,-50.34382412,-72.27914027,-50.34382412]},{"type":"Feature","id":"estructuras_operativas_y_defensivas_090102.7127","geometry":{"type":"Point","coordinates":[-71.62676455,-46.54241151]},"geometry_name":"geom","properties":{"gid":7127,"entidad":0,"objeto":"Cuartel de bomberos","fna":"Bomberos Voluntarios de Los Antiguos","gna":"Bomberos Voluntarios","nam":"de Los Antiguos","fdc":"IGN/Consejo Nacional de Bomberos Voluntarios","sag":"IGN"},"bbox":[-71.62676455,-46.54241151,-71.62676455,-46.54241151]},{"type":"Feature","id":"estructuras_operativas_y_defensivas_090102.7128","geometry":{"type":"Point","coordinates":[-70.8185636,-45.04485262]},"geometry_name":"geom","properties":{"gid":7128,"entidad":0,"objeto":"Cuartel de bomberos","fna":"Bomberos Voluntarios de Alto Río Senguer","gna":"Bomberos Voluntarios","nam":"de Alto Río Senguer","fdc":"IGN/Consejo Nacional de Bomberos Voluntarios","sag":"IGN"},"bbox":[-70.8185636,-45.04485262,-70.8185636,-45.04485262]},{"type":"Feature","id":"estructuras_operativas_y_defensivas_090102.7129","geometry":{"type":"Point","coordinates":[-71.43359568,-42.50672067]},"geometry_name":"geom","properties":{"gid":7129,"entidad":0,"objeto":"Cuartel de bomberos","fna":"Bomberos Voluntarios de Cholila","gna":"Bomberos Voluntarios","nam":"de Cholila","fdc":"IGN/Consejo Nacional de Bomberos Voluntarios","sag":"IGN"},"bbox":[-71.43359568,-42.50672067,-71.43359568,-42.50672067]},{"type":"Feature","id":"estructuras_operativas_y_defensivas_090102.7130","geometry":{"type":"Point","coordinates":[-67.4888921,-45.8587719]},"geometry_name":"geom","properties":{"gid":7130,"entidad":0,"objeto":"Cuartel de bomberos","fna":"Asociación Bomberos Voluntarios de Comodoro Rivadavia - Cuartel Centro","gna":"Asociación Bomberos Voluntarios","nam":"de Comodoro Rivadavia - Cuartel Centro","fdc":"IGN/Consejo Nacional de Bomberos Voluntarios","sag":"IGN"},"bbox":[-67.4888921,-45.8587719,-67.4888921,-45.8587719]},{"type":"Feature","id":"estructuras_operativas_y_defensivas_090102.7131","geometry":{"type":"Point","coordinates":[-67.72016669,-53.77047613]},"geometry_name":"geom","properties":{"gid":7131,"entidad":0,"objeto":"Cuartel de bomberos","fna":"Bomberos Voluntarios de Río Grande - Combatientes de Malvinas","gna":"Bomberos Voluntarios","nam":"de Río Grande - Combatientes de Malvinas","fdc":"IGN/Consejo Nacional de Bomberos Voluntarios","sag":"IGN"},"bbox":[-67.72016669,-53.77047613,-67.72016669,-53.77047613]},{"type":"Feature","id":"estructuras_operativas_y_defensivas_090102.7132","geometry":{"type":"Point","coordinates":[-67.76428167,-53.78692775]},"geometry_name":"geom","properties":{"gid":7132,"entidad":0,"objeto":"Cuartel de bomberos","fna":"Bomberos Voluntarios de Río Grande","gna":"Bomberos Voluntarios","nam":"de Río Grande","fdc":"IGN/Consejo Nacional de Bomberos Voluntarios","sag":"IGN"},"bbox":[-67.76428167,-53.78692775,-67.76428167,-53.78692775]},{"type":"Feature","id":"estructuras_operativas_y_defensivas_090102.7133","geometry":{"type":"Point","coordinates":[-67.51552938,-45.86285731]},"geometry_name":"geom","properties":{"gid":7133,"entidad":0,"objeto":"Cuartel de bomberos","fna":"Asociación Bomberos Voluntarios de Comodoro Rivadavia - Destacamento Nº 1","gna":"Asociación Bomberos Voluntarios","nam":"de Comodoro Rivadavia - Destacamento Nº 1","fdc":"IGN/Consejo Nacional de Bomberos Voluntarios","sag":"IGN"},"bbox":[-67.51552938,-45.86285731,-67.51552938,-45.86285731]},{"type":"Feature","id":"estructuras_operativas_y_defensivas_090102.7134","geometry":{"type":"Point","coordinates":[-67.43854779,-45.79652069]},"geometry_name":"geom","properties":{"gid":7134,"entidad":0,"objeto":"Cuartel de bomberos","fna":"Bomberos Voluntarios de Comorodo Rivadavia - Destacamento 2 Malvinas Argentinas","gna":"Bomberos Voluntarios","nam":"de Comorodo Rivadavia - Destacamento 2 Malvinas Argentinas","fdc":"IGN/Consejo Nacional de Bomberos Voluntarios","sag":"IGN"},"bbox":[-67.43854779,-45.79652069,-67.43854779,-45.79652069]},{"type":"Feature","id":"estructuras_operativas_y_defensivas_090102.7135","geometry":{"type":"Point","coordinates":[-71.46890236,-43.53724384]},"geometry_name":"geom","properties":{"gid":7135,"entidad":0,"objeto":"Cuartel de bomberos","fna":"Bomberos Voluntarios de Corcovado","gna":"Bomberos Voluntarios","nam":"de Corcovado","fdc":"IGN/Consejo Nacional de Bomberos Voluntarios","sag":"IGN"},"bbox":[-71.46890236,-43.53724384,-71.46890236,-43.53724384]},{"type":"Feature","id":"estructuras_operativas_y_defensivas_090102.7136","geometry":{"type":"Point","coordinates":[-66.47214321,-43.6989141]},"geometry_name":"geom","properties":{"gid":7136,"entidad":0,"objeto":"Cuartel de bomberos","fna":"Bomberos Voluntarios de Dique Florentino Ameghino","gna":"Bomberos Voluntarios","nam":"de Dique Florentino Ameghino","fdc":"IGN/Consejo Nacional de Bomberos Voluntarios","sag":"IGN"},"bbox":[-66.47214321,-43.6989141,-66.47214321,-43.6989141]},{"type":"Feature","id":"estructuras_operativas_y_defensivas_090102.7137","geometry":{"type":"Point","coordinates":[-65.7125236,-43.30517754]},"geometry_name":"geom","properties":{"gid":7137,"entidad":0,"objeto":"Cuartel de bomberos","fna":"Asociación Bomberos Voluntarios de Dolavon","gna":"Asociación Bomberos Voluntarios","nam":"de Dolavon","fdc":"IGN/Consejo Nacional de Bomberos Voluntarios","sag":"IGN"},"bbox":[-65.7125236,-43.30517754,-65.7125236,-43.30517754]},{"type":"Feature","id":"estructuras_operativas_y_defensivas_090102.7138","geometry":{"type":"Point","coordinates":[-71.51820898,-42.06308476]},"geometry_name":"geom","properties":{"gid":7138,"entidad":0,"objeto":"Cuartel de bomberos","fna":"Asociación Bomberos Voluntarios de El Hoyo","gna":"Asociación Bomberos Voluntarios","nam":"de El Hoyo","fdc":"IGN/Consejo Nacional de Bomberos Voluntarios","sag":"IGN"},"bbox":[-71.51820898,-42.06308476,-71.51820898,-42.06308476]},{"type":"Feature","id":"estructuras_operativas_y_defensivas_090102.7139","geometry":{"type":"Point","coordinates":[-71.17186606,-42.0522736]},"geometry_name":"geom","properties":{"gid":7139,"entidad":0,"objeto":"Cuartel de bomberos","fna":"Bomberos Voluntarios de El Maitén","gna":"Bomberos Voluntarios","nam":"de El Maitén","fdc":"IGN/Consejo Nacional de Bomberos Voluntarios","sag":"IGN"},"bbox":[-71.17186606,-42.0522736,-71.17186606,-42.0522736]},{"type":"Feature","id":"estructuras_operativas_y_defensivas_090102.7140","geometry":{"type":"Point","coordinates":[-71.35641043,-42.22862141]},"geometry_name":"geom","properties":{"gid":7140,"entidad":0,"objeto":"Cuartel de bomberos","fna":"Bomberos Voluntarios de Epuyén","gna":"Bomberos Voluntarios","nam":"de Epuyén","fdc":"IGN/Consejo Nacional de Bomberos Voluntarios","sag":"IGN"},"bbox":[-71.35641043,-42.22862141,-71.35641043,-42.22862141]},{"type":"Feature","id":"estructuras_operativas_y_defensivas_090102.7141","geometry":{"type":"Point","coordinates":[-71.3240741,-42.9203622]},"geometry_name":"geom","properties":{"gid":7141,"entidad":0,"objeto":"Cuartel de bomberos","fna":"Bomberos Voluntarios de Esquel","gna":"Bomberos Voluntarios","nam":"de Esquel","fdc":"IGN/Consejo Nacional de Bomberos Voluntarios","sag":"IGN"},"bbox":[-71.3240741,-42.9203622,-71.3240741,-42.9203622]},{"type":"Feature","id":"estructuras_operativas_y_defensivas_090102.7142","geometry":{"type":"Point","coordinates":[-70.59400989,-44.04919964]},"geometry_name":"geom","properties":{"gid":7142,"entidad":0,"objeto":"Cuartel de bomberos","fna":"Bomberos Voluntarios de Gobernador Costa","gna":"Bomberos Voluntarios","nam":"de Gobernador Costa","fdc":"IGN/Consejo Nacional de Bomberos Voluntarios","sag":"IGN"},"bbox":[-70.59400989,-44.04919964,-70.59400989,-44.04919964]},{"type":"Feature","id":"estructuras_operativas_y_defensivas_090102.7143","geometry":{"type":"Point","coordinates":[-71.59807211,-42.06296329]},"geometry_name":"geom","properties":{"gid":7143,"entidad":0,"objeto":"Cuartel de bomberos","fna":"Bomberos Voluntarios de Lago Puelo","gna":"Bomberos Voluntarios","nam":"de Lago Puelo","fdc":"IGN/Consejo Nacional de Bomberos Voluntarios","sag":"IGN"},"bbox":[-71.59807211,-42.06296329,-71.59807211,-42.06296329]},{"type":"Feature","id":"estructuras_operativas_y_defensivas_090102.7144","geometry":{"type":"Point","coordinates":[-65.03622173,-42.7724227]},"geometry_name":"geom","properties":{"gid":7144,"entidad":0,"objeto":"Cuartel de bomberos","fna":"Asociación Bomberos Voluntarios de Puerto Madryn","gna":"Asociación Bomberos Voluntarios","nam":"de Puerto Madryn","fdc":"IGN/Consejo Nacional de Bomberos Voluntarios","sag":"IGN"},"bbox":[-65.03622173,-42.7724227,-65.03622173,-42.7724227]},{"type":"Feature","id":"estructuras_operativas_y_defensivas_090102.7145","geometry":{"type":"Point","coordinates":[-64.28073723,-42.57052463]},"geometry_name":"geom","properties":{"gid":7145,"entidad":0,"objeto":"Cuartel de bomberos","fna":"Bomberos Voluntarios de Puerto Pirámides","gna":"Bomberos Voluntarios","nam":"de Puerto Pirámides","fdc":"IGN/Consejo Nacional de Bomberos Voluntarios","sag":"IGN"},"bbox":[-64.28073723,-42.57052463,-64.28073723,-42.57052463]},{"type":"Feature","id":"estructuras_operativas_y_defensivas_090102.7146","geometry":{"type":"Point","coordinates":[-67.56078176,-45.93945037]},"geometry_name":"geom","properties":{"gid":7146,"entidad":0,"objeto":"Cuartel de bomberos","fna":"Asociación Bomberos Voluntarios de Rada Tilly","gna":"Asociación Bomberos Voluntarios","nam":"de Rada Tilly","fdc":"IGN/Consejo Nacional de Bomberos Voluntarios","sag":"IGN"},"bbox":[-67.56078176,-45.93945037,-67.56078176,-45.93945037]},{"type":"Feature","id":"estructuras_operativas_y_defensivas_090102.7147","geometry":{"type":"Point","coordinates":[-65.09989418,-43.30322887]},"geometry_name":"geom","properties":{"gid":7147,"entidad":0,"objeto":"Cuartel de bomberos","fna":"Bomberos Voluntarios de Rawson","gna":"Bomberos Voluntarios","nam":"de Rawson","fdc":"IGN/Consejo Nacional de Bomberos Voluntarios","sag":"IGN"},"bbox":[-65.09989418,-43.30322887,-65.09989418,-43.30322887]},{"type":"Feature","id":"estructuras_operativas_y_defensivas_090102.7148","geometry":{"type":"Point","coordinates":[-65.89629689,-47.75374344]},"geometry_name":"geom","properties":{"gid":7148,"entidad":0,"objeto":"Cuartel de bomberos","fna":"División Cuartel IV de Bomberos","gna":"División","nam":"Cuartel IV de Bomberos","fdc":"IGN/Policía de Santa Cruz","sag":"IGN"},"bbox":[-65.89629689,-47.75374344,-65.89629689,-47.75374344]},{"type":"Feature","id":"estructuras_operativas_y_defensivas_090102.7149","geometry":{"type":"Point","coordinates":[-65.88579162,-47.74412414]},"geometry_name":"geom","properties":{"gid":7149,"entidad":0,"objeto":"Cuartel de bomberos","fna":"División Cuartel XXII de Bomberos","gna":"División","nam":"Cuartel XXII de Bomberos","fdc":"IGN/Policía de Santa Cruz","sag":"IGN"},"bbox":[-65.88579162,-47.74412414,-65.88579162,-47.74412414]},{"type":"Feature","id":"estructuras_operativas_y_defensivas_090102.7150","geometry":{"type":"Point","coordinates":[-70.92504346,-46.58697796]},"geometry_name":"geom","properties":{"gid":7150,"entidad":0,"objeto":"Cuartel de bomberos","fna":"División Cuartel XXII de Bomberos","gna":"División","nam":"Cuartel XXII de Bomberos","fdc":"IGN/Policía de Santa Cruz","sag":"IGN"},"bbox":[-70.92504346,-46.58697796,-70.92504346,-46.58697796]},{"type":"Feature","id":"estructuras_operativas_y_defensivas_090102.7151","geometry":{"type":"Point","coordinates":[-71.6302641,-46.54572]},"geometry_name":"geom","properties":{"gid":7151,"entidad":0,"objeto":"Cuartel de bomberos","fna":"División Cuartel XIII de Bomberos","gna":"División","nam":"Cuartel XIII de Bomberos","fdc":"IGN/Policía de Santa Cruz","sag":"IGN"},"bbox":[-71.6302641,-46.54572,-71.6302641,-46.54572]},{"type":"Feature","id":"estructuras_operativas_y_defensivas_090102.7152","geometry":{"type":"Point","coordinates":[-68.93481505,-46.54109694]},"geometry_name":"geom","properties":{"gid":7152,"entidad":0,"objeto":"Cuartel de bomberos","fna":"División Cuartel XI de Bomberos","gna":"División","nam":"Cuartel XI de Bomberos","fdc":"IGN/Policía de Santa Cruz","sag":"IGN"},"bbox":[-68.93481505,-46.54109694,-68.93481505,-46.54109694]},{"type":"Feature","id":"estructuras_operativas_y_defensivas_090102.7153","geometry":{"type":"Point","coordinates":[-69.23858361,-51.62086366]},"geometry_name":"geom","properties":{"gid":7153,"entidad":0,"objeto":"Cuartel de bomberos","fna":"División Cuartel Central de Bomberos","gna":"División","nam":"Cuartel Central de Bomberos","fdc":"IGN/Policía de Santa Cruz","sag":"IGN"},"bbox":[-69.23858361,-51.62086366,-69.23858361,-51.62086366]},{"type":"Feature","id":"estructuras_operativas_y_defensivas_090102.7154","geometry":{"type":"Point","coordinates":[-69.21564188,-51.61417547]},"geometry_name":"geom","properties":{"gid":7154,"entidad":0,"objeto":"Cuartel de bomberos","fna":"División Cuartel I de Bomberos","gna":"División","nam":"Cuartel I de Bomberos","fdc":"IGN/Policía de Santa Cruz","sag":"IGN"},"bbox":[-69.21564188,-51.61417547,-69.21564188,-51.61417547]},{"type":"Feature","id":"estructuras_operativas_y_defensivas_090102.7155","geometry":{"type":"Point","coordinates":[-69.20875049,-51.63482813]},"geometry_name":"geom","properties":{"gid":7155,"entidad":0,"objeto":"Cuartel de bomberos","fna":"División Cuartel II de Bomberos","gna":"División","nam":"Cuartel II de Bomberos","fdc":"IGN/Policía de Santa Cruz","sag":"IGN"},"bbox":[-69.20875049,-51.63482813,-69.20875049,-51.63482813]},{"type":"Feature","id":"estructuras_operativas_y_defensivas_090102.7156","geometry":{"type":"Point","coordinates":[-69.23066668,-51.64244453]},"geometry_name":"geom","properties":{"gid":7156,"entidad":0,"objeto":"Cuartel de bomberos","fna":"División Cuartel XIX de Bomberos","gna":"División","nam":"Cuartel XIX de Bomberos","fdc":"IGN/Policía de Santa Cruz","sag":"IGN"},"bbox":[-69.23066668,-51.64244453,-69.23066668,-51.64244453]},{"type":"Feature","id":"estructuras_operativas_y_defensivas_090102.7157","geometry":{"type":"Point","coordinates":[-69.28243693,-51.65441168]},"geometry_name":"geom","properties":{"gid":7157,"entidad":0,"objeto":"Cuartel de bomberos","fna":"División Cuartel XXIV de Bomberos","gna":"División","nam":"Cuartel XXIV de Bomberos","fdc":"IGN/Policía de Santa Cruz","sag":"IGN"},"bbox":[-69.28243693,-51.65441168,-69.28243693,-51.65441168]},{"type":"Feature","id":"estructuras_operativas_y_defensivas_090102.7158","geometry":{"type":"Point","coordinates":[-72.25827655,-50.34304839]},"geometry_name":"geom","properties":{"gid":7158,"entidad":0,"objeto":"Cuartel de bomberos","fna":"División Cuartel VIII de Bomberos","gna":"División","nam":"Cuartel VIII de Bomberos","fdc":"IGN/Policía de Santa Cruz","sag":"IGN"},"bbox":[-72.25827655,-50.34304839,-72.25827655,-50.34304839]},{"type":"Feature","id":"estructuras_operativas_y_defensivas_090102.7159","geometry":{"type":"Point","coordinates":[-72.88845859,-49.32748395]},"geometry_name":"geom","properties":{"gid":7159,"entidad":0,"objeto":"Cuartel de bomberos","fna":"División Cuartel XVII de Bomberos","gna":"División","nam":"Cuartel XVII de Bomberos","fdc":"IGN/Policía de Santa Cruz","sag":"IGN"},"bbox":[-72.88845859,-49.32748395,-72.88845859,-49.32748395]},{"type":"Feature","id":"estructuras_operativas_y_defensivas_090102.7160","geometry":{"type":"Point","coordinates":[-72.33744952,-51.5376468]},"geometry_name":"geom","properties":{"gid":7160,"entidad":0,"objeto":"Cuartel de bomberos","fna":"División Cuartel IX de Bomberos","gna":"División","nam":"Cuartel IX de Bomberos","fdc":"IGN/Policía de Santa Cruz","sag":"IGN"},"bbox":[-72.33744952,-51.5376468,-72.33744952,-51.5376468]},{"type":"Feature","id":"estructuras_operativas_y_defensivas_090102.7161","geometry":{"type":"Point","coordinates":[-72.2128785,-51.57887469]},"geometry_name":"geom","properties":{"gid":7161,"entidad":0,"objeto":"Cuartel de bomberos","fna":"División Cuartel XIV de Bomberos","gna":"División","nam":"Cuartel XIV de Bomberos","fdc":"IGN/Policía de Santa Cruz","sag":"IGN"},"bbox":[-72.2128785,-51.57887469,-72.2128785,-51.57887469]},{"type":"Feature","id":"estructuras_operativas_y_defensivas_090102.7162","geometry":{"type":"Point","coordinates":[-68.92018123,-49.98336358]},"geometry_name":"geom","properties":{"gid":7162,"entidad":0,"objeto":"Cuartel de bomberos","fna":"División Cuartel XV de Bomberos","gna":"División","nam":"Cuartel XV de Bomberos","fdc":"IGN/Policía de Santa Cruz","sag":"IGN"},"bbox":[-68.92018123,-49.98336358,-68.92018123,-49.98336358]},{"type":"Feature","id":"estructuras_operativas_y_defensivas_090102.7163","geometry":{"type":"Point","coordinates":[-67.72529629,-49.30819401]},"geometry_name":"geom","properties":{"gid":7163,"entidad":0,"objeto":"Cuartel de bomberos","fna":"División Cuartel III de Bomberos","gna":"División","nam":"Cuartel III de Bomberos","fdc":"IGN/Policía de Santa Cruz","sag":"IGN"},"bbox":[-67.72529629,-49.30819401,-67.72529629,-49.30819401]},{"type":"Feature","id":"estructuras_operativas_y_defensivas_090102.7164","geometry":{"type":"Point","coordinates":[-68.52106937,-50.01953934]},"geometry_name":"geom","properties":{"gid":7164,"entidad":0,"objeto":"Cuartel de bomberos","fna":"Unidad de Bomberos 7","gna":"Unidad de Bomberos","nam":"7","fdc":"IGN/Policía de Santa Cruz","sag":"IGN"},"bbox":[-68.52106937,-50.01953934,-68.52106937,-50.01953934]},{"type":"Feature","id":"estructuras_operativas_y_defensivas_090102.7165","geometry":{"type":"Point","coordinates":[-70.24255749,-48.75207662]},"geometry_name":"geom","properties":{"gid":7165,"entidad":0,"objeto":"Cuartel de bomberos","fna":"División Cuartel X de Bomberos","gna":"División","nam":"Cuartel X de Bomberos","fdc":"IGN/Policía de Santa Cruz","sag":"IGN"},"bbox":[-70.24255749,-48.75207662,-70.24255749,-48.75207662]},{"type":"Feature","id":"estructuras_operativas_y_defensivas_090102.7166","geometry":{"type":"Point","coordinates":[-71.44596306,-49.59780007]},"geometry_name":"geom","properties":{"gid":7166,"entidad":0,"objeto":"Cuartel de bomberos","fna":"Unidad de Bomberos Nº 20","gna":"Unidad de Bomberos","nam":"Nº 20","fdc":"IGN/Policía de Santa Cruz","sag":"IGN"},"bbox":[-71.44596306,-49.59780007,-71.44596306,-49.59780007]},{"type":"Feature","id":"estructuras_operativas_y_defensivas_090102.7167","geometry":{"type":"Point","coordinates":[-70.25664251,-45.68872112]},"geometry_name":"geom","properties":{"gid":7167,"entidad":0,"objeto":"Cuartel de bomberos","fna":"Bomberos Voluntarios de Río Mayo","gna":"Bomberos Voluntarios","nam":"de Río Mayo","fdc":"IGN/Consejo Nacional de Bomberos Voluntarios","sag":"IGN"},"bbox":[-70.25664251,-45.68872112,-70.25664251,-45.68872112]},{"type":"Feature","id":"estructuras_operativas_y_defensivas_090102.7168","geometry":{"type":"Point","coordinates":[-69.06524006,-45.58570648]},"geometry_name":"geom","properties":{"gid":7168,"entidad":0,"objeto":"Cuartel de bomberos","fna":"Bomberos Voluntarios de Sarmiento","gna":"Bomberos Voluntarios","nam":"de Sarmiento","fdc":"IGN/Consejo Nacional de Bomberos Voluntarios","sag":"IGN"},"bbox":[-69.06524006,-45.58570648,-69.06524006,-45.58570648]},{"type":"Feature","id":"estructuras_operativas_y_defensivas_090102.7169","geometry":{"type":"Point","coordinates":[-70.80753237,-43.49284483]},"geometry_name":"geom","properties":{"gid":7169,"entidad":0,"objeto":"Cuartel de bomberos","fna":"Bomberos Voluntarios de Tecka","gna":"Bomberos Voluntarios","nam":"de Tecka","fdc":"IGN/Consejo Nacional de Bomberos Voluntarios","sag":"IGN"},"bbox":[-70.80753237,-43.49284483,-70.80753237,-43.49284483]},{"type":"Feature","id":"estructuras_operativas_y_defensivas_090102.7170","geometry":{"type":"Point","coordinates":[-65.32565209,-43.25616091]},"geometry_name":"geom","properties":{"gid":7170,"entidad":0,"objeto":"Cuartel de bomberos","fna":"Bomberos Voluntarios de Trelew","gna":"Bomberos Voluntarios","nam":"de Trelew","fdc":"IGN/Consejo Nacional de Bomberos Voluntarios","sag":"IGN"},"bbox":[-65.32565209,-43.25616091,-65.32565209,-43.25616091]},{"type":"Feature","id":"estructuras_operativas_y_defensivas_090102.7171","geometry":{"type":"Point","coordinates":[-71.46154738,-43.07784347]},"geometry_name":"geom","properties":{"gid":7171,"entidad":0,"objeto":"Cuartel de bomberos","fna":"Asociación Bomberos Voluntarios de Trevelin","gna":"Asociación Bomberos Voluntarios","nam":"de Trevelin","fdc":"IGN/Consejo Nacional de Bomberos Voluntarios","sag":"IGN"},"bbox":[-71.46154738,-43.07784347,-71.46154738,-43.07784347]},{"type":"Feature","id":"estructuras_operativas_y_defensivas_090102.7172","geometry":{"type":"Point","coordinates":[-62.99450603,-40.81369101]},"geometry_name":"geom","properties":{"gid":7172,"entidad":0,"objeto":"Cuartel de bomberos","fna":"Cuerpo de Bomberos de Viedma","gna":"Cuerpo de Bomberos","nam":"de Viedma","fdc":"IGN/Consejo Nacional de Bomberos Voluntarios","sag":"IGN"},"bbox":[-62.99450603,-40.81369101,-62.99450603,-40.81369101]},{"type":"Feature","id":"estructuras_operativas_y_defensivas_090102.7173","geometry":{"type":"Point","coordinates":[-67.79280138,-37.87656959]},"geometry_name":"geom","properties":{"gid":7173,"entidad":0,"objeto":"Cuartel de bomberos","fna":"Asociación Bomberos Voluntarios de Catriel","gna":"Asociación Bomberos Voluntarios","nam":"de Catriel","fdc":"IGN/Consejo Nacional de Bomberos Voluntarios","sag":"IGN"},"bbox":[-67.79280138,-37.87656959,-67.79280138,-37.87656959]},{"type":"Feature","id":"estructuras_operativas_y_defensivas_090102.7174","geometry":{"type":"Point","coordinates":[-67.38927895,-39.05193665]},"geometry_name":"geom","properties":{"gid":7174,"entidad":0,"objeto":"Cuartel de bomberos","fna":"Bomberos Voluntarios de Cervantes","gna":"Bomberos Voluntarios","nam":"de Cervantes","fdc":"IGN/Consejo Nacional de Bomberos Voluntarios","sag":"IGN"},"bbox":[-67.38927895,-39.05193665,-67.38927895,-39.05193665]},{"type":"Feature","id":"estructuras_operativas_y_defensivas_090102.7175","geometry":{"type":"Point","coordinates":[-66.94127741,-39.11458552]},"geometry_name":"geom","properties":{"gid":7175,"entidad":0,"objeto":"Cuartel de bomberos","fna":"Bomberos Voluntarios de Chichinales","gna":"Bomberos Voluntarios","nam":"de Chichinales","fdc":"IGN/Consejo Nacional de Bomberos Voluntarios","sag":"IGN"},"bbox":[-66.94127741,-39.11458552,-66.94127741,-39.11458552]},{"type":"Feature","id":"estructuras_operativas_y_defensivas_090102.7176","geometry":{"type":"Point","coordinates":[-66.14913963,-39.1657009]},"geometry_name":"geom","properties":{"gid":7176,"entidad":0,"objeto":"Cuartel de bomberos","fna":"Bomberos Voluntarios de Chimpay","gna":"Bomberos Voluntarios","nam":"de Chimpay","fdc":"IGN/Consejo Nacional de Bomberos Voluntarios","sag":"IGN"},"bbox":[-66.14913963,-39.1657009,-66.14913963,-39.1657009]},{"type":"Feature","id":"estructuras_operativas_y_defensivas_090102.7177","geometry":{"type":"Point","coordinates":[-65.65815824,-39.29839287]},"geometry_name":"geom","properties":{"gid":7177,"entidad":0,"objeto":"Cuartel de bomberos","fna":"Bomberos Voluntarios de Choele Choel","gna":"Bomberos Voluntarios","nam":"de Choele Choel","fdc":"IGN/Consejo Nacional de Bomberos Voluntarios","sag":"IGN"},"bbox":[-65.65815824,-39.29839287,-65.65815824,-39.29839287]},{"type":"Feature","id":"estructuras_operativas_y_defensivas_090102.7178","geometry":{"type":"Point","coordinates":[-71.5377293,-41.96975686]},"geometry_name":"geom","properties":{"gid":7178,"entidad":0,"objeto":"Cuartel de bomberos","fna":"Bomberos Voluntarios de El Bolsón","gna":"Bomberos Voluntarios","nam":"de El Bolsón","fdc":"IGN/Consejo Nacional de Bomberos Voluntarios","sag":"IGN"},"bbox":[-71.5377293,-41.96975686,-71.5377293,-41.96975686]},{"type":"Feature","id":"estructuras_operativas_y_defensivas_090102.7179","geometry":{"type":"Point","coordinates":[-64.4569449,-40.1087523]},"geometry_name":"geom","properties":{"gid":7179,"entidad":0,"objeto":"Cuartel de bomberos","fna":"Bomberos Voluntarios de General Conesa","gna":"Bomberos Voluntarios","nam":"de General Conesa","fdc":"IGN/Consejo Nacional de Bomberos Voluntarios","sag":"IGN"},"bbox":[-64.4569449,-40.1087523,-64.4569449,-40.1087523]},{"type":"Feature","id":"estructuras_operativas_y_defensivas_090102.7180","geometry":{"type":"Point","coordinates":[-67.15382341,-39.07680798]},"geometry_name":"geom","properties":{"gid":7180,"entidad":0,"objeto":"Cuartel de bomberos","fna":"Bomberos Voluntarios de General Enrique Godoy","gna":"Bomberos Voluntarios","nam":"de General Enrique Godoy","fdc":"IGN/Consejo Nacional de Bomberos Voluntarios","sag":"IGN"},"bbox":[-67.15382341,-39.07680798,-67.15382341,-39.07680798]},{"type":"Feature","id":"estructuras_operativas_y_defensivas_090102.7181","geometry":{"type":"Point","coordinates":[-67.24784605,-39.0683792]},"geometry_name":"geom","properties":{"gid":7181,"entidad":0,"objeto":"Cuartel de bomberos","fna":"Bomberos Voluntarios de Ingeniero Huergo","gna":"Bomberos Voluntarios","nam":"de Ingeniero Huergo","fdc":"IGN/Consejo Nacional de Bomberos Voluntarios","sag":"IGN"},"bbox":[-67.24784605,-39.0683792,-67.24784605,-39.0683792]},{"type":"Feature","id":"estructuras_operativas_y_defensivas_090102.7182","geometry":{"type":"Point","coordinates":[-69.55158954,-41.33392606]},"geometry_name":"geom","properties":{"gid":7182,"entidad":0,"objeto":"Cuartel de bomberos","fna":"Cuartel de Bomberos Voluntarios de Ingenerio Jacobacci - Carmelo Mansilla","gna":"Cuartel de Bomberos Voluntarios","nam":"de Ingenerio Jacobacci - Carmelo Mansilla","fdc":"IGN","sag":"IGN"},"bbox":[-69.55158954,-41.33392606,-69.55158954,-41.33392606]},{"type":"Feature","id":"estructuras_operativas_y_defensivas_090102.7183","geometry":{"type":"Point","coordinates":[-65.70842006,-39.42350599]},"geometry_name":"geom","properties":{"gid":7183,"entidad":0,"objeto":"Cuartel de bomberos","fna":"Bomberos Voluntarios de Lamarque","gna":"Bomberos Voluntarios","nam":"de Lamarque","fdc":"IGN/Consejo Nacional de Bomberos Voluntarios","sag":"IGN"},"bbox":[-65.70842006,-39.42350599,-65.70842006,-39.42350599]},{"type":"Feature","id":"estructuras_operativas_y_defensivas_090102.7184","geometry":{"type":"Point","coordinates":[-65.08181205,-40.80020665]},"geometry_name":"geom","properties":{"gid":7184,"entidad":0,"objeto":"Cuartel de bomberos","fna":"Bomberos Voluntarios de Las Grutas","gna":"Bomberos Voluntarios","nam":"de Las Grutas","fdc":"IGN/Consejo Nacional de Bomberos Voluntarios","sag":"IGN"},"bbox":[-65.08181205,-40.80020665,-65.08181205,-40.80020665]},{"type":"Feature","id":"estructuras_operativas_y_defensivas_090102.7185","geometry":{"type":"Point","coordinates":[-68.08502847,-40.83874148]},"geometry_name":"geom","properties":{"gid":7185,"entidad":0,"objeto":"Cuartel de bomberos","fna":"Bomberos Voluntarios de Los Menucos","gna":"Bomberos Voluntarios","nam":"de Los Menucos","fdc":"IGN/Consejo Nacional de Bomberos Voluntarios","sag":"IGN"},"bbox":[-68.08502847,-40.83874148,-68.08502847,-40.83874148]},{"type":"Feature","id":"estructuras_operativas_y_defensivas_090102.7186","geometry":{"type":"Point","coordinates":[-65.76600658,-39.31390588]},"geometry_name":"geom","properties":{"gid":7186,"entidad":0,"objeto":"Cuartel de bomberos","fna":"Bomberos Voluntarios de Luis Beltrán","gna":"Bomberos Voluntarios","nam":"de Luis Beltrán","fdc":"IGN/Consejo Nacional de Bomberos Voluntarios","sag":"IGN"},"bbox":[-65.76600658,-39.31390588,-65.76600658,-39.31390588]},{"type":"Feature","id":"estructuras_operativas_y_defensivas_090102.7187","geometry":{"type":"Point","coordinates":[-67.30565335,-39.06333993]},"geometry_name":"geom","properties":{"gid":7187,"entidad":0,"objeto":"Cuartel de bomberos","fna":"Bomberos Voluntarios de Mainqué","gna":"Bomberos Voluntarios","nam":"de Mainqué","fdc":"IGN/Consejo Nacional de Bomberos Voluntarios","sag":"IGN"},"bbox":[-67.30565335,-39.06333993,-67.30565335,-39.06333993]},{"type":"Feature","id":"estructuras_operativas_y_defensivas_090102.7188","geometry":{"type":"Point","coordinates":[-64.09022548,-38.99239289]},"geometry_name":"geom","properties":{"gid":7188,"entidad":0,"objeto":"Cuartel de bomberos","fna":"Bomberos Voluntarios de Río Colorado","gna":"Bomberos Voluntarios","nam":"de Río Colorado","fdc":"IGN/Consejo Nacional de Bomberos Voluntarios","sag":"IGN"},"bbox":[-64.09022548,-38.99239289,-64.09022548,-38.99239289]},{"type":"Feature","id":"estructuras_operativas_y_defensivas_090102.7189","geometry":{"type":"Point","coordinates":[-64.97250241,-40.73086724]},"geometry_name":"geom","properties":{"gid":7189,"entidad":0,"objeto":"Cuartel de bomberos","fna":"Bomberos Voluntarios de San Antonio Oeste - Marcos Fabián Guzmán","gna":"Bomberos Voluntarios","nam":"de San Antonio Oeste - Marcos Fabián Guzmán","fdc":"IGN/Consejo Nacional de Bomberos Voluntarios","sag":"IGN"},"bbox":[-64.97250241,-40.73086724,-64.97250241,-40.73086724]},{"type":"Feature","id":"estructuras_operativas_y_defensivas_090102.7190","geometry":{"type":"Point","coordinates":[-67.75544205,-40.58348306]},"geometry_name":"geom","properties":{"gid":7190,"entidad":0,"objeto":"Cuartel de bomberos","fna":"Bomberos Voluntarios de Sierra Colorada","gna":"Bomberos Voluntarios","nam":"de Sierra Colorada","fdc":"IGN/Consejo Nacional de Bomberos Voluntarios","sag":"IGN"},"bbox":[-67.75544205,-40.58348306,-67.75544205,-40.58348306]},{"type":"Feature","id":"estructuras_operativas_y_defensivas_090102.7191","geometry":{"type":"Point","coordinates":[-65.35152529,-41.6021135]},"geometry_name":"geom","properties":{"gid":7191,"entidad":0,"objeto":"Cuartel de bomberos","fna":"Asociación Bomberos Voluntarios de Sierra Grande","gna":"Asociación Bomberos Voluntarios","nam":"de Sierra Grande","fdc":"IGN/Consejo Nacional de Bomberos Voluntarios","sag":"IGN"},"bbox":[-65.35152529,-41.6021135,-65.35152529,-41.6021135]},{"type":"Feature","id":"estructuras_operativas_y_defensivas_090102.7192","geometry":{"type":"Point","coordinates":[-66.16173214,-40.68046603]},"geometry_name":"geom","properties":{"gid":7192,"entidad":0,"objeto":"Cuartel de bomberos","fna":"Bomberos Voluntarios de Valcheta - Suboficial Principal Feliciano Vidal","gna":"Bomberos Voluntarios","nam":"de Valcheta - Suboficial Principal Feliciano Vidal","fdc":"IGN/Consejo Nacional de Bomberos Voluntarios","sag":"IGN"},"bbox":[-66.16173214,-40.68046603,-66.16173214,-40.68046603]},{"type":"Feature","id":"estructuras_operativas_y_defensivas_090102.7193","geometry":{"type":"Point","coordinates":[-67.08457279,-39.09935368]},"geometry_name":"geom","properties":{"gid":7193,"entidad":0,"objeto":"Cuartel de bomberos","fna":"Asociación Bomberos Voluntarios de Villa Regina Antonio Carmelo Pirri","gna":"Asociación Bomberos Voluntarios","nam":"de Villa Regina Antonio Carmelo Pirri","fdc":"IGN/Consejo Nacional de Bomberos Voluntarios","sag":"IGN"},"bbox":[-67.08457279,-39.09935368,-67.08457279,-39.09935368]},{"type":"Feature","id":"estructuras_operativas_y_defensivas_090102.7194","geometry":{"type":"Point","coordinates":[-63.77335882,-37.37551942]},"geometry_name":"geom","properties":{"gid":7194,"entidad":0,"objeto":"Cuartel de bomberos","fna":"Bomberos Voluntarios de Alpachiri","gna":"Bomberos Voluntarios","nam":"de Alpachiri","fdc":"IGN/Consejo Nacional de Bomberos Voluntarios","sag":"IGN"},"bbox":[-63.77335882,-37.37551942,-63.77335882,-37.37551942]},{"type":"Feature","id":"estructuras_operativas_y_defensivas_090102.7195","geometry":{"type":"Point","coordinates":[-63.57911719,-35.02484814]},"geometry_name":"geom","properties":{"gid":7195,"entidad":0,"objeto":"Cuartel de bomberos","fna":"Bomberos Voluntarios de Bernardo Larroude","gna":"Bomberos Voluntarios","nam":"de Bernardo Larroude","fdc":"IGN/Consejo Nacional de Bomberos Voluntarios","sag":"IGN"},"bbox":[-63.57911719,-35.02484814,-63.57911719,-35.02484814]},{"type":"Feature","id":"estructuras_operativas_y_defensivas_090102.7196","geometry":{"type":"Point","coordinates":[-63.74440305,-37.89974834]},"geometry_name":"geom","properties":{"gid":7196,"entidad":0,"objeto":"Cuartel de bomberos","fna":"Bomberos Voluntarios de Bernasconi","gna":"Bomberos Voluntarios","nam":"de Bernasconi","fdc":"IGN/Consejo Nacional de Bomberos Voluntarios","sag":"IGN"},"bbox":[-63.74440305,-37.89974834,-63.74440305,-37.89974834]},{"type":"Feature","id":"estructuras_operativas_y_defensivas_090102.7197","geometry":{"type":"Point","coordinates":[-64.56273419,-35.59376676]},"geometry_name":"geom","properties":{"gid":7197,"entidad":0,"objeto":"Cuartel de bomberos","fna":"Bomberos Voluntarios de Caleufu","gna":"Bomberos Voluntarios","nam":"de Caleufu","fdc":"IGN/Consejo Nacional de Bomberos Voluntarios","sag":"IGN"},"bbox":[-64.56273419,-35.59376676,-64.56273419,-35.59376676]},{"type":"Feature","id":"estructuras_operativas_y_defensivas_090102.7198","geometry":{"type":"Point","coordinates":[-63.42260925,-36.40799408]},"geometry_name":"geom","properties":{"gid":7198,"entidad":0,"objeto":"Cuartel de bomberos","fna":"Bomberos Voluntarios de Catriló","gna":"Bomberos Voluntarios","nam":"de Catriló","fdc":"IGN/Consejo Nacional de Bomberos Voluntarios","sag":"IGN"},"bbox":[-63.42260925,-36.40799408,-63.42260925,-36.40799408]},{"type":"Feature","id":"estructuras_operativas_y_defensivas_090102.7199","geometry":{"type":"Point","coordinates":[-63.85159558,-36.15176051]},"geometry_name":"geom","properties":{"gid":7199,"entidad":0,"objeto":"Cuartel de bomberos","fna":"Bomberos Voluntarios de Colonia Barón","gna":"Bomberos Voluntarios","nam":"de Colonia Barón","fdc":"IGN/Consejo Nacional de Bomberos Voluntarios","sag":"IGN"},"bbox":[-63.85159558,-36.15176051,-63.85159558,-36.15176051]},{"type":"Feature","id":"estructuras_operativas_y_defensivas_090102.7200","geometry":{"type":"Point","coordinates":[-64.27966889,-35.38928656]},"geometry_name":"geom","properties":{"gid":7200,"entidad":0,"objeto":"Cuartel de bomberos","fna":"Bomberos Voluntarios de Embajador Martini","gna":"Bomberos Voluntarios","nam":"de Embajador Martini","fdc":"IGN/Consejo Nacional de Bomberos Voluntarios","sag":"IGN"},"bbox":[-64.27966889,-35.38928656,-64.27966889,-35.38928656]},{"type":"Feature","id":"estructuras_operativas_y_defensivas_090102.7201","geometry":{"type":"Point","coordinates":[-64.59886136,-37.3781468]},"geometry_name":"geom","properties":{"gid":7201,"entidad":0,"objeto":"Cuartel de bomberos","fna":"Bomberos Voluntarios de General Acha","gna":"Bomberos Voluntarios","nam":"de General Acha","fdc":"IGN/Consejo Nacional de Bomberos Voluntarios","sag":"IGN"},"bbox":[-64.59886136,-37.3781468,-64.59886136,-37.3781468]},{"type":"Feature","id":"estructuras_operativas_y_defensivas_090102.7202","geometry":{"type":"Point","coordinates":[-63.76214518,-35.66922827]},"geometry_name":"geom","properties":{"gid":7202,"entidad":0,"objeto":"Cuartel de bomberos","fna":"Bomberos Voluntarios de General Pico","gna":"Bomberos Voluntarios","nam":"de General Pico","fdc":"IGN/Consejo Nacional de Bomberos Voluntarios","sag":"IGN"},"bbox":[-63.76214518,-35.66922827,-63.76214518,-35.66922827]},{"type":"Feature","id":"estructuras_operativas_y_defensivas_090102.7203","geometry":{"type":"Point","coordinates":[-63.60154473,-37.97959973]},"geometry_name":"geom","properties":{"gid":7203,"entidad":0,"objeto":"Cuartel de bomberos","fna":"Bomberos Voluntarios de General San Martín","gna":"Bomberos Voluntarios","nam":"de General San Martín","fdc":"IGN/Consejo Nacional de Bomberos Voluntarios","sag":"IGN"},"bbox":[-63.60154473,-37.97959973,-63.60154473,-37.97959973]},{"type":"Feature","id":"estructuras_operativas_y_defensivas_090102.7204","geometry":{"type":"Point","coordinates":[-63.53389102,-37.66658612]},"geometry_name":"geom","properties":{"gid":7204,"entidad":0,"objeto":"Cuartel de bomberos","fna":"Bomberos Voluntarios de Guatraché","gna":"Bomberos Voluntarios","nam":"de Guatraché","fdc":"IGN/Consejo Nacional de Bomberos Voluntarios","sag":"IGN"},"bbox":[-63.53389102,-37.66658612,-63.53389102,-37.66658612]},{"type":"Feature","id":"estructuras_operativas_y_defensivas_090102.7205","geometry":{"type":"Point","coordinates":[-63.42778321,-38.08837092]},"geometry_name":"geom","properties":{"gid":7205,"entidad":0,"objeto":"Cuartel de bomberos","fna":"Bomberos Voluntarios de Jacinto Aráuz","gna":"Bomberos Voluntarios","nam":"de Jacinto Aráuz","fdc":"IGN/Consejo Nacional de Bomberos Voluntarios","sag":"IGN"},"bbox":[-63.42778321,-38.08837092,-63.42778321,-38.08837092]},{"type":"Feature","id":"estructuras_operativas_y_defensivas_090102.7206","geometry":{"type":"Point","coordinates":[-64.08642533,-38.98699828]},"geometry_name":"geom","properties":{"gid":7206,"entidad":0,"objeto":"Cuartel de bomberos","fna":"Bomberos Voluntarios de La Adela","gna":"Bomberos Voluntarios","nam":"de La Adela","fdc":"IGN/Consejo Nacional de Bomberos Voluntarios","sag":"IGN"},"bbox":[-64.08642533,-38.98699828,-64.08642533,-38.98699828]},{"type":"Feature","id":"estructuras_operativas_y_defensivas_090102.7207","geometry":{"type":"Point","coordinates":[-63.62440067,-36.46730091]},"geometry_name":"geom","properties":{"gid":7207,"entidad":0,"objeto":"Cuartel de bomberos","fna":"Bomberos Voluntarios de Lonquimay","gna":"Bomberos Voluntarios","nam":"de Lonquimay","fdc":"IGN/Consejo Nacional de Bomberos Voluntarios","sag":"IGN"},"bbox":[-63.62440067,-36.46730091,-63.62440067,-36.46730091]},{"type":"Feature","id":"estructuras_operativas_y_defensivas_090102.7208","geometry":{"type":"Point","coordinates":[-63.66232414,-37.13912721]},"geometry_name":"geom","properties":{"gid":7208,"entidad":0,"objeto":"Cuartel de bomberos","fna":"Bomberos Voluntarios de Macachín","gna":"Bomberos Voluntarios","nam":"de Macachín","fdc":"IGN/Consejo Nacional de Bomberos Voluntarios","sag":"IGN"},"bbox":[-63.66232414,-37.13912721,-63.66232414,-37.13912721]},{"type":"Feature","id":"estructuras_operativas_y_defensivas_090102.7209","geometry":{"type":"Point","coordinates":[-63.51183436,-36.15846258]},"geometry_name":"geom","properties":{"gid":7209,"entidad":0,"objeto":"Cuartel de bomberos","fna":"Bomberos Voluntarios de Miguel Cané","gna":"Bomberos Voluntarios","nam":"de Miguel Cané","fdc":"IGN/Consejo Nacional de Bomberos Voluntarios","sag":"IGN"},"bbox":[-63.51183436,-36.15846258,-63.51183436,-36.15846258]},{"type":"Feature","id":"estructuras_operativas_y_defensivas_090102.7210","geometry":{"type":"Point","coordinates":[-63.56770685,-36.05998625]},"geometry_name":"geom","properties":{"gid":7210,"entidad":0,"objeto":"Cuartel de bomberos","fna":"Bomberos Voluntarios de Quemú Quemú","gna":"Bomberos Voluntarios","nam":"de Quemú Quemú","fdc":"IGN/Consejo Nacional de Bomberos Voluntarios","sag":"IGN"},"bbox":[-63.56770685,-36.05998625,-63.56770685,-36.05998625]},{"type":"Feature","id":"estructuras_operativas_y_defensivas_090102.7211","geometry":{"type":"Point","coordinates":[-64.68497452,-35.07091698]},"geometry_name":"geom","properties":{"gid":7211,"entidad":0,"objeto":"Cuartel de bomberos","fna":"Bomberos Voluntarios de Rancul","gna":"Bomberos Voluntarios","nam":"de Rancul","fdc":"IGN/Consejo Nacional de Bomberos Voluntarios","sag":"IGN"},"bbox":[-64.68497452,-35.07091698,-64.68497452,-35.07091698]},{"type":"Feature","id":"estructuras_operativas_y_defensivas_090102.7212","geometry":{"type":"Point","coordinates":[-64.24677647,-35.04214463]},"geometry_name":"geom","properties":{"gid":7212,"entidad":0,"objeto":"Cuartel de bomberos","fna":"Bomberos Voluntarios de Realicó","gna":"Bomberos Voluntarios","nam":"de Realicó","fdc":"IGN/Consejo Nacional de Bomberos Voluntarios","sag":"IGN"},"bbox":[-64.24677647,-35.04214463,-64.24677647,-35.04214463]},{"type":"Feature","id":"estructuras_operativas_y_defensivas_090102.7213","geometry":{"type":"Point","coordinates":[-64.38684844,-36.67894104]},"geometry_name":"geom","properties":{"gid":7213,"entidad":0,"objeto":"Cuartel de bomberos","fna":"Bomberos Voluntarios de Toay","gna":"Bomberos Voluntarios","nam":"de Toay","fdc":"IGN/Consejo Nacional de Bomberos Voluntarios","sag":"IGN"},"bbox":[-64.38684844,-36.67894104,-64.38684844,-36.67894104]},{"type":"Feature","id":"estructuras_operativas_y_defensivas_090102.7214","geometry":{"type":"Point","coordinates":[-65.44125293,-36.21431242]},"geometry_name":"geom","properties":{"gid":7214,"entidad":0,"objeto":"Cuartel de bomberos","fna":"Bomberos Voluntarios de Victorica","gna":"Bomberos Voluntarios","nam":"de Victorica","fdc":"IGN/Consejo Nacional de Bomberos Voluntarios","sag":"IGN"},"bbox":[-65.44125293,-36.21431242,-65.44125293,-36.21431242]},{"type":"Feature","id":"estructuras_operativas_y_defensivas_090102.7215","geometry":{"type":"Point","coordinates":[-64.2276466,-36.22868738]},"geometry_name":"geom","properties":{"gid":7215,"entidad":0,"objeto":"Cuartel de bomberos","fna":"Bomberos Voluntarios de Winifreda","gna":"Bomberos Voluntarios","nam":"de Winifreda","fdc":"IGN/Consejo Nacional de Bomberos Voluntarios","sag":"IGN"},"bbox":[-64.2276466,-36.22868738,-64.2276466,-36.22868738]},{"type":"Feature","id":"estructuras_operativas_y_defensivas_090102.7216","geometry":{"type":"Point","coordinates":[-64.29481274,-36.62798914]},"geometry_name":"geom","properties":{"gid":7216,"entidad":0,"objeto":"Cuartel de bomberos","fna":"Cuartel de Bomberos de la Policía de La Pampa","gna":"Cuartel de Bomberos","nam":"de la Policía de La Pampa","fdc":"IGN","sag":"IGN"},"bbox":[-64.29481274,-36.62798914,-64.29481274,-36.62798914]},{"type":"Feature","id":"estructuras_operativas_y_defensivas_090102.7217","geometry":{"type":"Point","coordinates":[-67.50686554,-34.99584824]},"geometry_name":"geom","properties":{"gid":7217,"entidad":0,"objeto":"Cuartel de bomberos","fna":"Bomberos Voluntarios de Bowen","gna":"Bomberos Voluntarios","nam":"de Bowen","fdc":"IGN/Consejo Nacional de Bomberos Voluntarios","sag":"IGN"},"bbox":[-67.50686554,-34.99584824,-67.50686554,-34.99584824]},{"type":"Feature","id":"estructuras_operativas_y_defensivas_090102.7218","geometry":{"type":"Point","coordinates":[-68.77368861,-32.91239383]},"geometry_name":"geom","properties":{"gid":7218,"entidad":0,"objeto":"Cuartel de bomberos","fna":"Bomberos Voluntarios de Guaymallen","gna":"Bomberos Voluntarios","nam":"de Guaymallen","fdc":"IGN/Consejo Nacional de Bomberos Voluntarios","sag":"IGN"},"bbox":[-68.77368861,-32.91239383,-68.77368861,-32.91239383]},{"type":"Feature","id":"estructuras_operativas_y_defensivas_090102.7219","geometry":{"type":"Point","coordinates":[-68.84604187,-32.92664794]},"geometry_name":"geom","properties":{"gid":7219,"entidad":0,"objeto":"Cuartel de bomberos","fna":"Cuerpo de Bomberos Voluntarios de Godoy Cruz","gna":"Cuerpo de Bomberos Voluntarios","nam":"de Godoy Cruz","fdc":"IGN/Cuartel de Bomberos Voluntarios","sag":"IGN"},"bbox":[-68.84604187,-32.92664794,-68.84604187,-32.92664794]},{"type":"Feature","id":"estructuras_operativas_y_defensivas_090102.7220","geometry":{"type":"Point","coordinates":[-68.8733122,-32.85541022]},"geometry_name":"geom","properties":{"gid":7220,"entidad":0,"objeto":"Cuartel de bomberos","fna":"Bomberos Voluntarios de Las Heras","gna":"Bomberos Voluntarios","nam":"de Las Heras","fdc":"IGN/Consejo Nacional de Bomberos Voluntarios","sag":"IGN"},"bbox":[-68.8733122,-32.85541022,-68.8733122,-32.85541022]},{"type":"Feature","id":"estructuras_operativas_y_defensivas_090102.7221","geometry":{"type":"Point","coordinates":[-68.59278186,-32.71851517]},"geometry_name":"geom","properties":{"gid":7221,"entidad":0,"objeto":"Cuartel de bomberos","fna":"Bomberos Voluntarios de Lavalle","gna":"Bomberos Voluntarios","nam":"de Lavalle","fdc":"IGN/Consejo Nacional de Bomberos Voluntarios","sag":"IGN"},"bbox":[-68.59278186,-32.71851517,-68.59278186,-32.71851517]},{"type":"Feature","id":"estructuras_operativas_y_defensivas_090102.7222","geometry":{"type":"Point","coordinates":[-68.56769318,-33.18226027]},"geometry_name":"geom","properties":{"gid":7222,"entidad":0,"objeto":"Cuartel de bomberos","fna":"Bomberos Voluntarios de Los Árboles","gna":"Bomberos Voluntarios","nam":"de Los Árboles","fdc":"IGN/Consejo Nacional de Bomberos Voluntarios","sag":"IGN"},"bbox":[-68.56769318,-33.18226027,-68.56769318,-33.18226027]},{"type":"Feature","id":"estructuras_operativas_y_defensivas_090102.7223","geometry":{"type":"Point","coordinates":[-68.8990543,-33.03422012]},"geometry_name":"geom","properties":{"gid":7223,"entidad":0,"objeto":"Cuartel de bomberos","fna":"Bomberos Voluntarios de Luján de Cuyo","gna":"Bomberos Voluntarios","nam":"de Luján de Cuyo","fdc":"IGN/Consejo Nacional de Bomberos Voluntarios","sag":"IGN"},"bbox":[-68.8990543,-33.03422012,-68.8990543,-33.03422012]},{"type":"Feature","id":"estructuras_operativas_y_defensivas_090102.7224","geometry":{"type":"Point","coordinates":[-68.79728064,-32.98314684]},"geometry_name":"geom","properties":{"gid":7224,"entidad":0,"objeto":"Cuartel de bomberos","fna":"Bomberos Voluntarios de Maipú","gna":"Bomberos Voluntarios","nam":"de Maipú","fdc":"IGN/Consejo Nacional de Bomberos Voluntarios","sag":"IGN"},"bbox":[-68.79728064,-32.98314684,-68.79728064,-32.98314684]},{"type":"Feature","id":"estructuras_operativas_y_defensivas_090102.7225","geometry":{"type":"Point","coordinates":[-68.22649842,-34.7259455]},"geometry_name":"geom","properties":{"gid":7225,"entidad":0,"objeto":"Cuartel de bomberos","fna":"Bomberos Voluntarios de Salto de las Rosas","gna":"Bomberos Voluntarios","nam":"de Salto de las Rosas","fdc":"IGN/Consejo Nacional de Bomberos Voluntarios","sag":"IGN"},"bbox":[-68.22649842,-34.7259455,-68.22649842,-34.7259455]},{"type":"Feature","id":"estructuras_operativas_y_defensivas_090102.7226","geometry":{"type":"Point","coordinates":[-69.01462043,-33.59719793]},"geometry_name":"geom","properties":{"gid":7226,"entidad":0,"objeto":"Cuartel de bomberos","fna":"Subdelegación Bomberos Tunuyán","gna":"Subdelegación Bomberos","nam":"Tunuyán","fdc":"IGN/Consejo Nacional de Bomberos Voluntarios","sag":"IGN"},"bbox":[-69.01462043,-33.59719793,-69.01462043,-33.59719793]},{"type":"Feature","id":"estructuras_operativas_y_defensivas_090102.7227","geometry":{"type":"Point","coordinates":[-67.92428707,-34.83191857]},"geometry_name":"geom","properties":{"gid":7227,"entidad":0,"objeto":"Cuartel de bomberos","fna":"Bomberos Voluntarios de Villa Atuel","gna":"Bomberos Voluntarios","nam":"de Villa Atuel","fdc":"IGN/Consejo Nacional de Bomberos Voluntarios","sag":"IGN"},"bbox":[-67.92428707,-34.83191857,-67.92428707,-34.83191857]},{"type":"Feature","id":"estructuras_operativas_y_defensivas_090102.7228","geometry":{"type":"Point","coordinates":[-68.85260472,-32.89406548]},"geometry_name":"geom","properties":{"gid":7228,"entidad":0,"objeto":"Cuartel de bomberos","fna":"Dirección de Bomberos de Mendoza - Delegación I","gna":"Dirección de Bomberos","nam":"de Mendoza - Delegación I","fdc":"IGN","sag":"IGN"},"bbox":[-68.85260472,-32.89406548,-68.85260472,-32.89406548]},{"type":"Feature","id":"estructuras_operativas_y_defensivas_090102.7229","geometry":{"type":"Point","coordinates":[-65.0191016,-32.4071667]},"geometry_name":"geom","properties":{"gid":7229,"entidad":0,"objeto":"Cuartel de bomberos","fna":"Bomberos Voluntarios de Carpintería","gna":"Bomberos Voluntarios","nam":"de Carpintería","fdc":"IGN/Consejo Nacional de Bomberos Voluntarios","sag":"IGN"},"bbox":[-65.0191016,-32.4071667,-65.0191016,-32.4071667]},{"type":"Feature","id":"estructuras_operativas_y_defensivas_090102.7230","geometry":{"type":"Point","coordinates":[-66.3453538,-33.30250848]},"geometry_name":"geom","properties":{"gid":7230,"entidad":0,"objeto":"Cuartel de bomberos","fna":"Bomberos Voluntarios de Ciudad de San Luis","gna":"Bomberos Voluntarios","nam":"de Ciudad de San Luis","fdc":"IGN/Consejo Nacional de Bomberos Voluntarios","sag":"IGN"},"bbox":[-66.3453538,-33.30250848,-66.3453538,-33.30250848]},{"type":"Feature","id":"estructuras_operativas_y_defensivas_090102.7231","geometry":{"type":"Point","coordinates":[-65.24142914,-32.56603079]},"geometry_name":"geom","properties":{"gid":7231,"entidad":0,"objeto":"Cuartel de bomberos","fna":"Bomberos Voluntarios de Concarán","gna":"Bomberos Voluntarios","nam":"de Concarán","fdc":"IGN/Consejo Nacional de Bomberos Voluntarios","sag":"IGN"},"bbox":[-65.24142914,-32.56603079,-65.24142914,-32.56603079]},{"type":"Feature","id":"estructuras_operativas_y_defensivas_090102.7232","geometry":{"type":"Point","coordinates":[-66.17715826,-33.25164635]},"geometry_name":"geom","properties":{"gid":7232,"entidad":0,"objeto":"Cuartel de bomberos","fna":"Bomberos Voluntarios de El Volcán","gna":"Bomberos Voluntarios","nam":"de El Volcán","fdc":"IGN/Consejo Nacional de Bomberos Voluntarios","sag":"IGN"},"bbox":[-66.17715826,-33.25164635,-66.17715826,-33.25164635]},{"type":"Feature","id":"estructuras_operativas_y_defensivas_090102.7233","geometry":{"type":"Point","coordinates":[-66.2949568,-33.29876435]},"geometry_name":"geom","properties":{"gid":7233,"entidad":0,"objeto":"Cuartel de bomberos","fna":"Cuartel de Bomberos 5º","gna":"Cuartel de Bomberos","nam":"5º","fdc":"IGN/Policía Provincial","sag":"IGN"},"bbox":[-66.2949568,-33.29876435,-66.2949568,-33.29876435]},{"type":"Feature","id":"estructuras_operativas_y_defensivas_090102.7234","geometry":{"type":"Point","coordinates":[-65.62346151,-33.05133523]},"geometry_name":"geom","properties":{"gid":7234,"entidad":0,"objeto":"Cuartel de bomberos","fna":"Bomberos Voluntarios de La Toma","gna":"Bomberos Voluntarios","nam":"de La Toma","fdc":"IGN/Consejo Nacional de Bomberos Voluntarios","sag":"IGN"},"bbox":[-65.62346151,-33.05133523,-65.62346151,-33.05133523]},{"type":"Feature","id":"estructuras_operativas_y_defensivas_090102.7235","geometry":{"type":"Point","coordinates":[-66.31127619,-33.18773913]},"geometry_name":"geom","properties":{"gid":7235,"entidad":0,"objeto":"Cuartel de bomberos","fna":"Bomberos Voluntarios de La Punta","gna":"Bomberos Voluntarios","nam":"de La Punta","fdc":"IGN/Consejo Nacional de Bomberos Voluntarios","sag":"IGN"},"bbox":[-66.31127619,-33.18773913,-66.31127619,-33.18773913]},{"type":"Feature","id":"estructuras_operativas_y_defensivas_090102.7236","geometry":{"type":"Point","coordinates":[-65.18405279,-33.86362272]},"geometry_name":"geom","properties":{"gid":7236,"entidad":0,"objeto":"Cuartel de bomberos","fna":"Bomberos Voluntarios de Justo Daract","gna":"Bomberos Voluntarios","nam":"de Justo Daract","fdc":"IGN/Consejo Nacional de Bomberos Voluntarios","sag":"IGN"},"bbox":[-65.18405279,-33.86362272,-65.18405279,-33.86362272]},{"type":"Feature","id":"estructuras_operativas_y_defensivas_090102.7237","geometry":{"type":"Point","coordinates":[-65.80723016,-32.2341858]},"geometry_name":"geom","properties":{"gid":7237,"entidad":0,"objeto":"Cuartel de bomberos","fna":"Bomberos Voluntarios de Quines - Cuartel 12","gna":"Bomberos Voluntarios","nam":"de Quines - Cuartel 12","fdc":"IGN/Consejo Nacional de Bomberos Voluntarios","sag":"IGN"},"bbox":[-65.80723016,-32.2341858,-65.80723016,-32.2341858]},{"type":"Feature","id":"estructuras_operativas_y_defensivas_090102.7238","geometry":{"type":"Point","coordinates":[-66.12645895,-32.59951324]},"geometry_name":"geom","properties":{"gid":7238,"entidad":0,"objeto":"Cuartel de bomberos","fna":"Asociación Bomberos Voluntarios de San Francisco del Monte de Oro","gna":"Asociación Bomberos Voluntarios","nam":"de San Francisco del Monte de Oro","fdc":"IGN/Consejo Nacional de Bomberos Voluntarios","sag":"IGN"},"bbox":[-66.12645895,-32.59951324,-66.12645895,-32.59951324]},{"type":"Feature","id":"estructuras_operativas_y_defensivas_090102.7239","geometry":{"type":"Point","coordinates":[-65.21028504,-32.34243152]},"geometry_name":"geom","properties":{"gid":7239,"entidad":0,"objeto":"Cuartel de bomberos","fna":"Bomberos Voluntarios de Santa Rosa de Conlara","gna":"Bomberos Voluntarios","nam":"de Santa Rosa de Conlara","fdc":"IGN/Consejo Nacional de Bomberos Voluntarios","sag":"IGN"},"bbox":[-65.21028504,-32.34243152,-65.21028504,-32.34243152]},{"type":"Feature","id":"estructuras_operativas_y_defensivas_090102.7240","geometry":{"type":"Point","coordinates":[-65.29335354,-32.73426679]},"geometry_name":"geom","properties":{"gid":7240,"entidad":0,"objeto":"Cuartel de bomberos","fna":"Bomberos Voluntarios de Tilisarao","gna":"Bomberos Voluntarios","nam":"de Tilisarao","fdc":"IGN/Consejo Nacional de Bomberos Voluntarios","sag":"IGN"},"bbox":[-65.29335354,-32.73426679,-65.29335354,-32.73426679]},{"type":"Feature","id":"estructuras_operativas_y_defensivas_090102.7241","geometry":{"type":"Point","coordinates":[-66.28927641,-33.01550698]},"geometry_name":"geom","properties":{"gid":7241,"entidad":0,"objeto":"Cuartel de bomberos","fna":"Bomberos Voluntarios de La Unión","gna":"Bomberos Voluntarios","nam":"de La Unión","fdc":"IGN/Consejo Nacional de Bomberos Voluntarios","sag":"IGN"},"bbox":[-66.28927641,-33.01550698,-66.28927641,-33.01550698]},{"type":"Feature","id":"estructuras_operativas_y_defensivas_090102.7242","geometry":{"type":"Point","coordinates":[-65.94958228,-35.15306184]},"geometry_name":"geom","properties":{"gid":7242,"entidad":0,"objeto":"Cuartel de bomberos","fna":"Bomberos Voluntarios de Unión","gna":"Bomberos Voluntarios","nam":"de Unión","fdc":"IGN/Consejo Nacional de Bomberos Voluntarios","sag":"IGN"},"bbox":[-65.94958228,-35.15306184,-65.94958228,-35.15306184]},{"type":"Feature","id":"estructuras_operativas_y_defensivas_090102.7243","geometry":{"type":"Point","coordinates":[-65.01586284,-32.33742648]},"geometry_name":"geom","properties":{"gid":7243,"entidad":0,"objeto":"Cuartel de bomberos","fna":"Bomberos Voluntarios de Merlo","gna":"Bomberos Voluntarios","nam":"de Merlo","fdc":"IGN/Consejo Nacional de Bomberos Voluntarios","sag":"IGN"},"bbox":[-65.01586284,-32.33742648,-65.01586284,-32.33742648]},{"type":"Feature","id":"estructuras_operativas_y_defensivas_090102.7244","geometry":{"type":"Point","coordinates":[-65.46297906,-33.67585252]},"geometry_name":"geom","properties":{"gid":7244,"entidad":0,"objeto":"Cuartel de bomberos","fna":"Bomberos Voluntarios de Villa Mercedes - El Fortín","gna":"Bomberos Voluntarios","nam":"de Villa Mercedes - El Fortín","fdc":"IGN/Consejo Nacional de Bomberos Voluntarios","sag":"IGN"},"bbox":[-65.46297906,-33.67585252,-65.46297906,-33.67585252]},{"type":"Feature","id":"estructuras_operativas_y_defensivas_090102.7245","geometry":{"type":"Point","coordinates":[-66.85793499,-29.40046448]},"geometry_name":"geom","properties":{"gid":7245,"entidad":0,"objeto":"Cuartel de bomberos","fna":"Bomberos Voluntarios Águilas de Acero","gna":"Bomberos Voluntarios","nam":"Águilas de Acero","fdc":"IGN/Consejo Nacional de Bomberos Voluntarios","sag":"IGN"},"bbox":[-66.85793499,-29.40046448,-66.85793499,-29.40046448]},{"type":"Feature","id":"estructuras_operativas_y_defensivas_090102.7246","geometry":{"type":"Point","coordinates":[-66.80724581,-28.56209075]},"geometry_name":"geom","properties":{"gid":7246,"entidad":0,"objeto":"Cuartel de bomberos","fna":"Bomberos Voluntarios de Aimogasta","gna":"Bomberos Voluntarios","nam":"de Aimogasta","fdc":"IGN/Consejo Nacional de Bomberos Voluntarios","sag":"IGN"},"bbox":[-66.80724581,-28.56209075,-66.80724581,-28.56209075]},{"type":"Feature","id":"estructuras_operativas_y_defensivas_090102.7247","geometry":{"type":"Point","coordinates":[-67.49132722,-29.16327892]},"geometry_name":"geom","properties":{"gid":7247,"entidad":0,"objeto":"Cuartel de bomberos","fna":"Bomberos Voluntarios de Chilecito","gna":"Bomberos Voluntarios","nam":"de Chilecito","fdc":"IGN/Consejo Nacional de Bomberos Voluntarios","sag":"IGN"},"bbox":[-67.49132722,-29.16327892,-67.49132722,-29.16327892]},{"type":"Feature","id":"estructuras_operativas_y_defensivas_090102.7248","geometry":{"type":"Point","coordinates":[-66.84013171,-29.41012884]},"geometry_name":"geom","properties":{"gid":7248,"entidad":0,"objeto":"Cuartel de bomberos","fna":"Bomberos Voluntarios de Ciudad de La Rioja","gna":"Bomberos Voluntarios","nam":"de Ciudad de La Rioja","fdc":"IGN/Consejo Nacional de Bomberos Voluntarios","sag":"IGN"},"bbox":[-66.84013171,-29.41012884,-66.84013171,-29.41012884]},{"type":"Feature","id":"estructuras_operativas_y_defensivas_090102.7249","geometry":{"type":"Point","coordinates":[-67.5064062,-29.30408564]},"geometry_name":"geom","properties":{"gid":7249,"entidad":0,"objeto":"Cuartel de bomberos","fna":"Bomberos Voluntarios de Nonogasta","gna":"Bomberos Voluntarios","nam":"de Nonogasta","fdc":"IGN/Consejo Nacional de Bomberos Voluntarios","sag":"IGN"},"bbox":[-67.5064062,-29.30408564,-67.5064062,-29.30408564]},{"type":"Feature","id":"estructuras_operativas_y_defensivas_090102.7250","geometry":{"type":"Point","coordinates":[-66.88090409,-30.04646188]},"geometry_name":"geom","properties":{"gid":7250,"entidad":0,"objeto":"Cuartel de bomberos","fna":"Bomberos Voluntarios de Patquía","gna":"Bomberos Voluntarios","nam":"de Patquía","fdc":"IGN/Consejo Nacional de Bomberos Voluntarios","sag":"IGN"},"bbox":[-66.88090409,-30.04646188,-66.88090409,-30.04646188]},{"type":"Feature","id":"estructuras_operativas_y_defensivas_090102.7251","geometry":{"type":"Point","coordinates":[-66.3168792,-27.57993906]},"geometry_name":"geom","properties":{"gid":7251,"entidad":0,"objeto":"Cuartel de bomberos","fna":"Bomberos Voluntarios de Andalgalá","gna":"Bomberos Voluntarios","nam":"de Andalgalá","fdc":"IGN/Consejo Nacional de Bomberos Voluntarios","sag":"IGN"},"bbox":[-66.3168792,-27.57993906,-66.3168792,-27.57993906]},{"type":"Feature","id":"estructuras_operativas_y_defensivas_090102.7252","geometry":{"type":"Point","coordinates":[-66.04673792,-26.69198194]},"geometry_name":"geom","properties":{"gid":7252,"entidad":0,"objeto":"Cuartel de bomberos","fna":"Bomberos Voluntarios de Santa María","gna":"Bomberos Voluntarios","nam":"de Santa María","fdc":"IGN/Consejo Nacional de Bomberos Voluntarios","sag":"IGN"},"bbox":[-66.04673792,-26.69198194,-66.04673792,-26.69198194]},{"type":"Feature","id":"estructuras_operativas_y_defensivas_090102.7253","geometry":{"type":"Point","coordinates":[-67.56105068,-28.06386884]},"geometry_name":"geom","properties":{"gid":7253,"entidad":0,"objeto":"Cuartel de bomberos","fna":"Bomberos Voluntarios de Tinogasta","gna":"Bomberos Voluntarios","nam":"de Tinogasta","fdc":"IGN/Consejo Nacional de Bomberos Voluntarios","sag":"IGN"},"bbox":[-67.56105068,-28.06386884,-67.56105068,-28.06386884]},{"type":"Feature","id":"estructuras_operativas_y_defensivas_090102.7254","geometry":{"type":"Point","coordinates":[-65.722248,-28.44055499]},"geometry_name":"geom","properties":{"gid":7254,"entidad":0,"objeto":"Cuartel de bomberos","fna":"Bomberos Voluntarios Valle Viejo","gna":"Bomberos Voluntarios","nam":"Valle Viejo","fdc":"IGN/Consejo Nacional de Bomberos Voluntarios","sag":"IGN"},"bbox":[-65.722248,-28.44055499,-65.722248,-28.44055499]},{"type":"Feature","id":"estructuras_operativas_y_defensivas_090102.7255","geometry":{"type":"Point","coordinates":[-65.76149681,-28.46590605]},"geometry_name":"geom","properties":{"gid":7255,"entidad":0,"objeto":"Cuartel de bomberos","fna":"Dirección de Bomberos de Catamarca","gna":"Dirección de Bomberos","nam":"de Catamarca","fdc":"IGN","sag":"IGN"},"bbox":[-65.76149681,-28.46590605,-65.76149681,-28.46590605]},{"type":"Feature","id":"estructuras_operativas_y_defensivas_090102.7256","geometry":{"type":"Point","coordinates":[-66.22233807,-28.39350174]},"geometry_name":"geom","properties":{"gid":7256,"entidad":0,"objeto":"Cuartel de bomberos","fna":"Bomberos Voluntarios de Pomán","gna":"Bomberos Voluntarios","nam":"de Pomán","fdc":"IGN/Consejo Nacional de Bomberos Voluntarios","sag":"IGN"},"bbox":[-66.22233807,-28.39350174,-66.22233807,-28.39350174]},{"type":"Feature","id":"estructuras_operativas_y_defensivas_090102.7257","geometry":{"type":"Point","coordinates":[-64.35626789,-22.73421841]},"geometry_name":"geom","properties":{"gid":7257,"entidad":0,"objeto":"Cuartel de bomberos","fna":"Bomberos Voluntarios de Aguas Blancas","gna":"Bomberos Voluntarios","nam":"de Aguas Blancas","fdc":"IGN/Consejo Nacional de Bomberos Voluntarios","sag":"IGN"},"bbox":[-64.35626789,-22.73421841,-64.35626789,-22.73421841]},{"type":"Feature","id":"estructuras_operativas_y_defensivas_090102.7258","geometry":{"type":"Point","coordinates":[-65.97180149,-26.07006085]},"geometry_name":"geom","properties":{"gid":7258,"entidad":0,"objeto":"Cuartel de bomberos","fna":"Bomberos Voluntarios de Cafayate - San Juan de Dios","gna":"Bomberos Voluntarios","nam":"de Cafayate - San Juan de Dios","fdc":"IGN/Consejo Nacional de Bomberos Voluntarios","sag":"IGN"},"bbox":[-65.97180149,-26.07006085,-65.97180149,-26.07006085]},{"type":"Feature","id":"estructuras_operativas_y_defensivas_090102.7259","geometry":{"type":"Point","coordinates":[-65.49712644,-25.0800364]},"geometry_name":"geom","properties":{"gid":7259,"entidad":0,"objeto":"Cuartel de bomberos","fna":"Bomberos Voluntarios de El Carril","gna":"Bomberos Voluntarios","nam":"de El Carril","fdc":"IGN/Consejo Nacional de Bomberos Voluntarios","sag":"IGN"},"bbox":[-65.49712644,-25.0800364,-65.49712644,-25.0800364]},{"type":"Feature","id":"estructuras_operativas_y_defensivas_090102.7260","geometry":{"type":"Point","coordinates":[-64.65419198,-25.38056951]},"geometry_name":"geom","properties":{"gid":7260,"entidad":0,"objeto":"Cuartel de bomberos","fna":"Bomberos Voluntarios de El Galpón - 17 de octubre","gna":"Bomberos Voluntarios","nam":"de El Galpón - 17 de octubre","fdc":"IGN/Consejo Nacional de Bomberos Voluntarios","sag":"IGN"},"bbox":[-64.65419198,-25.38056951,-64.65419198,-25.38056951]},{"type":"Feature","id":"estructuras_operativas_y_defensivas_090102.7261","geometry":{"type":"Point","coordinates":[-64.09731724,-23.21283732]},"geometry_name":"geom","properties":{"gid":7261,"entidad":0,"objeto":"Cuartel de bomberos","fna":"Bomberos Voluntarios de Embarcación","gna":"Bomberos Voluntarios","nam":"de Embarcación","fdc":"IGN/Consejo Nacional de Bomberos Voluntarios","sag":"IGN"},"bbox":[-64.09731724,-23.21283732,-64.09731724,-23.21283732]},{"type":"Feature","id":"estructuras_operativas_y_defensivas_090102.7262","geometry":{"type":"Point","coordinates":[-63.80668092,-22.59838853]},"geometry_name":"geom","properties":{"gid":7262,"entidad":0,"objeto":"Cuartel de bomberos","fna":"Bomberos Voluntarios de General Mosconi","gna":"Bomberos Voluntarios","nam":"de General Mosconi","fdc":"IGN/Consejo Nacional de Bomberos Voluntarios","sag":"IGN"},"bbox":[-63.80668092,-22.59838853,-63.80668092,-22.59838853]},{"type":"Feature","id":"estructuras_operativas_y_defensivas_090102.7263","geometry":{"type":"Point","coordinates":[-65.04509364,-24.66659998]},"geometry_name":"geom","properties":{"gid":7263,"entidad":0,"objeto":"Cuartel de bomberos","fna":"Bomberos Voluntarios de Guemes","gna":"Bomberos Voluntarios","nam":"de Guemes","fdc":"IGN/Consejo Nacional de Bomberos Voluntarios","sag":"IGN"},"bbox":[-65.04509364,-24.66659998,-65.04509364,-24.66659998]},{"type":"Feature","id":"estructuras_operativas_y_defensivas_090102.7264","geometry":{"type":"Point","coordinates":[-65.05103189,-24.66628364]},"geometry_name":"geom","properties":{"gid":7264,"entidad":0,"objeto":"Cuartel de bomberos","fna":"Bomberos Voluntarios de Güemes - General Manuel Belgrano","gna":"Bomberos Voluntarios","nam":"de Güemes - General Manuel Belgrano","fdc":"IGN/Consejo Nacional de Bomberos Voluntarios","sag":"IGN"},"bbox":[-65.05103189,-24.66628364,-65.05103189,-24.66628364]},{"type":"Feature","id":"estructuras_operativas_y_defensivas_090102.7265","geometry":{"type":"Point","coordinates":[-64.32453031,-23.14129669]},"geometry_name":"geom","properties":{"gid":7265,"entidad":0,"objeto":"Cuartel de bomberos","fna":"Bomberos Voluntarios de Orán","gna":"Bomberos Voluntarios","nam":"de Orán","fdc":"IGN/Consejo Nacional de Bomberos Voluntarios","sag":"IGN"},"bbox":[-64.32453031,-23.14129669,-64.32453031,-23.14129669]},{"type":"Feature","id":"estructuras_operativas_y_defensivas_090102.7266","geometry":{"type":"Point","coordinates":[-64.9721082,-25.79773788]},"geometry_name":"geom","properties":{"gid":7266,"entidad":0,"objeto":"Cuartel de bomberos","fna":"Bomberos Voluntarios de Rosario de la Frontera - Cuartel Ciudad Termal","gna":"Bomberos Voluntarios","nam":"de Rosario de la Frontera - Cuartel Ciudad Termal","fdc":"IGN/Consejo Nacional de Bomberos Voluntarios","sag":"IGN"},"bbox":[-64.9721082,-25.79773788,-64.9721082,-25.79773788]},{"type":"Feature","id":"estructuras_operativas_y_defensivas_090102.7267","geometry":{"type":"Point","coordinates":[-65.59809037,-24.95912923]},"geometry_name":"geom","properties":{"gid":7267,"entidad":0,"objeto":"Cuartel de bomberos","fna":"Bomberos Voluntarios de Rosario de Lerma - Hernando de Lerma","gna":"Bomberos Voluntarios","nam":"de Rosario de Lerma - Hernando de Lerma","fdc":"IGN/Consejo Nacional de Bomberos Voluntarios","sag":"IGN"},"bbox":[-65.59809037,-24.95912923,-65.59809037,-24.95912923]},{"type":"Feature","id":"estructuras_operativas_y_defensivas_090102.7268","geometry":{"type":"Point","coordinates":[-65.43035839,-24.77143046]},"geometry_name":"geom","properties":{"gid":7268,"entidad":0,"objeto":"Cuartel de bomberos","fna":"Bomberos Voluntarios de Salta - La Brigada Solidaria","gna":"Bomberos Voluntarios","nam":"de Salta - La Brigada Solidaria","fdc":"IGN/Consejo Nacional de Bomberos Voluntarios","sag":"IGN"},"bbox":[-65.43035839,-24.77143046,-65.43035839,-24.77143046]},{"type":"Feature","id":"estructuras_operativas_y_defensivas_090102.7269","geometry":{"type":"Point","coordinates":[-65.41195232,-24.80178048]},"geometry_name":"geom","properties":{"gid":7269,"entidad":0,"objeto":"Cuartel de bomberos","fna":"Bomberos Voluntarios de Salta - M. M. de Güemes","gna":"Bomberos Voluntarios","nam":"de Salta - M. M. de Güemes","fdc":"IGN/Consejo Nacional de Bomberos Voluntarios","sag":"IGN"},"bbox":[-65.41195232,-24.80178048,-65.41195232,-24.80178048]},{"type":"Feature","id":"estructuras_operativas_y_defensivas_090102.7270","geometry":{"type":"Point","coordinates":[-65.40812671,-24.78689441]},"geometry_name":"geom","properties":{"gid":7270,"entidad":0,"objeto":"Cuartel de bomberos","fna":"Departamento de Bomberos D.U.E.","gna":"Departamento de Bomberos","nam":"D.U.E.","fdc":"IGN","sag":"IGN"},"bbox":[-65.40812671,-24.78689441,-65.40812671,-24.78689441]},{"type":"Feature","id":"estructuras_operativas_y_defensivas_090102.7271","geometry":{"type":"Point","coordinates":[-65.4133621,-24.75020773]},"geometry_name":"geom","properties":{"gid":7271,"entidad":0,"objeto":"Cuartel de bomberos","fna":"Bomberos Voluntarios de Salta - Martín Albarracín","gna":"Bomberos Voluntarios","nam":"de Salta - Martín Albarracín","fdc":"IGN/Consejo Nacional de Bomberos Voluntarios","sag":"IGN"},"bbox":[-65.4133621,-24.75020773,-65.4133621,-24.75020773]},{"type":"Feature","id":"estructuras_operativas_y_defensivas_090102.7272","geometry":{"type":"Point","coordinates":[-64.96886599,-25.50010648]},"geometry_name":"geom","properties":{"gid":7272,"entidad":0,"objeto":"Cuartel de bomberos","fna":"Cuerpo de Bomberos Voluntarios Posta de Yatasto","gna":"Cuerpo de Bomberos Voluntarios","nam":"Posta de Yatasto","fdc":"IGN/Consejo Nacional de Bomberos Voluntarios","sag":"IGN"},"bbox":[-64.96886599,-25.50010648,-64.96886599,-25.50010648]},{"type":"Feature","id":"estructuras_operativas_y_defensivas_090102.7273","geometry":{"type":"Point","coordinates":[-63.80792983,-22.5142957]},"geometry_name":"geom","properties":{"gid":7273,"entidad":0,"objeto":"Cuartel de bomberos","fna":"Bomberos Voluntarios de Tartagal","gna":"Bomberos Voluntarios","nam":"de Tartagal","fdc":"IGN/Consejo Nacional de Bomberos Voluntarios","sag":"IGN"},"bbox":[-63.80792983,-22.5142957,-63.80792983,-22.5142957]},{"type":"Feature","id":"estructuras_operativas_y_defensivas_090102.7274","geometry":{"type":"Point","coordinates":[-65.41174323,-24.70110351]},"geometry_name":"geom","properties":{"gid":7274,"entidad":0,"objeto":"Cuartel de bomberos","fna":"Bomberos Voluntarios de Vaqueros - 2 de Junio","gna":"Bomberos Voluntarios","nam":"de Vaqueros - 2 de Junio","fdc":"IGN/Consejo Nacional de Bomberos Voluntarios","sag":"IGN"},"bbox":[-65.41174323,-24.70110351,-65.41174323,-24.70110351]},{"type":"Feature","id":"estructuras_operativas_y_defensivas_090102.7275","geometry":{"type":"Point","coordinates":[-65.61751611,-27.43051318]},"geometry_name":"geom","properties":{"gid":7275,"entidad":0,"objeto":"Cuartel de bomberos","fna":"Bomberos Voluntarios de Aguilares","gna":"Bomberos Voluntarios","nam":"de Aguilares","fdc":"IGN/Consejo Nacional de Bomberos Voluntarios","sag":"IGN"},"bbox":[-65.61751611,-27.43051318,-65.61751611,-27.43051318]},{"type":"Feature","id":"estructuras_operativas_y_defensivas_090102.7276","geometry":{"type":"Point","coordinates":[-65.14161739,-26.82020123]},"geometry_name":"geom","properties":{"gid":7276,"entidad":0,"objeto":"Cuartel de bomberos","fna":"Bomberos Voluntarios de Alderetes","gna":"Bomberos Voluntarios","nam":"de Alderetes","fdc":"IGN/Consejo Nacional de Bomberos Voluntarios","sag":"IGN"},"bbox":[-65.14161739,-26.82020123,-65.14161739,-26.82020123]},{"type":"Feature","id":"estructuras_operativas_y_defensivas_090102.7277","geometry":{"type":"Point","coordinates":[-65.30237301,-27.0328724]},"geometry_name":"geom","properties":{"gid":7277,"entidad":0,"objeto":"Cuartel de bomberos","fna":"Bomberos Voluntarios de Bella Vista Los Tres Bajos","gna":"Bomberos Voluntarios","nam":"de Bella Vista Los Tres Bajos","fdc":"IGN/Consejo Nacional de Bomberos Voluntarios","sag":"IGN"},"bbox":[-65.30237301,-27.0328724,-65.30237301,-27.0328724]},{"type":"Feature","id":"estructuras_operativas_y_defensivas_090102.7278","geometry":{"type":"Point","coordinates":[-65.59583105,-27.34133608]},"geometry_name":"geom","properties":{"gid":7278,"entidad":0,"objeto":"Cuartel de bomberos","fna":"Bomberos Voluntarios Ciudad de Concepción","gna":"Bomberos Voluntarios","nam":"Ciudad de Concepción","fdc":"IGN/Consejo Nacional de Bomberos Voluntarios","sag":"IGN"},"bbox":[-65.59583105,-27.34133608,-65.59583105,-27.34133608]},{"type":"Feature","id":"estructuras_operativas_y_defensivas_090102.7279","geometry":{"type":"Point","coordinates":[-65.40308947,-27.05829292]},"geometry_name":"geom","properties":{"gid":7279,"entidad":0,"objeto":"Cuartel de bomberos","fna":"Bomberos Voluntarios de Famaillá","gna":"Bomberos Voluntarios","nam":"de Famaillá","fdc":"IGN/Consejo Nacional de Bomberos Voluntarios","sag":"IGN"},"bbox":[-65.40308947,-27.05829292,-65.40308947,-27.05829292]},{"type":"Feature","id":"estructuras_operativas_y_defensivas_090102.7280","geometry":{"type":"Point","coordinates":[-65.61602398,-27.5863667]},"geometry_name":"geom","properties":{"gid":7280,"entidad":0,"objeto":"Cuartel de bomberos","fna":"Bomberos Voluntarios de Juan Bautista Alberdi","gna":"Bomberos Voluntarios","nam":"de Juan Bautista Alberdi","fdc":"IGN/Consejo Nacional de Bomberos Voluntarios","sag":"IGN"},"bbox":[-65.61602398,-27.5863667,-65.61602398,-27.5863667]},{"type":"Feature","id":"estructuras_operativas_y_defensivas_090102.7281","geometry":{"type":"Point","coordinates":[-65.58634197,-27.77223901]},"geometry_name":"geom","properties":{"gid":7281,"entidad":0,"objeto":"Cuartel de bomberos","fna":"Bomberos Voluntarios de La Cocha","gna":"Bomberos Voluntarios","nam":"de La Cocha","fdc":"IGN/Consejo Nacional de Bomberos Voluntarios","sag":"IGN"},"bbox":[-65.58634197,-27.77223901,-65.58634197,-27.77223901]},{"type":"Feature","id":"estructuras_operativas_y_defensivas_090102.7282","geometry":{"type":"Point","coordinates":[-65.20413848,-26.77486479]},"geometry_name":"geom","properties":{"gid":7282,"entidad":0,"objeto":"Cuartel de bomberos","fna":"Bomberos Voluntarios de Las Talitas","gna":"Bomberos Voluntarios","nam":"de Las Talitas","fdc":"IGN/Consejo Nacional de Bomberos Voluntarios","sag":"IGN"},"bbox":[-65.20413848,-26.77486479,-65.20413848,-26.77486479]},{"type":"Feature","id":"estructuras_operativas_y_defensivas_090102.7283","geometry":{"type":"Point","coordinates":[-65.33880772,-26.92651764]},"geometry_name":"geom","properties":{"gid":7283,"entidad":0,"objeto":"Cuartel de bomberos","fna":"Bomberos Voluntarios de San Isidro de Lules","gna":"Bomberos Voluntarios","nam":"de San Isidro de Lules","fdc":"IGN/Consejo Nacional de Bomberos Voluntarios","sag":"IGN"},"bbox":[-65.33880772,-26.92651764,-65.33880772,-26.92651764]},{"type":"Feature","id":"estructuras_operativas_y_defensivas_090102.7284","geometry":{"type":"Point","coordinates":[-65.22439232,-26.81224372]},"geometry_name":"geom","properties":{"gid":7284,"entidad":0,"objeto":"Cuartel de bomberos","fna":"Asociación Bomberos Voluntarios de San Miguel de Tucumán - Cuartel Central Barrio El Bosque","gna":"Asociación Bomberos Voluntarios","nam":"de San Miguel de Tucumán - Cuartel Central Barrio El Bosque","fdc":"IGN/Consejo Nacional de Bomberos Voluntarios","sag":"IGN"},"bbox":[-65.22439232,-26.81224372,-65.22439232,-26.81224372]},{"type":"Feature","id":"estructuras_operativas_y_defensivas_090102.7316","geometry":{"type":"Point","coordinates":[-54.61141107,-26.41077524]},"geometry_name":"geom","properties":{"gid":7316,"entidad":0,"objeto":"Cuartel de bomberos","fna":"Bomberos Voluntarios de Eldorado","gna":"Bomberos Voluntarios","nam":"de Eldorado","fdc":"IGN/Consejo Nacional de Bomberos Voluntarios","sag":"IGN"},"bbox":[-54.61141107,-26.41077524,-54.61141107,-26.41077524]},{"type":"Feature","id":"estructuras_operativas_y_defensivas_090102.7285","geometry":{"type":"Point","coordinates":[-65.25739008,-26.73286167]},"geometry_name":"geom","properties":{"gid":7285,"entidad":0,"objeto":"Cuartel de bomberos","fna":"Asociación Bomberos Voluntarios de Tafí Viejo","gna":"Asociación Bomberos Voluntarios","nam":"de Tafí Viejo","fdc":"IGN/Consejo Nacional de Bomberos Voluntarios","sag":"IGN"},"bbox":[-65.25739008,-26.73286167,-65.25739008,-26.73286167]},{"type":"Feature","id":"estructuras_operativas_y_defensivas_090102.7286","geometry":{"type":"Point","coordinates":[-65.30365907,-26.81958772]},"geometry_name":"geom","properties":{"gid":7286,"entidad":0,"objeto":"Cuartel de bomberos","fna":"Bomberos Voluntarios de Yerba Buena","gna":"Bomberos Voluntarios","nam":"de Yerba Buena","fdc":"IGN/Consejo Nacional de Bomberos Voluntarios","sag":"IGN"},"bbox":[-65.30365907,-26.81958772,-65.30365907,-26.81958772]},{"type":"Feature","id":"estructuras_operativas_y_defensivas_090102.7287","geometry":{"type":"Point","coordinates":[-58.17696317,-26.17399114]},"geometry_name":"geom","properties":{"gid":7287,"entidad":0,"objeto":"Cuartel de bomberos","fna":"Cuerpo de Bomberos San Miguel","gna":"Cuerpo de Bomberos","nam":"San Miguel","fdc":"IGN","sag":"Street View/Policía Provincial"},"bbox":[-58.17696317,-26.17399114,-58.17696317,-26.17399114]},{"type":"Feature","id":"estructuras_operativas_y_defensivas_090102.7288","geometry":{"type":"Point","coordinates":[-59.36887782,-26.30869074]},"geometry_name":"geom","properties":{"gid":7288,"entidad":0,"objeto":"Cuartel de bomberos","fna":"Bomberos Voluntarios de El Colorado","gna":"Bomberos Voluntarios","nam":"de El Colorado","fdc":"IGN/Consejo Nacional de Bomberos Voluntarios","sag":"IGN"},"bbox":[-59.36887782,-26.30869074,-59.36887782,-26.30869074]},{"type":"Feature","id":"estructuras_operativas_y_defensivas_090102.7289","geometry":{"type":"Point","coordinates":[-59.49468868,-24.75455832]},"geometry_name":"geom","properties":{"gid":7289,"entidad":0,"objeto":"Cuartel de bomberos","fna":"Bomberos Voluntarios de Villa General Güemes","gna":"Bomberos Voluntarios","nam":"de Villa General Güemes","fdc":"IGN/Consejo Nacional de Bomberos Voluntarios","sag":"IGN"},"bbox":[-59.49468868,-24.75455832,-59.49468868,-24.75455832]},{"type":"Feature","id":"estructuras_operativas_y_defensivas_090102.7290","geometry":{"type":"Point","coordinates":[-58.94258266,-27.49042121]},"geometry_name":"geom","properties":{"gid":7290,"entidad":0,"objeto":"Cuartel de bomberos","fna":"Bomberos Voluntarios de Barranqueras","gna":"Bomberos Voluntarios","nam":"de Barranqueras","fdc":"IGN/Consejo Nacional de Bomberos Voluntarios","sag":"IGN"},"bbox":[-58.94258266,-27.49042121,-58.94258266,-27.49042121]},{"type":"Feature","id":"estructuras_operativas_y_defensivas_090102.7291","geometry":{"type":"Point","coordinates":[-61.18983977,-27.21415664]},"geometry_name":"geom","properties":{"gid":7291,"entidad":0,"objeto":"Cuartel de bomberos","fna":"Bomberos Voluntarios de Charata","gna":"Bomberos Voluntarios","nam":"de Charata","fdc":"IGN/Consejo Nacional de Bomberos Voluntarios","sag":"IGN"},"bbox":[-61.18983977,-27.21415664,-61.18983977,-27.21415664]},{"type":"Feature","id":"estructuras_operativas_y_defensivas_090102.7292","geometry":{"type":"Point","coordinates":[-60.90983045,-27.68776979]},"geometry_name":"geom","properties":{"gid":7292,"entidad":0,"objeto":"Cuartel de bomberos","fna":"Bomberos Voluntarios de Coronel Du Graty","gna":"Bomberos Voluntarios","nam":"de Coronel Du Graty","fdc":"IGN/Consejo Nacional de Bomberos Voluntarios","sag":"IGN"},"bbox":[-60.90983045,-27.68776979,-60.90983045,-27.68776979]},{"type":"Feature","id":"estructuras_operativas_y_defensivas_090102.7293","geometry":{"type":"Point","coordinates":[-59.04095072,-27.41550724]},"geometry_name":"geom","properties":{"gid":7293,"entidad":0,"objeto":"Cuartel de bomberos","fna":"Bomberos Voluntarios de Fontana","gna":"Bomberos Voluntarios","nam":"de Fontana","fdc":"IGN/Consejo Nacional de Bomberos Voluntarios","sag":"IGN"},"bbox":[-59.04095072,-27.41550724,-59.04095072,-27.41550724]},{"type":"Feature","id":"estructuras_operativas_y_defensivas_090102.7294","geometry":{"type":"Point","coordinates":[-61.286042,-27.3224481]},"geometry_name":"geom","properties":{"gid":7294,"entidad":0,"objeto":"Cuartel de bomberos","fna":"Bomberos Voluntarios de General Pinedo","gna":"Bomberos Voluntarios","nam":"de General Pinedo","fdc":"IGN/Consejo Nacional de Bomberos Voluntarios","sag":"IGN"},"bbox":[-61.286042,-27.3224481,-61.286042,-27.3224481]},{"type":"Feature","id":"estructuras_operativas_y_defensivas_090102.7295","geometry":{"type":"Point","coordinates":[-60.61800965,-25.94481775]},"geometry_name":"geom","properties":{"gid":7295,"entidad":0,"objeto":"Cuartel de bomberos","fna":"Bomberos Voluntarios de Juan José Castelli","gna":"Bomberos Voluntarios","nam":"de Juan José Castelli","fdc":"IGN/Consejo Nacional de Bomberos Voluntarios","sag":"IGN"},"bbox":[-60.61800965,-25.94481775,-60.61800965,-25.94481775]},{"type":"Feature","id":"estructuras_operativas_y_defensivas_090102.7296","geometry":{"type":"Point","coordinates":[-61.07567984,-27.09984606]},"geometry_name":"geom","properties":{"gid":7296,"entidad":0,"objeto":"Cuartel de bomberos","fna":"Bomberos Voluntarios de Las Breñas","gna":"Bomberos Voluntarios","nam":"de Las Breñas","fdc":"IGN/Consejo Nacional de Bomberos Voluntarios","sag":"IGN"},"bbox":[-61.07567984,-27.09984606,-61.07567984,-27.09984606]},{"type":"Feature","id":"estructuras_operativas_y_defensivas_090102.7297","geometry":{"type":"Point","coordinates":[-61.17579939,-26.50778099]},"geometry_name":"geom","properties":{"gid":7297,"entidad":0,"objeto":"Cuartel de bomberos","fna":"Bomberos Voluntarios de Pampa del Infierno","gna":"Bomberos Voluntarios","nam":"de Pampa del Infierno","fdc":"IGN/Consejo Nacional de Bomberos Voluntarios","sag":"IGN"},"bbox":[-61.17579939,-26.50778099,-61.17579939,-26.50778099]},{"type":"Feature","id":"estructuras_operativas_y_defensivas_090102.7298","geometry":{"type":"Point","coordinates":[-58.98899732,-27.44521874]},"geometry_name":"geom","properties":{"gid":7298,"entidad":0,"objeto":"Cuartel de bomberos","fna":"Unidad Especial de Bomberos 1 de la Policía del Chaco","gna":"Unidad Especial de Bomberos","nam":"1 de la Policía del Chaco","fdc":"IGN","sag":"IGN"},"bbox":[-58.98899732,-27.44521874,-58.98899732,-27.44521874]},{"type":"Feature","id":"estructuras_operativas_y_defensivas_090102.7299","geometry":{"type":"Point","coordinates":[-60.72590524,-27.29491037]},"geometry_name":"geom","properties":{"gid":7299,"entidad":0,"objeto":"Cuartel de bomberos","fna":"Bomberos Voluntarios de San Bernardo","gna":"Bomberos Voluntarios","nam":"de San Bernardo","fdc":"IGN/Consejo Nacional de Bomberos Voluntarios","sag":"IGN"},"bbox":[-60.72590524,-27.29491037,-60.72590524,-27.29491037]},{"type":"Feature","id":"estructuras_operativas_y_defensivas_090102.7300","geometry":{"type":"Point","coordinates":[-59.00120362,-27.41106582]},"geometry_name":"geom","properties":{"gid":7300,"entidad":0,"objeto":"Cuartel de bomberos","fna":"Bomberos Voluntarios San Fernando Capital","gna":"Bomberos Voluntarios","nam":"San Fernando Capital","fdc":"IGN/Consejo Nacional de Bomberos Voluntarios","sag":"IGN"},"bbox":[-59.00120362,-27.41106582,-59.00120362,-27.41106582]},{"type":"Feature","id":"estructuras_operativas_y_defensivas_090102.7301","geometry":{"type":"Point","coordinates":[-62.82545729,-28.46859181]},"geometry_name":"geom","properties":{"gid":7301,"entidad":0,"objeto":"Cuartel de bomberos","fna":"Bomberos Voluntarios de Añatuya","gna":"Bomberos Voluntarios","nam":"de Añatuya","fdc":"IGN/Consejo Nacional de Bomberos Voluntarios","sag":"IGN"},"bbox":[-62.82545729,-28.46859181,-62.82545729,-28.46859181]},{"type":"Feature","id":"estructuras_operativas_y_defensivas_090102.7302","geometry":{"type":"Point","coordinates":[-62.2609325,-28.8874231]},"geometry_name":"geom","properties":{"gid":7302,"entidad":0,"objeto":"Cuartel de bomberos","fna":"Bomberos Voluntarios de Bandera","gna":"Bomberos Voluntarios","nam":"de Bandera","fdc":"IGN/Consejo Nacional de Bomberos Voluntarios","sag":"IGN"},"bbox":[-62.2609325,-28.8874231,-62.2609325,-28.8874231]},{"type":"Feature","id":"estructuras_operativas_y_defensivas_090102.7303","geometry":{"type":"Point","coordinates":[-64.27131909,-27.77662795]},"geometry_name":"geom","properties":{"gid":7303,"entidad":0,"objeto":"Cuartel de bomberos","fna":"Bomberos Voluntarios de Santiago del Estero","gna":"Bomberos Voluntarios","nam":"de Santiago del Estero","fdc":"IGN/Consejo Nacional de Bomberos Voluntarios","sag":"IGN"},"bbox":[-64.27131909,-27.77662795,-64.27131909,-27.77662795]},{"type":"Feature","id":"estructuras_operativas_y_defensivas_090102.7304","geometry":{"type":"Point","coordinates":[-64.22744108,-27.72786116]},"geometry_name":"geom","properties":{"gid":7304,"entidad":0,"objeto":"Cuartel de bomberos","fna":"Bomberos Voluntarios de La Banda","gna":"Bomberos Voluntarios","nam":"de La Banda","fdc":"IGN/Consejo Nacional de Bomberos Voluntarios","sag":"IGN"},"bbox":[-64.22744108,-27.72786116,-64.22744108,-27.72786116]},{"type":"Feature","id":"estructuras_operativas_y_defensivas_090102.7305","geometry":{"type":"Point","coordinates":[-65.13616809,-28.63233494]},"geometry_name":"geom","properties":{"gid":7305,"entidad":0,"objeto":"Cuartel de bomberos","fna":"Bomberos Voluntarios de Frías","gna":"Bomberos Voluntarios","nam":"de Frias","fdc":"IGN/Consejo Nacional de Bomberos Voluntarios","sag":"IGN"},"bbox":[-65.13616809,-28.63233494,-65.13616809,-28.63233494]},{"type":"Feature","id":"estructuras_operativas_y_defensivas_090102.7306","geometry":{"type":"Point","coordinates":[-62.41467652,-27.64622469]},"geometry_name":"geom","properties":{"gid":7306,"entidad":0,"objeto":"Cuartel de bomberos","fna":"Bomberos Voluntarios de Quimilí","gna":"Bomberos Voluntarios","nam":"de Quimilí","fdc":"IGN/Consejo Nacional de Bomberos Voluntarios","sag":"IGN"},"bbox":[-62.41467652,-27.64622469,-62.41467652,-27.64622469]},{"type":"Feature","id":"estructuras_operativas_y_defensivas_090102.7307","geometry":{"type":"Point","coordinates":[-64.87099456,-27.48983834]},"geometry_name":"geom","properties":{"gid":7307,"entidad":0,"objeto":"Cuartel de bomberos","fna":"Bomberos Voluntarios de Las Termas de Río Hondo","gna":"Bomberos Voluntarios","nam":"de Las Termas de Río Hondo","fdc":"IGN/Consejo Nacional de Bomberos Voluntarios","sag":"IGN"},"bbox":[-64.87099456,-27.48983834,-64.87099456,-27.48983834]},{"type":"Feature","id":"estructuras_operativas_y_defensivas_090102.7308","geometry":{"type":"Point","coordinates":[-62.04763954,-29.76576964]},"geometry_name":"geom","properties":{"gid":7308,"entidad":0,"objeto":"Cuartel de bomberos","fna":"Bomberos Voluntarios de Selva","gna":"Bomberos Voluntarios","nam":"de Selva","fdc":"IGN/Consejo Nacional de Bomberos Voluntarios","sag":"IGN"},"bbox":[-62.04763954,-29.76576964,-62.04763954,-29.76576964]},{"type":"Feature","id":"estructuras_operativas_y_defensivas_090102.7309","geometry":{"type":"Point","coordinates":[-64.26021953,-27.80641412]},"geometry_name":"geom","properties":{"gid":7309,"entidad":0,"objeto":"Cuartel de bomberos","fna":"División Bomberos de la Policía de Santiago del Estero - Subcomisario Saturnino Corbalán","gna":"División Bomberos de la Policía","nam":"de Santaigo del Estero - Subcomisario Saturnino Corbalán","fdc":"IGN","sag":"IGN"},"bbox":[-64.26021953,-27.80641412,-64.26021953,-27.80641412]},{"type":"Feature","id":"estructuras_operativas_y_defensivas_090102.7310","geometry":{"type":"Point","coordinates":[-63.89329695,-27.9220668]},"geometry_name":"geom","properties":{"gid":7310,"entidad":0,"objeto":"Cuartel de bomberos","fna":"Bomberos Voluntarios de Fernández","gna":"Bomberos Voluntarios","nam":"de Fernández","fdc":"IGN/Consejo Nacional de Bomberos Voluntarios","sag":"IGN"},"bbox":[-63.89329695,-27.9220668,-63.89329695,-27.9220668]},{"type":"Feature","id":"estructuras_operativas_y_defensivas_090102.7311","geometry":{"type":"Point","coordinates":[-54.89507653,-27.09553226]},"geometry_name":"geom","properties":{"gid":7311,"entidad":0,"objeto":"Cuartel de bomberos","fna":"Bomberos Voluntarios de Aristóbulo del Valle","gna":"Bomberos Voluntarios","nam":"de Aristóbulo del Valle","fdc":"IGN/Consejo Nacional de Bomberos Voluntarios","sag":"IGN"},"bbox":[-54.89507653,-27.09553226,-54.89507653,-27.09553226]},{"type":"Feature","id":"estructuras_operativas_y_defensivas_090102.7312","geometry":{"type":"Point","coordinates":[-54.97883336,-27.20887243]},"geometry_name":"geom","properties":{"gid":7312,"entidad":0,"objeto":"Cuartel de bomberos","fna":"Bomberos Voluntarios de Campo Grande","gna":"Bomberos Voluntarios","nam":"de Campo Grande","fdc":"IGN/Consejo Nacional de Bomberos Voluntarios","sag":"IGN"},"bbox":[-54.97883336,-27.20887243,-54.97883336,-27.20887243]},{"type":"Feature","id":"estructuras_operativas_y_defensivas_090102.7313","geometry":{"type":"Point","coordinates":[-55.9151452,-27.40832069]},"geometry_name":"geom","properties":{"gid":7313,"entidad":0,"objeto":"Cuartel de bomberos","fna":"Bomberos Voluntarios de Campo Las Dolores - Comandante Migue A. Galleotti","gna":"Bomberos Voluntarios","nam":"de Campo Las Dolores - Comandante Migue A. Galleotti","fdc":"IGN/Consejo Nacional de Bomberos Voluntarios","sag":"IGN"},"bbox":[-55.9151452,-27.40832069,-55.9151452,-27.40832069]},{"type":"Feature","id":"estructuras_operativas_y_defensivas_090102.7314","geometry":{"type":"Point","coordinates":[-55.49529375,-27.63445303]},"geometry_name":"geom","properties":{"gid":7314,"entidad":0,"objeto":"Cuartel de bomberos","fna":"Bomberos Voluntarios de Cerro Azul","gna":"Bomberos Voluntarios","nam":"de Cerro Azul","fdc":"IGN/Consejo Nacional de Bomberos Voluntarios","sag":"IGN"},"bbox":[-55.49529375,-27.63445303,-55.49529375,-27.63445303]},{"type":"Feature","id":"estructuras_operativas_y_defensivas_090102.7315","geometry":{"type":"Point","coordinates":[-54.68642566,-27.022229]},"geometry_name":"geom","properties":{"gid":7315,"entidad":0,"objeto":"Cuartel de bomberos","fna":"Bomberos Voluntarios de Dos de Mayo","gna":"Bomberos Voluntarios","nam":"de Dos de Mayo","fdc":"IGN/Consejo Nacional de Bomberos Voluntarios","sag":"IGN"},"bbox":[-54.68642566,-27.022229,-54.68642566,-27.022229]},{"type":"Feature","id":"estructuras_operativas_y_defensivas_090102.7317","geometry":{"type":"Point","coordinates":[-55.94900697,-27.41833782]},"geometry_name":"geom","properties":{"gid":7317,"entidad":0,"objeto":"Cuartel de bomberos","fna":"Bomberos Voluntarios de Itaembé Miní","gna":"Bomberos Voluntarios","nam":"de Itaembé Miní","fdc":"IGN/Consejo Nacional de Bomberos Voluntarios","sag":"IGN"},"bbox":[-55.94900697,-27.41833782,-55.94900697,-27.41833782]},{"type":"Feature","id":"estructuras_operativas_y_defensivas_090102.7318","geometry":{"type":"Point","coordinates":[-55.32523619,-27.60418308]},"geometry_name":"geom","properties":{"gid":7318,"entidad":0,"objeto":"Cuartel de bomberos","fna":"Bomberos Voluntarios de Leandro N. Alem","gna":"Bomberos Voluntarios","nam":"de Leandro N. Alem","fdc":"IGN/Consejo Nacional de Bomberos Voluntarios","sag":"IGN"},"bbox":[-55.32523619,-27.60418308,-55.32523619,-27.60418308]},{"type":"Feature","id":"estructuras_operativas_y_defensivas_090102.7319","geometry":{"type":"Point","coordinates":[-54.75384443,-26.57015103]},"geometry_name":"geom","properties":{"gid":7319,"entidad":0,"objeto":"Cuartel de bomberos","fna":"Bomberos Voluntarios de Montecarlo","gna":"Bomberos Voluntarios","nam":"de Montecarlo","fdc":"IGN/Consejo Nacional de Bomberos Voluntarios","sag":"IGN"},"bbox":[-54.75384443,-26.57015103,-54.75384443,-26.57015103]},{"type":"Feature","id":"estructuras_operativas_y_defensivas_090102.7320","geometry":{"type":"Point","coordinates":[-55.12347047,-27.47702395]},"geometry_name":"geom","properties":{"gid":7320,"entidad":0,"objeto":"Cuartel de bomberos","fna":"Bomberos Voluntarios de Oberá","gna":"Bomberos Voluntarios","nam":"de Oberá","fdc":"IGN/Consejo Nacional de Bomberos Voluntarios","sag":"IGN"},"bbox":[-55.12347047,-27.47702395,-55.12347047,-27.47702395]},{"type":"Feature","id":"estructuras_operativas_y_defensivas_090102.7321","geometry":{"type":"Point","coordinates":[-54.57567541,-25.59885593]},"geometry_name":"geom","properties":{"gid":7321,"entidad":0,"objeto":"Cuartel de bomberos","fna":"Bomberos Voluntarios de Puerto Iguazú","gna":"Bomberos Voluntarios","nam":"de Puerto Iguazú","fdc":"IGN/Consejo Nacional de Bomberos Voluntarios","sag":"IGN"},"bbox":[-54.57567541,-25.59885593,-54.57567541,-25.59885593]},{"type":"Feature","id":"estructuras_operativas_y_defensivas_090102.7322","geometry":{"type":"Point","coordinates":[-54.58539626,-25.92208251]},"geometry_name":"geom","properties":{"gid":7322,"entidad":0,"objeto":"Cuartel de bomberos","fna":"Bomberos Voluntarios de Puerto Libertad","gna":"Bomberos Voluntarios","nam":"de Puerto Libertad","fdc":"IGN/Consejo Nacional de Bomberos Voluntarios","sag":"IGN"},"bbox":[-54.58539626,-25.92208251,-54.58539626,-25.92208251]},{"type":"Feature","id":"estructuras_operativas_y_defensivas_090102.7323","geometry":{"type":"Point","coordinates":[-54.7179688,-26.4708563]},"geometry_name":"geom","properties":{"gid":7323,"entidad":0,"objeto":"Cuartel de bomberos","fna":"Bomberos Voluntarios de Puerto Piray","gna":"Bomberos Voluntarios","nam":"de Puerto Piray","fdc":"IGN/Consejo Nacional de Bomberos Voluntarios","sag":"IGN"},"bbox":[-54.7179688,-26.4708563,-54.7179688,-26.4708563]},{"type":"Feature","id":"estructuras_operativas_y_defensivas_090102.7324","geometry":{"type":"Point","coordinates":[-55.02526713,-26.82136738]},"geometry_name":"geom","properties":{"gid":7324,"entidad":0,"objeto":"Cuartel de bomberos","fna":"Bomberos Voluntarios de Puerto Rico","gna":"Bomberos Voluntarios","nam":"de Puerto Rico","fdc":"IGN/Consejo Nacional de Bomberos Voluntarios","sag":"IGN"},"bbox":[-55.02526713,-26.82136738,-55.02526713,-26.82136738]},{"type":"Feature","id":"estructuras_operativas_y_defensivas_090102.7325","geometry":{"type":"Point","coordinates":[-55.53717618,-27.26508974]},"geometry_name":"geom","properties":{"gid":7325,"entidad":0,"objeto":"Cuartel de bomberos","fna":"Bomberos Voluntarios de San Ignacio","gna":"Bomberos Voluntarios","nam":"de San Ignacio","fdc":"IGN/Consejo Nacional de Bomberos Voluntarios","sag":"IGN"},"bbox":[-55.53717618,-27.26508974,-55.53717618,-27.26508974]},{"type":"Feature","id":"estructuras_operativas_y_defensivas_090102.7326","geometry":{"type":"Point","coordinates":[-54.48186818,-26.99657819]},"geometry_name":"geom","properties":{"gid":7326,"entidad":0,"objeto":"Cuartel de bomberos","fna":"Bomberos Voluntarios de San Vicente","gna":"Bomberos Voluntarios","nam":"de San Vicente","fdc":"IGN/Consejo Nacional de Bomberos Voluntarios","sag":"IGN"},"bbox":[-54.48186818,-26.99657819,-54.48186818,-26.99657819]},{"type":"Feature","id":"estructuras_operativas_y_defensivas_090102.7327","geometry":{"type":"Point","coordinates":[-54.55694367,-25.97185226]},"geometry_name":"geom","properties":{"gid":7327,"entidad":0,"objeto":"Cuartel de bomberos","fna":"Asociación Bomberos Voluntarios de Wanda","gna":"Asociación Bomberos Voluntarios","nam":"de Wanda","fdc":"IGN/Consejo Nacional de Bomberos Voluntarios","sag":"IGN"},"bbox":[-54.55694367,-25.97185226,-54.55694367,-25.97185226]},{"type":"Feature","id":"estructuras_operativas_y_defensivas_090102.7328","geometry":{"type":"Point","coordinates":[-55.90470801,-27.38350108]},"geometry_name":"geom","properties":{"gid":7328,"entidad":0,"objeto":"Cuartel de bomberos","fna":"Dirección Bomberos de la Policía de Misiones - Cuartel Central","gna":"Dirección Bomberos de la Policía","nam":"de Misiones - Cuartel Central","fdc":"IGN","sag":"IGN"},"bbox":[-55.90470801,-27.38350108,-55.90470801,-27.38350108]},{"type":"Feature","id":"estructuras_operativas_y_defensivas_090102.7329","geometry":{"type":"Point","coordinates":[-55.9492699,-27.36577261]},"geometry_name":"geom","properties":{"gid":7329,"entidad":0,"objeto":"Cuartel de bomberos","fna":"División Bomberos de la Policía de Misiones - Zona Oeste","gna":"División Bomberos de la Policía","nam":"de Misiones - Zona Oeste","fdc":"Street View","sag":"IGN"},"bbox":[-55.9492699,-27.36577261,-55.9492699,-27.36577261]},{"type":"Feature","id":"estructuras_operativas_y_defensivas_090102.7330","geometry":{"type":"Point","coordinates":[-55.89192104,-27.37465351]},"geometry_name":"geom","properties":{"gid":7330,"entidad":0,"objeto":"Cuartel de bomberos","fna":"División Bomberos de la Policía de Misiones - Zona Centro","gna":"División Bomberos de la Policía","nam":"de Misiones - Zona Centro","fdc":"Street View","sag":"IGN"},"bbox":[-55.89192104,-27.37465351,-55.89192104,-27.37465351]},{"type":"Feature","id":"estructuras_operativas_y_defensivas_090102.7331","geometry":{"type":"Point","coordinates":[-56.55114703,-29.09447649]},"geometry_name":"geom","properties":{"gid":7331,"entidad":0,"objeto":"Cuartel de bomberos","fna":"Bomberos Voluntarios de Alvear","gna":"Bomberos Voluntarios","nam":"de Alvear","fdc":"IGN/Consejo Nacional de Bomberos Voluntarios","sag":"IGN"},"bbox":[-56.55114703,-29.09447649,-56.55114703,-29.09447649]},{"type":"Feature","id":"estructuras_operativas_y_defensivas_090102.7332","geometry":{"type":"Point","coordinates":[-59.04162807,-28.50455122]},"geometry_name":"geom","properties":{"gid":7332,"entidad":0,"objeto":"Cuartel de bomberos","fna":"Bomberos Voluntarios de Bella Vista","gna":"Bomberos Voluntarios","nam":"de Bella Vista","fdc":"IGN/Consejo Nacional de Bomberos Voluntarios","sag":"IGN"},"bbox":[-59.04162807,-28.50455122,-59.04162807,-28.50455122]},{"type":"Feature","id":"estructuras_operativas_y_defensivas_090102.7333","geometry":{"type":"Point","coordinates":[-57.61879386,-27.75169246]},"geometry_name":"geom","properties":{"gid":7333,"entidad":0,"objeto":"Cuartel de bomberos","fna":"Bomberos Voluntarios de Nuestra Señora del Rosario de Caá Catí","gna":"Bomberos Voluntarios","nam":"de Nuestra Señora del Rosario de Caá Catí","fdc":"IGN/Consejo Nacional de Bomberos Voluntarios","sag":"IGN"},"bbox":[-57.61879386,-27.75169246,-57.61879386,-27.75169246]},{"type":"Feature","id":"estructuras_operativas_y_defensivas_090102.7334","geometry":{"type":"Point","coordinates":[-58.04903366,-29.7880534]},"geometry_name":"geom","properties":{"gid":7334,"entidad":0,"objeto":"Cuartel de bomberos","fna":"Bomberos Voluntarios de Curuzú Cuatiá","gna":"Bomberos Voluntarios","nam":"de Curuzú Cuatiá","fdc":"IGN/Consejo Nacional de Bomberos Voluntarios","sag":"IGN"},"bbox":[-58.04903366,-29.7880534,-58.04903366,-29.7880534]},{"type":"Feature","id":"estructuras_operativas_y_defensivas_090102.7335","geometry":{"type":"Point","coordinates":[-58.80483262,-27.95345313]},"geometry_name":"geom","properties":{"gid":7335,"entidad":0,"objeto":"Cuartel de bomberos","fna":"Bomberos Voluntarios de Empedrado","gna":"Bomberos Voluntarios","nam":"de Empedrado","fdc":"IGN/Consejo Nacional de Bomberos Voluntarios","sag":"IGN"},"bbox":[-58.80483262,-27.95345313,-58.80483262,-27.95345313]},{"type":"Feature","id":"estructuras_operativas_y_defensivas_090102.7336","geometry":{"type":"Point","coordinates":[-59.53053758,-30.01820843]},"geometry_name":"geom","properties":{"gid":7336,"entidad":0,"objeto":"Cuartel de bomberos","fna":"Bomberos Voluntarios de Esquina","gna":"Bomberos Voluntarios","nam":"de Esquina","fdc":"IGN/Consejo Nacional de Bomberos Voluntarios","sag":"IGN"},"bbox":[-59.53053758,-30.01820843,-59.53053758,-30.01820843]},{"type":"Feature","id":"estructuras_operativas_y_defensivas_090102.7337","geometry":{"type":"Point","coordinates":[-59.2719648,-29.14468464]},"geometry_name":"geom","properties":{"gid":7337,"entidad":0,"objeto":"Cuartel de bomberos","fna":"Asociación Bomberos Voluntarios de Goya","gna":"Asociación Bomberos Voluntarios","nam":"de Goya","fdc":"IGN/Consejo Nacional de Bomberos Voluntarios","sag":"IGN"},"bbox":[-59.2719648,-29.14468464,-59.2719648,-29.14468464]},{"type":"Feature","id":"estructuras_operativas_y_defensivas_090102.7338","geometry":{"type":"Point","coordinates":[-56.69209984,-27.58560482]},"geometry_name":"geom","properties":{"gid":7338,"entidad":0,"objeto":"Cuartel de bomberos","fna":"Bomberos Voluntarios de Ituzaingó","gna":"Bomberos Voluntarios","nam":"de Ituzaingó","fdc":"IGN/Consejo Nacional de Bomberos Voluntarios","sag":"IGN"},"bbox":[-56.69209984,-27.58560482,-56.69209984,-27.58560482]},{"type":"Feature","id":"estructuras_operativas_y_defensivas_090102.7339","geometry":{"type":"Point","coordinates":[-58.22975196,-28.04809589]},"geometry_name":"geom","properties":{"gid":7339,"entidad":0,"objeto":"Cuartel de bomberos","fna":"Bomberos Voluntarios de Mburucuyá","gna":"Bomberos Voluntarios","nam":"de Mburucuyá","fdc":"IGN/Consejo Nacional de Bomberos Voluntarios","sag":"IGN"},"bbox":[-58.22975196,-28.04809589,-58.22975196,-28.04809589]},{"type":"Feature","id":"estructuras_operativas_y_defensivas_090102.7340","geometry":{"type":"Point","coordinates":[-57.63063697,-30.24995335]},"geometry_name":"geom","properties":{"gid":7340,"entidad":0,"objeto":"Cuartel de bomberos","fna":"Asociación Bomberos Voluntarios de Monte Caseros","gna":"Asociación Bomberos Voluntarios","nam":"de Monte Caseros","fdc":"IGN/Consejo Nacional de Bomberos Voluntarios","sag":"IGN"},"bbox":[-57.63063697,-30.24995335,-57.63063697,-30.24995335]},{"type":"Feature","id":"estructuras_operativas_y_defensivas_090102.7341","geometry":{"type":"Point","coordinates":[-58.56944416,-27.32006751]},"geometry_name":"geom","properties":{"gid":7341,"entidad":0,"objeto":"Cuartel de bomberos","fna":"Bomberos Voluntarios de Paso de la Patria","gna":"Bomberos Voluntarios","nam":"de Paso de la Patria","fdc":"IGN/Consejo Nacional de Bomberos Voluntarios","sag":"IGN"},"bbox":[-58.56944416,-27.32006751,-58.56944416,-27.32006751]},{"type":"Feature","id":"estructuras_operativas_y_defensivas_090102.7342","geometry":{"type":"Point","coordinates":[-57.09189403,-29.71337117]},"geometry_name":"geom","properties":{"gid":7342,"entidad":0,"objeto":"Cuartel de bomberos","fna":"Asociación Bomberos Voluntarios de Paso de los Libres","gna":"Asociación Bomberos Voluntarios","nam":"de Paso de los Libres","fdc":"IGN/Consejo Nacional de Bomberos Voluntarios","sag":"IGN"},"bbox":[-57.09189403,-29.71337117,-57.09189403,-29.71337117]},{"type":"Feature","id":"estructuras_operativas_y_defensivas_090102.7343","geometry":{"type":"Point","coordinates":[-57.11670068,-29.71074676]},"geometry_name":"geom","properties":{"gid":7343,"entidad":0,"objeto":"Cuartel de bomberos","fna":"Primer Destacamento de Bomberos Voluntarios","gna":"Primer Destacamento","nam":"de Bomberos Voluntarios","fdc":"IGN/Cuartel de Bomberos Voluntarios","sag":"IGN"},"bbox":[-57.11670068,-29.71074676,-57.11670068,-29.71074676]},{"type":"Feature","id":"estructuras_operativas_y_defensivas_090102.7344","geometry":{"type":"Point","coordinates":[-58.62525264,-28.25216884]},"geometry_name":"geom","properties":{"gid":7344,"entidad":0,"objeto":"Cuartel de bomberos","fna":"Bomberos Voluntarios de Saladas","gna":"Bomberos Voluntarios","nam":"de Saladas","fdc":"IGN/Consejo Nacional de Bomberos Voluntarios","sag":"IGN"},"bbox":[-58.62525264,-28.25216884,-58.62525264,-28.25216884]},{"type":"Feature","id":"estructuras_operativas_y_defensivas_090102.7345","geometry":{"type":"Point","coordinates":[-58.71365789,-28.57822494]},"geometry_name":"geom","properties":{"gid":7345,"entidad":0,"objeto":"Cuartel de bomberos","fna":"Bomberos Voluntarios de San Roque","gna":"Bomberos Voluntarios","nam":"de San Roque","fdc":"IGN/Consejo Nacional de Bomberos Voluntarios","sag":"IGN"},"bbox":[-58.71365789,-28.57822494,-58.71365789,-28.57822494]},{"type":"Feature","id":"estructuras_operativas_y_defensivas_090102.7346","geometry":{"type":"Point","coordinates":[-58.65836689,-27.45637671]},"geometry_name":"geom","properties":{"gid":7346,"entidad":0,"objeto":"Cuartel de bomberos","fna":"Bomberos Voluntarios de Santa Ana","gna":"Bomberos Voluntarios","nam":"de Santa Ana","fdc":"IGN/Consejo Nacional de Bomberos Voluntarios","sag":"IGN"},"bbox":[-58.65836689,-27.45637671,-58.65836689,-27.45637671]},{"type":"Feature","id":"estructuras_operativas_y_defensivas_090102.7347","geometry":{"type":"Point","coordinates":[-56.04953536,-28.5504542]},"geometry_name":"geom","properties":{"gid":7347,"entidad":0,"objeto":"Cuartel de bomberos","fna":"Bomberos Voluntarios de Santo Tomé","gna":"Bomberos Voluntarios","nam":"de Santo Tomé","fdc":"IGN/Consejo Nacional de Bomberos Voluntarios","sag":"IGN"},"bbox":[-56.04953536,-28.5504542,-56.04953536,-28.5504542]},{"type":"Feature","id":"estructuras_operativas_y_defensivas_090102.7348","geometry":{"type":"Point","coordinates":[-56.81657766,-29.46477314]},"geometry_name":"geom","properties":{"gid":7348,"entidad":0,"objeto":"Cuartel de bomberos","fna":"Bomberos Voluntarios de Yapeyú","gna":"Bomberos Voluntarios","nam":"de Yapeyú","fdc":"IGN/Consejo Nacional de Bomberos Voluntarios","sag":"IGN"},"bbox":[-56.81657766,-29.46477314,-56.81657766,-29.46477314]},{"type":"Feature","id":"estructuras_operativas_y_defensivas_090102.7349","geometry":{"type":"Point","coordinates":[-58.83173626,-27.47609472]},"geometry_name":"geom","properties":{"gid":7349,"entidad":0,"objeto":"Cuartel de bomberos","fna":"Unidad Especial de Bomberos de la Policía de Corrientes","gna":"Unidad Especial de Bomberos","nam":"de la Policía de Corrientes","fdc":"IGN","sag":"IGN"},"bbox":[-58.83173626,-27.47609472,-58.83173626,-27.47609472]},{"type":"Feature","id":"estructuras_operativas_y_defensivas_090102.7350","geometry":{"type":"Point","coordinates":[-58.83250115,-27.48788995]},"geometry_name":"geom","properties":{"gid":7350,"entidad":0,"objeto":"Cuartel de bomberos","fna":"Asociación Bomberos Voluntarios de Corrientes","gna":"Asociación Bomberos Voluntarios","nam":"de Corrientes","fdc":"IGN/Consejo Nacional de Bomberos Voluntarios","sag":"IGN"},"bbox":[-58.83250115,-27.48788995,-58.83250115,-27.48788995]},{"type":"Feature","id":"estructuras_operativas_y_defensivas_090102.7351","geometry":{"type":"Point","coordinates":[-58.78571328,-27.48939735]},"geometry_name":"geom","properties":{"gid":7351,"entidad":0,"objeto":"Cuartel de bomberos","fna":"Bomberos de la Policía de Corrrientes - Cuartel II","gna":"Bomberos","nam":"de la Policía de Corrrientes - Cuartel II","fdc":"IGN","sag":"IGN"},"bbox":[-58.78571328,-27.48939735,-58.78571328,-27.48939735]},{"type":"Feature","id":"estructuras_operativas_y_defensivas_090102.7352","geometry":{"type":"Point","coordinates":[-58.74327358,-27.57986265]},"geometry_name":"geom","properties":{"gid":7352,"entidad":0,"objeto":"Cuartel de bomberos","fna":"Asociación Bomberos Voluntarios de Riachuelo","gna":"Asociación Bomberos Voluntarios","nam":"de Riachuelo","fdc":"IGN/Consejo Nacional de Bomberos Voluntarios","sag":"IGN"},"bbox":[-58.74327358,-27.57986265,-58.74327358,-27.57986265]},{"type":"Feature","id":"estructuras_operativas_y_defensivas_090102.7353","geometry":{"type":"Point","coordinates":[-58.87226699,-32.37345783]},"geometry_name":"geom","properties":{"gid":7353,"entidad":0,"objeto":"Cuartel de bomberos","fna":"Bomberos Voluntarios de Basavilbaso","gna":"Bomberos Voluntarios","nam":"de Basavilbaso","fdc":"IGN/Consejo Nacional de Bomberos Voluntarios","sag":"IGN"},"bbox":[-58.87226699,-32.37345783,-58.87226699,-32.37345783]},{"type":"Feature","id":"estructuras_operativas_y_defensivas_090102.7354","geometry":{"type":"Point","coordinates":[-59.45048381,-31.3401527]},"geometry_name":"geom","properties":{"gid":7354,"entidad":0,"objeto":"Cuartel de bomberos","fna":"Bomberos Voluntarios de Bovril","gna":"Bomberos Voluntarios","nam":"de Bovril","fdc":"IGN/Consejo Nacional de Bomberos Voluntarios","sag":"IGN"},"bbox":[-59.45048381,-31.3401527,-59.45048381,-31.3401527]},{"type":"Feature","id":"estructuras_operativas_y_defensivas_090102.7355","geometry":{"type":"Point","coordinates":[-58.80878876,-33.50030396]},"geometry_name":"geom","properties":{"gid":7355,"entidad":0,"objeto":"Cuartel de bomberos","fna":"Bomberos Voluntarios de Ceibas","gna":"Bomberos Voluntarios","nam":"de Ceibas","fdc":"IGN/Consejo Nacional de Bomberos Voluntarios","sag":"IGN"},"bbox":[-58.80878876,-33.50030396,-58.80878876,-33.50030396]},{"type":"Feature","id":"estructuras_operativas_y_defensivas_090102.7356","geometry":{"type":"Point","coordinates":[-57.98828602,-30.75542302]},"geometry_name":"geom","properties":{"gid":7356,"entidad":0,"objeto":"Cuartel de bomberos","fna":"Asociación Bomberos Voluntarios de Chajari","gna":"Asociación Bomberos Voluntarios","nam":"de Chajari","fdc":"IGN/Consejo Nacional de Bomberos Voluntarios","sag":"IGN"},"bbox":[-57.98828602,-30.75542302,-57.98828602,-30.75542302]},{"type":"Feature","id":"estructuras_operativas_y_defensivas_090102.7357","geometry":{"type":"Point","coordinates":[-58.14087307,-32.22475777]},"geometry_name":"geom","properties":{"gid":7357,"entidad":0,"objeto":"Cuartel de bomberos","fna":"Bomberos Voluntarios de Colón","gna":"Bomberos Voluntarios","nam":"de Colón","fdc":"IGN/Consejo Nacional de Bomberos Voluntarios","sag":"IGN"},"bbox":[-58.14087307,-32.22475777,-58.14087307,-32.22475777]},{"type":"Feature","id":"estructuras_operativas_y_defensivas_090102.7358","geometry":{"type":"Point","coordinates":[-58.24192827,-32.48283565]},"geometry_name":"geom","properties":{"gid":7358,"entidad":0,"objeto":"Cuartel de bomberos","fna":"Bomberos Voluntarios de Concepción del Uruguay","gna":"Bomberos Voluntarios","nam":"de Concepción del Uruguay","fdc":"IGN/Consejo Nacional de Bomberos Voluntarios","sag":"IGN"},"bbox":[-58.24192827,-32.48283565,-58.24192827,-32.48283565]},{"type":"Feature","id":"estructuras_operativas_y_defensivas_090102.7359","geometry":{"type":"Point","coordinates":[-58.01222575,-31.38081451]},"geometry_name":"geom","properties":{"gid":7359,"entidad":0,"objeto":"Cuartel de bomberos","fna":"Bomberos Voluntarios de Concordia","gna":"Bomberos Voluntarios","nam":"de Concordia","fdc":"IGN/Consejo Nacional de Bomberos Voluntarios","sag":"IGN"},"bbox":[-58.01222575,-31.38081451,-58.01222575,-31.38081451]},{"type":"Feature","id":"estructuras_operativas_y_defensivas_090102.7360","geometry":{"type":"Point","coordinates":[-60.31370833,-32.02811473]},"geometry_name":"geom","properties":{"gid":7360,"entidad":0,"objeto":"Cuartel de bomberos","fna":"Bomberos Voluntarios de Crespo","gna":"Bomberos Voluntarios","nam":"de Crespo","fdc":"IGN/Consejo Nacional de Bomberos Voluntarios","sag":"IGN"},"bbox":[-60.31370833,-32.02811473,-60.31370833,-32.02811473]},{"type":"Feature","id":"estructuras_operativas_y_defensivas_090102.7361","geometry":{"type":"Point","coordinates":[-60.63726525,-32.07124995]},"geometry_name":"geom","properties":{"gid":7361,"entidad":0,"objeto":"Cuartel de bomberos","fna":"Bomberos Voluntarios de Diamante","gna":"Bomberos Voluntarios","nam":"de Diamante","fdc":"IGN/Consejo Nacional de Bomberos Voluntarios","sag":"IGN"},"bbox":[-60.63726525,-32.07124995,-60.63726525,-32.07124995]},{"type":"Feature","id":"estructuras_operativas_y_defensivas_090102.7362","geometry":{"type":"Point","coordinates":[-57.91935593,-30.99635569]},"geometry_name":"geom","properties":{"gid":7362,"entidad":0,"objeto":"Cuartel de bomberos","fna":"Bomberos Voluntarios de Federación","gna":"Bomberos Voluntarios","nam":"de Federación","fdc":"IGN/Consejo Nacional de Bomberos Voluntarios","sag":"IGN"},"bbox":[-57.91935593,-30.99635569,-57.91935593,-30.99635569]},{"type":"Feature","id":"estructuras_operativas_y_defensivas_090102.7363","geometry":{"type":"Point","coordinates":[-58.78460333,-30.94401085]},"geometry_name":"geom","properties":{"gid":7363,"entidad":0,"objeto":"Cuartel de bomberos","fna":"Bomberos Voluntarios de Federal","gna":"Bomberos Voluntarios","nam":"de Federal","fdc":"IGN/Consejo Nacional de Bomberos Voluntarios","sag":"IGN"},"bbox":[-58.78460333,-30.94401085,-58.78460333,-30.94401085]},{"type":"Feature","id":"estructuras_operativas_y_defensivas_090102.7364","geometry":{"type":"Point","coordinates":[-60.1980902,-32.17171145]},"geometry_name":"geom","properties":{"gid":7364,"entidad":0,"objeto":"Cuartel de bomberos","fna":"Bomberos Voluntarios de General Ramírez","gna":"Bomberos Voluntarios","nam":"de General Ramírez","fdc":"IGN/Consejo Nacional de Bomberos Voluntarios","sag":"IGN"},"bbox":[-60.1980902,-32.17171145,-60.1980902,-32.17171145]},{"type":"Feature","id":"estructuras_operativas_y_defensivas_090102.7365","geometry":{"type":"Point","coordinates":[-59.31478114,-33.14004295]},"geometry_name":"geom","properties":{"gid":7365,"entidad":0,"objeto":"Cuartel de bomberos","fna":"Bomberos Voluntarios de Gualeguay","gna":"Bomberos Voluntarios","nam":"de Gualeguay","fdc":"IGN/Consejo Nacional de Bomberos Voluntarios","sag":"IGN"},"bbox":[-59.31478114,-33.14004295,-59.31478114,-33.14004295]},{"type":"Feature","id":"estructuras_operativas_y_defensivas_090102.7366","geometry":{"type":"Point","coordinates":[-58.51966889,-33.01139851]},"geometry_name":"geom","properties":{"gid":7366,"entidad":0,"objeto":"Cuartel de bomberos","fna":"Bomberos Voluntarios de Gualeguaychú","gna":"Bomberos Voluntarios","nam":"de Gualeguaychú","fdc":"IGN/Consejo Nacional de Bomberos Voluntarios","sag":"IGN"},"bbox":[-58.51966889,-33.01139851,-58.51966889,-33.01139851]},{"type":"Feature","id":"estructuras_operativas_y_defensivas_090102.7367","geometry":{"type":"Point","coordinates":[-59.15424473,-33.74573954]},"geometry_name":"geom","properties":{"gid":7367,"entidad":0,"objeto":"Cuartel de bomberos","fna":"Bomberos Voluntarios de Ibicuy","gna":"Bomberos Voluntarios","nam":"de Ibicuy","fdc":"IGN/Consejo Nacional de Bomberos Voluntarios","sag":"IGN"},"bbox":[-59.15424473,-33.74573954,-59.15424473,-33.74573954]},{"type":"Feature","id":"estructuras_operativas_y_defensivas_090102.7368","geometry":{"type":"Point","coordinates":[-59.39990626,-32.17330506]},"geometry_name":"geom","properties":{"gid":7368,"entidad":0,"objeto":"Cuartel de bomberos","fna":"Bomberos Voluntarios de Maciá","gna":"Bomberos Voluntarios","nam":"de Maciá","fdc":"IGN/Consejo Nacional de Bomberos Voluntarios","sag":"IGN"},"bbox":[-59.39990626,-32.17330506,-59.39990626,-32.17330506]},{"type":"Feature","id":"estructuras_operativas_y_defensivas_090102.7369","geometry":{"type":"Point","coordinates":[-59.89863182,-31.66787717]},"geometry_name":"geom","properties":{"gid":7369,"entidad":0,"objeto":"Cuartel de bomberos","fna":"Bomberos Voluntarios de María Grande","gna":"Bomberos Voluntarios","nam":"de María Grande","fdc":"IGN/Consejo Nacional de Bomberos Voluntarios","sag":"IGN"},"bbox":[-59.89863182,-31.66787717,-59.89863182,-31.66787717]},{"type":"Feature","id":"estructuras_operativas_y_defensivas_090102.7370","geometry":{"type":"Point","coordinates":[-59.79962325,-32.39103717]},"geometry_name":"geom","properties":{"gid":7370,"entidad":0,"objeto":"Cuartel de bomberos","fna":"Asociación Bomberos Voluntarios de Nogoyá","gna":"Asociación Bomberos Voluntarios","nam":"de Nogoyá","fdc":"IGN/Consejo Nacional de Bomberos Voluntarios","sag":"IGN"},"bbox":[-59.79962325,-32.39103717,-59.79962325,-32.39103717]},{"type":"Feature","id":"estructuras_operativas_y_defensivas_090102.7371","geometry":{"type":"Point","coordinates":[-60.53148171,-31.74245335]},"geometry_name":"geom","properties":{"gid":7371,"entidad":0,"objeto":"Cuartel de bomberos","fna":"Bomberos Voluntarios de Paraná","gna":"Bomberos Voluntarios","nam":"de Paraná","fdc":"IGN/Consejo Nacional de Bomberos Voluntarios","sag":"IGN"},"bbox":[-60.53148171,-31.74245335,-60.53148171,-31.74245335]},{"type":"Feature","id":"estructuras_operativas_y_defensivas_090102.7372","geometry":{"type":"Point","coordinates":[-60.54628817,-31.73740363]},"geometry_name":"geom","properties":{"gid":7372,"entidad":0,"objeto":"Cuartel de bomberos","fna":"División Bomberos Zapadores de la Policía de Entre Ríos - Cuartel San Agustín","gna":"División Bomberos Zapadores","nam":"de la Policía de Entre Ríos - Cuartel San Agustín","fdc":"Street View","sag":"IGN"},"bbox":[-60.54628817,-31.73740363,-60.54628817,-31.73740363]},{"type":"Feature","id":"estructuras_operativas_y_defensivas_090102.7373","geometry":{"type":"Point","coordinates":[-60.49554045,-31.75753487]},"geometry_name":"geom","properties":{"gid":7373,"entidad":0,"objeto":"Cuartel de bomberos","fna":"División Bomberos Zapadores de la Policía de Entre Ríos - Cuartel Central","gna":"División Bomberos Zapadores","nam":"de la Policía de Entre Ríos - Cuartel Central","fdc":"IGN","sag":"IGN"},"bbox":[-60.49554045,-31.75753487,-60.49554045,-31.75753487]},{"type":"Feature","id":"estructuras_operativas_y_defensivas_090102.7374","geometry":{"type":"Point","coordinates":[-58.44117867,-32.34422311]},"geometry_name":"geom","properties":{"gid":7374,"entidad":0,"objeto":"Cuartel de bomberos","fna":"Bomberos Voluntarios de Pronunciamiento","gna":"Bomberos Voluntarios","nam":"de Pronunciamiento","fdc":"IGN/Consejo Nacional de Bomberos Voluntarios","sag":"IGN"},"bbox":[-58.44117867,-32.34422311,-58.44117867,-32.34422311]},{"type":"Feature","id":"estructuras_operativas_y_defensivas_090102.7375","geometry":{"type":"Point","coordinates":[-58.46619216,-33.01784776]},"geometry_name":"geom","properties":{"gid":7375,"entidad":0,"objeto":"Cuartel de bomberos","fna":"Bomberos Voluntarios de Pueblo General Belgrano","gna":"Bomberos Voluntarios","nam":"de Pueblo General Belgrano","fdc":"IGN/Consejo Nacional de Bomberos Voluntarios","sag":"IGN"},"bbox":[-58.46619216,-33.01784776,-58.46619216,-33.01784776]},{"type":"Feature","id":"estructuras_operativas_y_defensivas_090102.7376","geometry":{"type":"Point","coordinates":[-58.2210783,-32.20189583]},"geometry_name":"geom","properties":{"gid":7376,"entidad":0,"objeto":"Cuartel de bomberos","fna":"Bomberos Voluntarios de San José","gna":"Bomberos Voluntarios","nam":"de San José","fdc":"IGN/Consejo Nacional de Bomberos Voluntarios","sag":"IGN"},"bbox":[-58.2210783,-32.20189583,-58.2210783,-32.20189583]},{"type":"Feature","id":"estructuras_operativas_y_defensivas_090102.7377","geometry":{"type":"Point","coordinates":[-58.50676561,-31.6245049]},"geometry_name":"geom","properties":{"gid":7377,"entidad":0,"objeto":"Cuartel de bomberos","fna":"Cuerpo de Bomberos Voluntarios de San Salvador","gna":"Cuerpo de Bomberos Voluntarios","nam":"de San Salvador","fdc":"IGN/Cuartel de Bomberos Voluntarios","sag":"IGN"},"bbox":[-58.50676561,-31.6245049,-58.50676561,-31.6245049]},{"type":"Feature","id":"estructuras_operativas_y_defensivas_090102.7378","geometry":{"type":"Point","coordinates":[-58.88241186,-32.69216731]},"geometry_name":"geom","properties":{"gid":7378,"entidad":0,"objeto":"Cuartel de bomberos","fna":"Bomberos Voluntarios de Urdinarrain","gna":"Bomberos Voluntarios","nam":"de Urdinarrain","fdc":"IGN/Consejo Nacional de Bomberos Voluntarios","sag":"IGN"},"bbox":[-58.88241186,-32.69216731,-58.88241186,-32.69216731]},{"type":"Feature","id":"estructuras_operativas_y_defensivas_090102.7379","geometry":{"type":"Point","coordinates":[-60.15561694,-32.61644814]},"geometry_name":"geom","properties":{"gid":7379,"entidad":0,"objeto":"Cuartel de bomberos","fna":"Bomberos Voluntarios de Victoria","gna":"Bomberos Voluntarios","nam":"de Victoria","fdc":"IGN/Consejo Nacional de Bomberos Voluntarios","sag":"IGN"},"bbox":[-60.15561694,-32.61644814,-60.15561694,-32.61644814]},{"type":"Feature","id":"estructuras_operativas_y_defensivas_090102.7380","geometry":{"type":"Point","coordinates":[-58.40159594,-32.16283438]},"geometry_name":"geom","properties":{"gid":7380,"entidad":0,"objeto":"Cuartel de bomberos","fna":"Bomberos Voluntarios de Villa Elisa","gna":"Bomberos Voluntarios","nam":"de Villa Elisa","fdc":"IGN/Consejo Nacional de Bomberos Voluntarios","sag":"IGN"},"bbox":[-58.40159594,-32.16283438,-58.40159594,-32.16283438]},{"type":"Feature","id":"estructuras_operativas_y_defensivas_090102.7381","geometry":{"type":"Point","coordinates":[-58.66514711,-33.71517908]},"geometry_name":"geom","properties":{"gid":7381,"entidad":0,"objeto":"Cuartel de bomberos","fna":"Bomberos Voluntarios de Villa Paranacito","gna":"Bomberos Voluntarios","nam":"de Villa Paranacito","fdc":"IGN/Consejo Nacional de Bomberos Voluntarios","sag":"IGN"},"bbox":[-58.66514711,-33.71517908,-58.66514711,-33.71517908]},{"type":"Feature","id":"estructuras_operativas_y_defensivas_090102.7382","geometry":{"type":"Point","coordinates":[-59.03511549,-31.86425524]},"geometry_name":"geom","properties":{"gid":7382,"entidad":0,"objeto":"Cuartel de bomberos","fna":"Bomberos Voluntarios de Villaguay","gna":"Bomberos Voluntarios","nam":"de Villaguay","fdc":"IGN/Consejo Nacional de Bomberos Voluntarios","sag":"IGN"},"bbox":[-59.03511549,-31.86425524,-59.03511549,-31.86425524]},{"type":"Feature","id":"estructuras_operativas_y_defensivas_090102.7383","geometry":{"type":"Point","coordinates":[-64.9956918,-33.18024481]},"geometry_name":"geom","properties":{"gid":7383,"entidad":0,"objeto":"Cuartel de bomberos","fna":"Bomberos Voluntarios de Achiras - Cuartel 116","gna":"Bomberos Voluntarios","nam":"de Achiras - Cuartel 116","fdc":"IGN/Consejo Nacional de Bomberos Voluntarios","sag":"IGN"},"bbox":[-64.9956918,-33.18024481,-64.9956918,-33.18024481]},{"type":"Feature","id":"estructuras_operativas_y_defensivas_090102.7384","geometry":{"type":"Point","coordinates":[-64.01675913,-33.63132582]},"geometry_name":"geom","properties":{"gid":7384,"entidad":0,"objeto":"Cuartel de bomberos","fna":"Bomberos Voluntarios de Adelia María - Cuartel 59 Osvaldo Ramón Rossi","gna":"Bomberos Voluntarios","nam":"de Adelia María - Cuartel 59 Osvaldo Ramón Rossi","fdc":"IGN/Consejo Nacional de Bomberos Voluntarios","sag":"IGN"},"bbox":[-64.01675913,-33.63132582,-64.01675913,-33.63132582]},{"type":"Feature","id":"estructuras_operativas_y_defensivas_090102.7385","geometry":{"type":"Point","coordinates":[-64.34028499,-32.75179139]},"geometry_name":"geom","properties":{"gid":7385,"entidad":0,"objeto":"Cuartel de bomberos","fna":"Bomberos Voluntarios de Alcira Gigena - Cuartel 119","gna":"Bomberos Voluntarios","nam":"de Alcira Gigena - Cuartel 119","fdc":"IGN/Consejo Nacional de Bomberos Voluntarios","sag":"IGN"},"bbox":[-64.34028499,-32.75179139,-64.34028499,-32.75179139]},{"type":"Feature","id":"estructuras_operativas_y_defensivas_090102.7386","geometry":{"type":"Point","coordinates":[-62.62647321,-33.60761788]},"geometry_name":"geom","properties":{"gid":7386,"entidad":0,"objeto":"Cuartel de bomberos","fna":"Bomberos Voluntarios de Alejo Ledesma - Cuartel 93","gna":"Bomberos Voluntarios","nam":"de Alejo Ledesma - Cuartel 93","fdc":"IGN/Cuartel de Bomberos Voluntarios","sag":"IGN"},"bbox":[-62.62647321,-33.60761788,-62.62647321,-33.60761788]},{"type":"Feature","id":"estructuras_operativas_y_defensivas_090102.7387","geometry":{"type":"Point","coordinates":[-62.46416701,-31.94352641]},"geometry_name":"geom","properties":{"gid":7387,"entidad":0,"objeto":"Cuartel de bomberos","fna":"Asociación Bomberos Voluntarios de Alicia - Cuartel 149","gna":"Asociación Bomberos Voluntarios","nam":"de Alicia - Cuartel 149","fdc":"IGN/Consejo Nacional de Bomberos Voluntarios","sag":"IGN"},"bbox":[-62.46416701,-31.94352641,-62.46416701,-31.94352641]},{"type":"Feature","id":"estructuras_operativas_y_defensivas_090102.7388","geometry":{"type":"Point","coordinates":[-64.25793335,-32.19209567]},"geometry_name":"geom","properties":{"gid":7388,"entidad":0,"objeto":"Cuartel de bomberos","fna":"Bomberos Voluntarios de Almafuerte - Cuartel 43","gna":"Bomberos Voluntarios","nam":"de Almafuerte - Cuartel 43","fdc":"IGN/Consejo Nacional de Bomberos Voluntarios","sag":"IGN"},"bbox":[-64.25793335,-32.19209567,-64.25793335,-32.19209567]},{"type":"Feature","id":"estructuras_operativas_y_defensivas_090102.7389","geometry":{"type":"Point","coordinates":[-64.42726535,-31.65253812]},"geometry_name":"geom","properties":{"gid":7389,"entidad":0,"objeto":"Cuartel de bomberos","fna":"Bomberos Voluntarios de Alta Gracia - Cuartel 8","gna":"Bomberos Voluntarios","nam":"de Alta Gracia - Cuartel 8","fdc":"IGN/Consejo Nacional de Bomberos Voluntarios","sag":"IGN"},"bbox":[-64.42726535,-31.65253812,-64.42726535,-31.65253812]},{"type":"Feature","id":"estructuras_operativas_y_defensivas_090102.7390","geometry":{"type":"Point","coordinates":[-63.05355974,-31.41009847]},"geometry_name":"geom","properties":{"gid":7390,"entidad":0,"objeto":"Cuartel de bomberos","fna":"Bomberos Voluntarios de Arroyito - Cuartel 21","gna":"Bomberos Voluntarios","nam":"de Arroyito - Cuartel 21","fdc":"IGN/Consejo Nacional de Bomberos Voluntarios","sag":"IGN"},"bbox":[-63.05355974,-31.41009847,-63.05355974,-31.41009847]},{"type":"Feature","id":"estructuras_operativas_y_defensivas_090102.7391","geometry":{"type":"Point","coordinates":[-62.98341546,-32.54371668]},"geometry_name":"geom","properties":{"gid":7391,"entidad":0,"objeto":"Cuartel de bomberos","fna":"Sociedad de Bomberos Voluntarios de Ballesteros","gna":"Sociedad de Bomberos Voluntarios","nam":"de Ballesteros","fdc":"IGN/Cuartel de Bomberos Voluntarios","sag":"IGN"},"bbox":[-62.98341546,-32.54371668,-62.98341546,-32.54371668]},{"type":"Feature","id":"estructuras_operativas_y_defensivas_090102.7392","geometry":{"type":"Point","coordinates":[-62.66533194,-31.00805066]},"geometry_name":"geom","properties":{"gid":7392,"entidad":0,"objeto":"Cuartel de bomberos","fna":"Bomberos Voluntarios de Balnearia","gna":"Bomberos Voluntarios","nam":"de Balnearia","fdc":"IGN/Consejo Nacional de Bomberos Voluntarios","sag":"IGN"},"bbox":[-62.66533194,-31.00805066,-62.66533194,-31.00805066]},{"type":"Feature","id":"estructuras_operativas_y_defensivas_090102.7393","geometry":{"type":"Point","coordinates":[-62.69372411,-32.6223702]},"geometry_name":"geom","properties":{"gid":7393,"entidad":0,"objeto":"Cuartel de bomberos","fna":"Bomberos Voluntarios de Bell Ville","gna":"Bomberos Voluntarios","nam":"de Bell Ville","fdc":"IGN/Consejo Nacional de Bomberos Voluntarios","sag":"IGN"},"bbox":[-62.69372411,-32.6223702,-62.69372411,-32.6223702]},{"type":"Feature","id":"estructuras_operativas_y_defensivas_090102.7394","geometry":{"type":"Point","coordinates":[-64.46604348,-31.31227979]},"geometry_name":"geom","properties":{"gid":7394,"entidad":0,"objeto":"Cuartel de bomberos","fna":"Bomberos Voluntarios de Bialet Massé","gna":"Bomberos Voluntarios","nam":"de Bialet Massé","fdc":"IGN/Consejo Nacional de Bomberos Voluntarios","sag":"IGN"},"bbox":[-64.46604348,-31.31227979,-64.46604348,-31.31227979]},{"type":"Feature","id":"estructuras_operativas_y_defensivas_090102.7395","geometry":{"type":"Point","coordinates":[-62.02889465,-30.867602]},"geometry_name":"geom","properties":{"gid":7395,"entidad":0,"objeto":"Cuartel de bomberos","fna":"Bomberos Voluntarios de Brinkmann","gna":"Bomberos Voluntarios","nam":"de Brinkmann","fdc":"IGN/Consejo Nacional de Bomberos Voluntarios","sag":"IGN"},"bbox":[-62.02889465,-30.867602,-62.02889465,-30.867602]},{"type":"Feature","id":"estructuras_operativas_y_defensivas_090102.7396","geometry":{"type":"Point","coordinates":[-63.50716898,-34.7255987]},"geometry_name":"geom","properties":{"gid":7396,"entidad":0,"objeto":"Cuartel de bomberos","fna":"Sociedad de Bomberos Voluntarios Huberto Chirino - Cuartel 106","gna":"Sociedad de Bomberos Voluntarios","nam":"Huberto Chirino - Cuartel 106","fdc":"IGN/Cuartel de Bomberos Voluntarios","sag":"IGN"},"bbox":[-63.50716898,-34.7255987,-63.50716898,-34.7255987]},{"type":"Feature","id":"estructuras_operativas_y_defensivas_090102.7397","geometry":{"type":"Point","coordinates":[-62.09292516,-33.13098428]},"geometry_name":"geom","properties":{"gid":7397,"entidad":0,"objeto":"Cuartel de bomberos","fna":"Bomberos Voluntarios de Camilo Aldao","gna":"Bomberos Voluntarios","nam":"de Camilo Aldao","fdc":"IGN/Consejo Nacional de Bomberos Voluntarios","sag":"IGN"},"bbox":[-62.09292516,-33.13098428,-62.09292516,-33.13098428]},{"type":"Feature","id":"estructuras_operativas_y_defensivas_090102.7398","geometry":{"type":"Point","coordinates":[-62.8769057,-33.56361026]},"geometry_name":"geom","properties":{"gid":7398,"entidad":0,"objeto":"Cuartel de bomberos","fna":"Bomberos Voluntarios de Canals","gna":"Bomberos Voluntarios","nam":"de Canals","fdc":"IGN/Consejo Nacional de Bomberos Voluntarios","sag":"IGN"},"bbox":[-62.8769057,-33.56361026,-62.8769057,-33.56361026]},{"type":"Feature","id":"estructuras_operativas_y_defensivas_090102.7399","geometry":{"type":"Point","coordinates":[-64.52664922,-30.86070372]},"geometry_name":"geom","properties":{"gid":7399,"entidad":0,"objeto":"Cuartel de bomberos","fna":"Asociación Bomberos Voluntarios de Capilla del Monte","gna":"Asociación Bomberos Voluntarios","nam":"de Capilla del Monte","fdc":"IGN/Consejo Nacional de Bomberos Voluntarios","sag":"IGN"},"bbox":[-64.52664922,-30.86070372,-64.52664922,-30.86070372]},{"type":"Feature","id":"estructuras_operativas_y_defensivas_090102.7400","geometry":{"type":"Point","coordinates":[-63.28005268,-33.0771065]},"geometry_name":"geom","properties":{"gid":7400,"entidad":0,"objeto":"Cuartel de bomberos","fna":"Asociación Bomberos Voluntarios de Chazón - Cuartel 170","gna":"Asociación Bomberos Voluntarios","nam":"de Chazón - Cuartel 170","fdc":"IGN/Consejo Nacional de Bomberos Voluntarios","sag":"IGN"},"bbox":[-63.28005268,-33.0771065,-63.28005268,-33.0771065]},{"type":"Feature","id":"estructuras_operativas_y_defensivas_090102.7401","geometry":{"type":"Point","coordinates":[-62.2355341,-31.05188957]},"geometry_name":"geom","properties":{"gid":7401,"entidad":0,"objeto":"Cuartel de bomberos","fna":"Asociación Bomberos Voluntarios de Colonia Valtelina","gna":"Asociación Bomberos Voluntarios","nam":"de Colonia Valtelina","fdc":"IGN/Consejo Nacional de Bomberos Voluntarios","sag":"IGN"},"bbox":[-62.2355341,-31.05188957,-62.2355341,-31.05188957]},{"type":"Feature","id":"estructuras_operativas_y_defensivas_090102.7402","geometry":{"type":"Point","coordinates":[-62.18756382,-33.28841377]},"geometry_name":"geom","properties":{"gid":7402,"entidad":0,"objeto":"Cuartel de bomberos","fna":"Asociación Bomberos Voluntarios de Corral de Bustos - Ifflinger","gna":"Asociación Bomberos Voluntarios","nam":"de Corral de Bustos - Ifflinger","fdc":"IGN/Consejo Nacional de Bomberos Voluntarios","sag":"IGN"},"bbox":[-62.18756382,-33.28841377,-62.18756382,-33.28841377]},{"type":"Feature","id":"estructuras_operativas_y_defensivas_090102.7403","geometry":{"type":"Point","coordinates":[-64.46116378,-31.2430134]},"geometry_name":"geom","properties":{"gid":7403,"entidad":0,"objeto":"Cuartel de bomberos","fna":"Sociedad de Bomberos Voluntarios de Cosquín - Capitán Aviador Omar J. Castillo","gna":"Sociedad de Bomberos Voluntarios","nam":"de Cosquín - Capitán Aviador Omar J. Castillo","fdc":"IGN/Cuartel de Bomberos Voluntarios","sag":"IGN"},"bbox":[-64.46116378,-31.2430134,-64.46116378,-31.2430134]},{"type":"Feature","id":"estructuras_operativas_y_defensivas_090102.7404","geometry":{"type":"Point","coordinates":[-61.81214627,-33.00657982]},"geometry_name":"geom","properties":{"gid":7404,"entidad":0,"objeto":"Cuartel de bomberos","fna":"Bomberos Voluntarios de Cruz Alta","gna":"Bomberos Voluntarios","nam":"de Cruz Alta","fdc":"IGN/Consejo Nacional de Bomberos Voluntarios","sag":"IGN"},"bbox":[-61.81214627,-33.00657982,-61.81214627,-33.00657982]},{"type":"Feature","id":"estructuras_operativas_y_defensivas_090102.7405","geometry":{"type":"Point","coordinates":[-63.57947918,-32.60918444]},"geometry_name":"geom","properties":{"gid":7405,"entidad":0,"objeto":"Cuartel de bomberos","fna":"Bomberos Voluntarios de Dalmacio Vélez","gna":"Bomberos Voluntarios","nam":"de Dalmacio Vélez","fdc":"IGN/Consejo Nacional de Bomberos Voluntarios","sag":"IGN"},"bbox":[-63.57947918,-32.60918444,-63.57947918,-32.60918444]},{"type":"Feature","id":"estructuras_operativas_y_defensivas_090102.7406","geometry":{"type":"Point","coordinates":[-64.34534614,-30.42041202]},"geometry_name":"geom","properties":{"gid":7406,"entidad":0,"objeto":"Cuartel de bomberos","fna":"Bomberos Voluntarios de Deán Funes","gna":"Bomberos Voluntarios","nam":"de Deán Funes","fdc":"IGN/Consejo Nacional de Bomberos Voluntarios","sag":"IGN"},"bbox":[-64.34534614,-30.42041202,-64.34534614,-30.42041202]},{"type":"Feature","id":"estructuras_operativas_y_defensivas_090102.7407","geometry":{"type":"Point","coordinates":[-64.29252028,-31.81685116]},"geometry_name":"geom","properties":{"gid":7407,"entidad":0,"objeto":"Cuartel de bomberos","fna":"Bomberos Voluntarios de Despeñaderos","gna":"Bomberos Voluntarios","nam":"de Despeñaderos","fdc":"IGN/Consejo Nacional de Bomberos Voluntarios","sag":"IGN"},"bbox":[-64.29252028,-31.81685116,-64.29252028,-31.81685116]},{"type":"Feature","id":"estructuras_operativas_y_defensivas_090102.7408","geometry":{"type":"Point","coordinates":[-62.30144199,-31.97061078]},"geometry_name":"geom","properties":{"gid":7408,"entidad":0,"objeto":"Cuartel de bomberos","fna":"Bomberos Voluntarios de El Fortín","gna":"Bomberos Voluntarios","nam":"de El Fortín","fdc":"IGN/Consejo Nacional de Bomberos Voluntarios","sag":"IGN"},"bbox":[-62.30144199,-31.97061078,-62.30144199,-31.97061078]},{"type":"Feature","id":"estructuras_operativas_y_defensivas_090102.7409","geometry":{"type":"Point","coordinates":[-62.82266234,-31.38564087]},"geometry_name":"geom","properties":{"gid":7409,"entidad":0,"objeto":"Cuartel de bomberos","fna":"Cuartel de Bomberos Voluntarios de El Tío","gna":"Cuartel de Bomberos Voluntarios","nam":"de El Tío","fdc":"IGN/Cuartel de Bomberos Voluntarios","sag":"IGN"},"bbox":[-62.82266234,-31.38564087,-62.82266234,-31.38564087]},{"type":"Feature","id":"estructuras_operativas_y_defensivas_090102.7410","geometry":{"type":"Point","coordinates":[-64.40409065,-32.19583043]},"geometry_name":"geom","properties":{"gid":7410,"entidad":0,"objeto":"Cuartel de bomberos","fna":"Bomberos Voluntarios de Embalse - Cuartel 605","gna":"Bomberos Voluntarios","nam":"de Embalse - Cuartel 605","fdc":"IGN/Consejo Nacional de Bomberos Voluntarios","sag":"IGN"},"bbox":[-64.40409065,-32.19583043,-64.40409065,-32.19583043]},{"type":"Feature","id":"estructuras_operativas_y_defensivas_090102.7411","geometry":{"type":"Point","coordinates":[-63.24657341,-32.93932725]},"geometry_name":"geom","properties":{"gid":7411,"entidad":0,"objeto":"Cuartel de bomberos","fna":"Bomberos Voluntarios de Etruria","gna":"Bomberos Voluntarios","nam":"de Etruria","fdc":"IGN/Consejo Nacional de Bomberos Voluntarios","sag":"IGN"},"bbox":[-63.24657341,-32.93932725,-63.24657341,-32.93932725]},{"type":"Feature","id":"estructuras_operativas_y_defensivas_090102.7412","geometry":{"type":"Point","coordinates":[-62.10237087,-31.16307055]},"geometry_name":"geom","properties":{"gid":7412,"entidad":0,"objeto":"Cuartel de bomberos","fna":"Bomberos Voluntarios de Freyre","gna":"Bomberos Voluntarios","nam":"de Freyre","fdc":"IGN/Consejo Nacional de Bomberos Voluntarios","sag":"IGN"},"bbox":[-62.10237087,-31.16307055,-62.10237087,-31.16307055]},{"type":"Feature","id":"estructuras_operativas_y_defensivas_090102.7413","geometry":{"type":"Point","coordinates":[-62.29894896,-33.12218833]},"geometry_name":"geom","properties":{"gid":7413,"entidad":0,"objeto":"Cuartel de bomberos","fna":"Bomberos Voluntarios de General Baldissera","gna":"Bomberos Voluntarios","nam":"de General Baldissera","fdc":"IGN/Consejo Nacional de Bomberos Voluntarios","sag":"IGN"},"bbox":[-62.29894896,-33.12218833,-62.29894896,-33.12218833]},{"type":"Feature","id":"estructuras_operativas_y_defensivas_090102.7414","geometry":{"type":"Point","coordinates":[-63.78367992,-32.75564815]},"geometry_name":"geom","properties":{"gid":7414,"entidad":0,"objeto":"Cuartel de bomberos","fna":"Bomberos Voluntarios de General Deheza","gna":"Bomberos Voluntarios","nam":"de General Deheza","fdc":"IGN/Consejo Nacional de Bomberos Voluntarios","sag":"IGN"},"bbox":[-63.78367992,-32.75564815,-63.78367992,-32.75564815]},{"type":"Feature","id":"estructuras_operativas_y_defensivas_090102.7415","geometry":{"type":"Point","coordinates":[-63.92682902,-34.00676745]},"geometry_name":"geom","properties":{"gid":7415,"entidad":0,"objeto":"Cuartel de bomberos","fna":"Bomberos Voluntarios de General Levalle","gna":"Bomberos Voluntarios","nam":"de General Levalle","fdc":"IGN/Consejo Nacional de Bomberos Voluntarios","sag":"IGN"},"bbox":[-63.92682902,-34.00676745,-63.92682902,-34.00676745]},{"type":"Feature","id":"estructuras_operativas_y_defensivas_090102.7416","geometry":{"type":"Point","coordinates":[-63.10070298,-33.74533457]},"geometry_name":"geom","properties":{"gid":7416,"entidad":0,"objeto":"Cuartel de bomberos","fna":"Bomberos Voluntarios de General Viamonte","gna":"Bomberos Voluntarios","nam":"de General Viamonte","fdc":"IGN/Consejo Nacional de Bomberos Voluntarios","sag":"IGN"},"bbox":[-63.10070298,-33.74533457,-63.10070298,-33.74533457]},{"type":"Feature","id":"estructuras_operativas_y_defensivas_090102.7417","geometry":{"type":"Point","coordinates":[-62.43425683,-33.46307447]},"geometry_name":"geom","properties":{"gid":7417,"entidad":0,"objeto":"Cuartel de bomberos","fna":"Bomberos Voluntarios de Guatimozín","gna":"Bomberos Voluntarios","nam":"de Guatimozín","fdc":"IGN/Consejo Nacional de Bomberos Voluntarios","sag":"IGN"},"bbox":[-62.43425683,-33.46307447,-62.43425683,-33.46307447]},{"type":"Feature","id":"estructuras_operativas_y_defensivas_090102.7418","geometry":{"type":"Point","coordinates":[-63.7330287,-32.42589623]},"geometry_name":"geom","properties":{"gid":7418,"entidad":0,"objeto":"Cuartel de bomberos","fna":"Bomberos Voluntarios de Hernando","gna":"Bomberos Voluntarios","nam":"de Hernando","fdc":"IGN/Consejo Nacional de Bomberos Voluntarios","sag":"IGN"},"bbox":[-63.7330287,-32.42589623,-63.7330287,-32.42589623]},{"type":"Feature","id":"estructuras_operativas_y_defensivas_090102.7419","geometry":{"type":"Point","coordinates":[-64.37944735,-34.84023639]},"geometry_name":"geom","properties":{"gid":7419,"entidad":0,"objeto":"Cuartel de bomberos","fna":"Bomberos Voluntarios de Huinca Renancó","gna":"Bomberos Voluntarios","nam":"de Huinca Renancó","fdc":"IGN/Consejo Nacional de Bomberos Voluntarios","sag":"IGN"},"bbox":[-64.37944735,-34.84023639,-64.37944735,-34.84023639]},{"type":"Feature","id":"estructuras_operativas_y_defensivas_090102.7420","geometry":{"type":"Point","coordinates":[-62.22876775,-32.9445078]},"geometry_name":"geom","properties":{"gid":7420,"entidad":0,"objeto":"Cuartel de bomberos","fna":"Bomberos Voluntarios de Inriville","gna":"Bomberos Voluntarios","nam":"de Inriville","fdc":"IGN/Consejo Nacional de Bomberos Voluntarios","sag":"IGN"},"bbox":[-62.22876775,-32.9445078,-62.22876775,-32.9445078]},{"type":"Feature","id":"estructuras_operativas_y_defensivas_090102.7421","geometry":{"type":"Point","coordinates":[-62.39702967,-33.23846924]},"geometry_name":"geom","properties":{"gid":7421,"entidad":0,"objeto":"Cuartel de bomberos","fna":"Asociación Bomberos Voluntarios de Isla Verde","gna":"Asociación Bomberos Voluntarios","nam":"de Isla Verde","fdc":"IGN/Consejo Nacional de Bomberos Voluntarios","sag":"IGN"},"bbox":[-62.39702967,-33.23846924,-62.39702967,-33.23846924]},{"type":"Feature","id":"estructuras_operativas_y_defensivas_090102.7422","geometry":{"type":"Point","coordinates":[-63.46905289,-32.16165752]},"geometry_name":"geom","properties":{"gid":7422,"entidad":0,"objeto":"Cuartel de bomberos","fna":"Bomberos Voluntarios de James Craik","gna":"Bomberos Voluntarios","nam":"de James Craik","fdc":"IGN/Consejo Nacional de Bomberos Voluntarios","sag":"IGN"},"bbox":[-63.46905289,-32.16165752,-63.46905289,-32.16165752]},{"type":"Feature","id":"estructuras_operativas_y_defensivas_090102.7423","geometry":{"type":"Point","coordinates":[-64.11004675,-30.98156748]},"geometry_name":"geom","properties":{"gid":7423,"entidad":0,"objeto":"Cuartel de bomberos","fna":"Cuartel de Bomberos Voluntarios de Jesús María","gna":"Cuartel de Bomberos Voluntarios","nam":"de Jesús María","fdc":"IGN/Cuartel de Bomberos Voluntarios","sag":"IGN"},"bbox":[-64.11004675,-30.98156748,-64.11004675,-30.98156748]},{"type":"Feature","id":"estructuras_operativas_y_defensivas_090102.7424","geometry":{"type":"Point","coordinates":[-63.94408261,-34.52230025]},"geometry_name":"geom","properties":{"gid":7424,"entidad":0,"objeto":"Cuartel de bomberos","fna":"Bomberos Voluntarios de Jovita","gna":"Bomberos Voluntarios","nam":"de Jovita","fdc":"IGN/Consejo Nacional de Bomberos Voluntarios","sag":"IGN"},"bbox":[-63.94408261,-34.52230025,-63.94408261,-34.52230025]},{"type":"Feature","id":"estructuras_operativas_y_defensivas_090102.7425","geometry":{"type":"Point","coordinates":[-62.67505336,-32.88381448]},"geometry_name":"geom","properties":{"gid":7425,"entidad":0,"objeto":"Cuartel de bomberos","fna":"Bomberos Voluntarios de Justiniano Posse","gna":"Bomberos Voluntarios","nam":"de Justiniano Posse","fdc":"IGN/Consejo Nacional de Bomberos Voluntarios","sag":"IGN"},"bbox":[-62.67505336,-32.88381448,-62.67505336,-32.88381448]},{"type":"Feature","id":"estructuras_operativas_y_defensivas_090102.7426","geometry":{"type":"Point","coordinates":[-64.33691477,-31.34688219]},"geometry_name":"geom","properties":{"gid":7426,"entidad":0,"objeto":"Cuartel de bomberos","fna":"Asociación Bomberos Voluntarios de La Calera","gna":"Asociación Bomberos Voluntarios","nam":"de La Calera","fdc":"IGN/Consejo Nacional de Bomberos Voluntarios","sag":"IGN"},"bbox":[-64.33691477,-31.34688219,-64.33691477,-31.34688219]},{"type":"Feature","id":"estructuras_operativas_y_defensivas_090102.7427","geometry":{"type":"Point","coordinates":[-64.48614911,-30.98004033]},"geometry_name":"geom","properties":{"gid":7427,"entidad":0,"objeto":"Cuartel de bomberos","fna":"Bomberos Voluntarios de La Cumbre","gna":"Bomberos Voluntarios","nam":"de La Cumbre","fdc":"IGN/Consejo Nacional de Bomberos Voluntarios","sag":"IGN"},"bbox":[-64.48614911,-30.98004033,-64.48614911,-30.98004033]},{"type":"Feature","id":"estructuras_operativas_y_defensivas_090102.7428","geometry":{"type":"Point","coordinates":[-64.4763943,-31.09190625]},"geometry_name":"geom","properties":{"gid":7428,"entidad":0,"objeto":"Cuartel de bomberos","fna":"Bomberos Voluntarios de La Falda","gna":"Bomberos Voluntarios","nam":"de La Falda","fdc":"IGN/Consejo Nacional de Bomberos Voluntarios","sag":"IGN"},"bbox":[-64.4763943,-31.09190625,-64.4763943,-31.09190625]},{"type":"Feature","id":"estructuras_operativas_y_defensivas_090102.7429","geometry":{"type":"Point","coordinates":[-62.62949883,-31.40321224]},"geometry_name":"geom","properties":{"gid":7429,"entidad":0,"objeto":"Cuartel de bomberos","fna":"Bomberos Voluntarios de La Francia","gna":"Bomberos Voluntarios","nam":"de La Francia","fdc":"IGN/Consejo Nacional de Bomberos Voluntarios","sag":"IGN"},"bbox":[-62.62949883,-31.40321224,-62.62949883,-31.40321224]},{"type":"Feature","id":"estructuras_operativas_y_defensivas_090102.7430","geometry":{"type":"Point","coordinates":[-64.27597589,-31.04481589]},"geometry_name":"geom","properties":{"gid":7430,"entidad":0,"objeto":"Cuartel de bomberos","fna":"Bomberos Voluntarios de La Granja","gna":"Bomberos Voluntarios","nam":"de La Granja","fdc":"IGN/Consejo Nacional de Bomberos Voluntarios","sag":"IGN"},"bbox":[-64.27597589,-31.04481589,-64.27597589,-31.04481589]},{"type":"Feature","id":"estructuras_operativas_y_defensivas_090102.7431","geometry":{"type":"Point","coordinates":[-63.03311521,-32.09959257]},"geometry_name":"geom","properties":{"gid":7431,"entidad":0,"objeto":"Cuartel de bomberos","fna":"Bomberos Voluntarios de La Playosa","gna":"Bomberos Voluntarios","nam":"de La Playosa","fdc":"IGN/Consejo Nacional de Bomberos Voluntarios","sag":"IGN"},"bbox":[-63.03311521,-32.09959257,-63.03311521,-32.09959257]},{"type":"Feature","id":"estructuras_operativas_y_defensivas_090102.7432","geometry":{"type":"Point","coordinates":[-63.39008116,-34.12514003]},"geometry_name":"geom","properties":{"gid":7432,"entidad":0,"objeto":"Cuartel de bomberos","fna":"Bomberos Voluntarios de Laboulaye","gna":"Bomberos Voluntarios","nam":"de Laboulaye","fdc":"IGN/Consejo Nacional de Bomberos Voluntarios","sag":"IGN"},"bbox":[-63.39008116,-34.12514003,-63.39008116,-34.12514003]},{"type":"Feature","id":"estructuras_operativas_y_defensivas_090102.7433","geometry":{"type":"Point","coordinates":[-63.79842944,-31.77579936]},"geometry_name":"geom","properties":{"gid":7433,"entidad":0,"objeto":"Cuartel de bomberos","fna":"Bomberos Voluntarios de Laguna Larga","gna":"Bomberos Voluntarios","nam":"de Laguna Larga","fdc":"IGN/Consejo Nacional de Bomberos Voluntarios","sag":"IGN"},"bbox":[-63.79842944,-31.77579936,-63.79842944,-31.77579936]},{"type":"Feature","id":"estructuras_operativas_y_defensivas_090102.7434","geometry":{"type":"Point","coordinates":[-63.44666756,-31.83079559]},"geometry_name":"geom","properties":{"gid":7434,"entidad":0,"objeto":"Cuartel de bomberos","fna":"Asociación Bomberos Voluntarios de Las Junturas","gna":"Asociación Bomberos Voluntarios","nam":"de Las Junturas","fdc":"IGN/Consejo Nacional de Bomberos Voluntarios","sag":"IGN"},"bbox":[-63.44666756,-31.83079559,-63.44666756,-31.83079559]},{"type":"Feature","id":"estructuras_operativas_y_defensivas_090102.7435","geometry":{"type":"Point","coordinates":[-65.11617807,-31.95757772]},"geometry_name":"geom","properties":{"gid":7435,"entidad":0,"objeto":"Cuartel de bomberos","fna":"Bomberos Voluntarios de Las Tapias","gna":"Bomberos Voluntarios","nam":"de Las Tapias","fdc":"IGN/Consejo Nacional de Bomberos Voluntarios","sag":"IGN"},"bbox":[-65.11617807,-31.95757772,-65.11617807,-31.95757772]},{"type":"Feature","id":"estructuras_operativas_y_defensivas_090102.7436","geometry":{"type":"Point","coordinates":[-62.72428467,-31.87817812]},"geometry_name":"geom","properties":{"gid":7436,"entidad":0,"objeto":"Cuartel de bomberos","fna":"Asociación Bomberos Voluntarios de Las Varillas","gna":"Asociación Bomberos Voluntarios","nam":"de Las Varillas","fdc":"IGN/Consejo Nacional de Bomberos Voluntarios","sag":"IGN"},"bbox":[-62.72428467,-31.87817812,-62.72428467,-31.87817812]},{"type":"Feature","id":"estructuras_operativas_y_defensivas_090102.7437","geometry":{"type":"Point","coordinates":[-62.30378991,-32.66064947]},"geometry_name":"geom","properties":{"gid":7437,"entidad":0,"objeto":"Cuartel de bomberos","fna":"Bomberos Voluntarios de Leones","gna":"Bomberos Voluntarios","nam":"de Leones","fdc":"IGN/Consejo Nacional de Bomberos Voluntarios","sag":"IGN"},"bbox":[-62.30378991,-32.66064947,-62.30378991,-32.66064947]},{"type":"Feature","id":"estructuras_operativas_y_defensivas_090102.7438","geometry":{"type":"Point","coordinates":[-64.50120587,-30.92581617]},"geometry_name":"geom","properties":{"gid":7438,"entidad":0,"objeto":"Cuartel de bomberos","fna":"Bomberos Voluntarios de Los Cocos","gna":"Bomberos Voluntarios","nam":"de Los Cocos","fdc":"IGN/Consejo Nacional de Bomberos Voluntarios","sag":"IGN"},"bbox":[-64.50120587,-30.92581617,-64.50120587,-30.92581617]},{"type":"Feature","id":"estructuras_operativas_y_defensivas_090102.7439","geometry":{"type":"Point","coordinates":[-64.28667801,-32.32378597]},"geometry_name":"geom","properties":{"gid":7439,"entidad":0,"objeto":"Cuartel de bomberos","fna":"Bomberos Voluntarios de Los Condores","gna":"Bomberos Voluntarios","nam":"de Los Condores","fdc":"IGN/Consejo Nacional de Bomberos Voluntarios","sag":"IGN"},"bbox":[-64.28667801,-32.32378597,-64.28667801,-32.32378597]},{"type":"Feature","id":"estructuras_operativas_y_defensivas_090102.7440","geometry":{"type":"Point","coordinates":[-62.02330073,-32.98505588]},"geometry_name":"geom","properties":{"gid":7440,"entidad":0,"objeto":"Cuartel de bomberos","fna":"Bomberos Voluntarios de Los Surgentes","gna":"Bomberos Voluntarios","nam":"de Los Surgentes","fdc":"IGN/Consejo Nacional de Bomberos Voluntarios","sag":"IGN"},"bbox":[-62.02330073,-32.98505588,-62.02330073,-32.98505588]},{"type":"Feature","id":"estructuras_operativas_y_defensivas_090102.7441","geometry":{"type":"Point","coordinates":[-64.35314279,-31.45903368]},"geometry_name":"geom","properties":{"gid":7441,"entidad":0,"objeto":"Cuartel de bomberos","fna":"Bomberos Voluntarios de Malagueño","gna":"Bomberos Voluntarios","nam":"de Malagueño","fdc":"IGN/Consejo Nacional de Bomberos Voluntarios","sag":"IGN"},"bbox":[-64.35314279,-31.45903368,-64.35314279,-31.45903368]},{"type":"Feature","id":"estructuras_operativas_y_defensivas_090102.7442","geometry":{"type":"Point","coordinates":[-64.05434456,-31.37743271]},"geometry_name":"geom","properties":{"gid":7442,"entidad":0,"objeto":"Cuartel de bomberos","fna":"Asociación Bomberos Voluntarios de Malvinas Argentinas - Sede Social","gna":"Asociación Bomberos Voluntarios","nam":"de Malvinas Argentinas - Sede Social","fdc":"IGN/Consejo Nacional de Bomberos Voluntarios","sag":"IGN"},"bbox":[-64.05434456,-31.37743271,-64.05434456,-31.37743271]},{"type":"Feature","id":"estructuras_operativas_y_defensivas_090102.7443","geometry":{"type":"Point","coordinates":[-62.10747899,-32.69471261]},"geometry_name":"geom","properties":{"gid":7443,"entidad":0,"objeto":"Cuartel de bomberos","fna":"Bomberos Voluntarios de Marcos Juárez","gna":"Bomberos Voluntarios","nam":"de Marcos Juárez","fdc":"IGN/Consejo Nacional de Bomberos Voluntarios","sag":"IGN"},"bbox":[-62.10747899,-32.69471261,-62.10747899,-32.69471261]},{"type":"Feature","id":"estructuras_operativas_y_defensivas_090102.7444","geometry":{"type":"Point","coordinates":[-63.50997932,-31.71524005]},"geometry_name":"geom","properties":{"gid":7444,"entidad":0,"objeto":"Cuartel de bomberos","fna":"Bomberos Voluntarios de Matorrales","gna":"Bomberos Voluntarios","nam":"de Matorrales","fdc":"IGN/Consejo Nacional de Bomberos Voluntarios","sag":"IGN"},"bbox":[-63.50997932,-31.71524005,-63.50997932,-31.71524005]},{"type":"Feature","id":"estructuras_operativas_y_defensivas_090102.7445","geometry":{"type":"Point","coordinates":[-64.17463059,-34.48113213]},"geometry_name":"geom","properties":{"gid":7445,"entidad":0,"objeto":"Cuartel de bomberos","fna":"Bomberos Voluntarios de Mattaldi","gna":"Bomberos Voluntarios","nam":"de Mattaldi","fdc":"IGN/Consejo Nacional de Bomberos Voluntarios","sag":"IGN"},"bbox":[-64.17463059,-34.48113213,-64.17463059,-34.48113213]},{"type":"Feature","id":"estructuras_operativas_y_defensivas_090102.7446","geometry":{"type":"Point","coordinates":[-64.30333855,-31.26465471]},"geometry_name":"geom","properties":{"gid":7446,"entidad":0,"objeto":"Cuartel de bomberos","fna":"Bomberos Voluntarios de Mendiolaza","gna":"Bomberos Voluntarios","nam":"de Mendiolaza","fdc":"IGN/Consejo Nacional de Bomberos Voluntarios","sag":"IGN"},"bbox":[-64.30333855,-31.26465471,-64.30333855,-31.26465471]},{"type":"Feature","id":"estructuras_operativas_y_defensivas_090102.7447","geometry":{"type":"Point","coordinates":[-65.00216358,-31.73076325]},"geometry_name":"geom","properties":{"gid":7447,"entidad":0,"objeto":"Cuartel de bomberos","fna":"Bomberos Voluntarios de Mina Clavero","gna":"Bomberos Voluntarios","nam":"de Mina Clavero","fdc":"IGN/Consejo Nacional de Bomberos Voluntarios","sag":"IGN"},"bbox":[-65.00216358,-31.73076325,-65.00216358,-31.73076325]},{"type":"Feature","id":"estructuras_operativas_y_defensivas_090102.7448","geometry":{"type":"Point","coordinates":[-62.67992646,-30.91700902]},"geometry_name":"geom","properties":{"gid":7448,"entidad":0,"objeto":"Cuartel de bomberos","fna":"Grupo Especial de Rescate y Salvamento de Miramar","gna":"Grupo Especial de Rescate y Salvamento","nam":"Especial de Rescate y Salvamento de Miramar","fdc":"IGN/Cuartel de Bomberos Voluntarios","sag":"IGN"},"bbox":[-62.67992646,-30.91700902,-62.67992646,-30.91700902]},{"type":"Feature","id":"estructuras_operativas_y_defensivas_090102.7449","geometry":{"type":"Point","coordinates":[-62.45637324,-32.92252005]},"geometry_name":"geom","properties":{"gid":7449,"entidad":0,"objeto":"Cuartel de bomberos","fna":"Sociedad de Bomberos Voluntarios de Monte Buey","gna":"Sociedad de Bomberos Voluntarios","nam":"de Monte Buey","fdc":"IGN/Cuartel de Bomberos Voluntarios","sag":"IGN"},"bbox":[-62.45637324,-32.92252005,-62.45637324,-32.92252005]},{"type":"Feature","id":"estructuras_operativas_y_defensivas_090102.7450","geometry":{"type":"Point","coordinates":[-62.83435672,-32.59129374]},"geometry_name":"geom","properties":{"gid":7450,"entidad":0,"objeto":"Cuartel de bomberos","fna":"Bomberos Voluntarios de Morrison","gna":"Bomberos Voluntarios","nam":"de Morrison","fdc":"IGN/Consejo Nacional de Bomberos Voluntarios","sag":"IGN"},"bbox":[-62.83435672,-32.59129374,-62.83435672,-32.59129374]},{"type":"Feature","id":"estructuras_operativas_y_defensivas_090102.7451","geometry":{"type":"Point","coordinates":[-62.01317988,-30.71323032]},"geometry_name":"geom","properties":{"gid":7451,"entidad":0,"objeto":"Cuartel de bomberos","fna":"Bomberos Voluntarios de Morteros","gna":"Bomberos Voluntarios","nam":"de Morteros","fdc":"IGN/Consejo Nacional de Bomberos Voluntarios","sag":"IGN"},"bbox":[-62.01317988,-30.71323032,-62.01317988,-30.71323032]},{"type":"Feature","id":"estructuras_operativas_y_defensivas_090102.7452","geometry":{"type":"Point","coordinates":[-63.56746151,-32.04195362]},"geometry_name":"geom","properties":{"gid":7452,"entidad":0,"objeto":"Cuartel de bomberos","fna":"Cuerpo de Bomberos Voluntarios de Oliva","gna":"Cuerpo de Bomberos Voluntarios","nam":"de Oliva","fdc":"OSM/Consejo Nacional de Bomberos","sag":"IGN"},"bbox":[-63.56746151,-32.04195362,-63.56746151,-32.04195362]},{"type":"Feature","id":"estructuras_operativas_y_defensivas_090102.7453","geometry":{"type":"Point","coordinates":[-63.67490913,-31.92260717]},"geometry_name":"geom","properties":{"gid":7453,"entidad":0,"objeto":"Cuartel de bomberos","fna":"Bomberos Voluntarios de Oncativo","gna":"Bomberos Voluntarios","nam":"de Oncativo","fdc":"IGN/Consejo Nacional de Bomberos Voluntarios","sag":"IGN"},"bbox":[-63.67490913,-31.92260717,-63.67490913,-31.92260717]},{"type":"Feature","id":"estructuras_operativas_y_defensivas_090102.7454","geometry":{"type":"Point","coordinates":[-62.86284528,-32.84399919]},"geometry_name":"geom","properties":{"gid":7454,"entidad":0,"objeto":"Cuartel de bomberos","fna":"Bomberos Voluntarios de Ordóñez","gna":"Bomberos Voluntarios","nam":"de Ordóñez","fdc":"IGN/Consejo Nacional de Bomberos Voluntarios","sag":"IGN"},"bbox":[-62.86284528,-32.84399919,-62.86284528,-32.84399919]},{"type":"Feature","id":"estructuras_operativas_y_defensivas_090102.7455","geometry":{"type":"Point","coordinates":[-62.06052671,-31.01754736]},"geometry_name":"geom","properties":{"gid":7455,"entidad":0,"objeto":"Cuartel de bomberos","fna":"Bomberos Voluntarios de Porteña","gna":"Bomberos Voluntarios","nam":"de Porteña","fdc":"IGN/Consejo Nacional de Bomberos Voluntarios","sag":"IGN"},"bbox":[-62.06052671,-31.01754736,-62.06052671,-31.01754736]},{"type":"Feature","id":"estructuras_operativas_y_defensivas_090102.7456","geometry":{"type":"Point","coordinates":[-62.91536194,-32.01464835]},"geometry_name":"geom","properties":{"gid":7456,"entidad":0,"objeto":"Cuartel de bomberos","fna":"Bomberos Voluntarios de Pozo del Molle","gna":"Bomberos Voluntarios","nam":"de Pozo del Molle","fdc":"IGN/Consejo Nacional de Bomberos Voluntarios","sag":"IGN"},"bbox":[-62.91536194,-32.01464835,-62.91536194,-32.01464835]},{"type":"Feature","id":"estructuras_operativas_y_defensivas_090102.7457","geometry":{"type":"Point","coordinates":[-64.31917144,-31.15903237]},"geometry_name":"geom","properties":{"gid":7457,"entidad":0,"objeto":"Cuartel de bomberos","fna":"Central de Bomberos Voluntarios de Río Ceballos - Pablo Andrés Tichellio","gna":"Central de Bomberos Voluntarios","nam":"de Río Ceballos - Pablo Andrés Tichellio","fdc":"IGN/Cuartel de Bomberos Voluntarios","sag":"IGN"},"bbox":[-64.31917144,-31.15903237,-64.31917144,-31.15903237]},{"type":"Feature","id":"estructuras_operativas_y_defensivas_090102.7458","geometry":{"type":"Point","coordinates":[-63.61985342,-31.32775489]},"geometry_name":"geom","properties":{"gid":7458,"entidad":0,"objeto":"Cuartel de bomberos","fna":"Bomberos Voluntarios de Río Primero","gna":"Bomberos Voluntarios","nam":"de Río Primero","fdc":"IGN/Consejo Nacional de Bomberos Voluntarios","sag":"IGN"},"bbox":[-63.61985342,-31.32775489,-63.61985342,-31.32775489]},{"type":"Feature","id":"estructuras_operativas_y_defensivas_090102.7459","geometry":{"type":"Point","coordinates":[-63.91367119,-31.65112078]},"geometry_name":"geom","properties":{"gid":7459,"entidad":0,"objeto":"Cuartel de bomberos","fna":"Bomberos Voluntarios de Río Segundo","gna":"Bomberos Voluntarios","nam":"de Río Segundo","fdc":"IGN/Consejo Nacional de Bomberos Voluntarios","sag":"IGN"},"bbox":[-63.91367119,-31.65112078,-63.91367119,-31.65112078]},{"type":"Feature","id":"estructuras_operativas_y_defensivas_090102.7460","geometry":{"type":"Point","coordinates":[-64.11744785,-32.17672896]},"geometry_name":"geom","properties":{"gid":7460,"entidad":0,"objeto":"Cuartel de bomberos","fna":"Asociación Cuerpo de Bomberos Voluntarios de Río Tercero","gna":"Asociación Cuerpo de Bomberos Voluntarios","nam":"de Río Tercero","fdc":"IGN/Consejo Nacional de Bomberos Voluntarios","sag":"IGN"},"bbox":[-64.11744785,-32.17672896,-64.11744785,-32.17672896]},{"type":"Feature","id":"estructuras_operativas_y_defensivas_090102.7461","geometry":{"type":"Point","coordinates":[-64.34503752,-33.1270034]},"geometry_name":"geom","properties":{"gid":7461,"entidad":0,"objeto":"Cuartel de bomberos","fna":"Cuartel de Bomberos Voluntarios de Río Cuarto","gna":"Cuartel de Bomberos Voluntarios","nam":"de Río Cuarto","fdc":"IGN/Cuartel de Bomberos Voluntarios","sag":"IGN"},"bbox":[-64.34503752,-33.1270034,-64.34503752,-33.1270034]},{"type":"Feature","id":"estructuras_operativas_y_defensivas_090102.7462","geometry":{"type":"Point","coordinates":[-64.30624909,-31.31299472]},"geometry_name":"geom","properties":{"gid":7462,"entidad":0,"objeto":"Cuartel de bomberos","fna":"Bomberos Voluntarios de Saldán - Cuartel Mario A. Leiciaga","gna":"Bomberos Voluntarios","nam":"de Saldán - Cuartel Mario A. Leiciaga","fdc":"IGN/Consejo Nacional de Bomberos Voluntarios","sag":"IGN"},"bbox":[-64.30624909,-31.31299472,-64.30624909,-31.31299472]},{"type":"Feature","id":"estructuras_operativas_y_defensivas_090102.7463","geometry":{"type":"Point","coordinates":[-64.29646533,-31.13094225]},"geometry_name":"geom","properties":{"gid":7463,"entidad":0,"objeto":"Cuartel de bomberos","fna":"Bomberos Voluntarios de Salsipuedes","gna":"Bomberos Voluntarios","nam":"de Salsipuedes","fdc":"IGN/Consejo Nacional de Bomberos Voluntarios","sag":"IGN"},"bbox":[-64.29646533,-31.13094225,-64.29646533,-31.13094225]},{"type":"Feature","id":"estructuras_operativas_y_defensivas_090102.7464","geometry":{"type":"Point","coordinates":[-64.32052172,-33.49796001]},"geometry_name":"geom","properties":{"gid":7464,"entidad":0,"objeto":"Cuartel de bomberos","fna":"Bomberos Voluntarios de San Basilio","gna":"Bomberos Voluntarios","nam":"de San Basilio","fdc":"IGN/Consejo Nacional de Bomberos Voluntarios","sag":"IGN"},"bbox":[-64.32052172,-33.49796001,-64.32052172,-33.49796001]},{"type":"Feature","id":"estructuras_operativas_y_defensivas_090102.7465","geometry":{"type":"Point","coordinates":[-62.07751148,-31.42769705]},"geometry_name":"geom","properties":{"gid":7465,"entidad":0,"objeto":"Cuartel de bomberos","fna":"Sociedad de Bomberos Voluntarios de San Francisco","gna":"Sociedad de Bomberos Voluntarios","nam":"de San Francisco","fdc":"IGN/Cuartel de Bomberos Voluntarios","sag":"IGN"},"bbox":[-62.07751148,-31.42769705,-62.07751148,-31.42769705]},{"type":"Feature","id":"estructuras_operativas_y_defensivas_090102.7466","geometry":{"type":"Point","coordinates":[-64.43649736,-33.20483248]},"geometry_name":"geom","properties":{"gid":7466,"entidad":0,"objeto":"Cuartel de bomberos","fna":"Bomberos Voluntarios de Santa Catalina - Holmberg","gna":"Bomberos Voluntarios","nam":"de Santa Catalina - Holmberg","fdc":"IGN/Consejo Nacional de Bomberos Voluntarios","sag":"IGN"},"bbox":[-64.43649736,-33.20483248,-64.43649736,-33.20483248]},{"type":"Feature","id":"estructuras_operativas_y_defensivas_090102.7467","geometry":{"type":"Point","coordinates":[-63.28280882,-33.18061535]},"geometry_name":"geom","properties":{"gid":7467,"entidad":0,"objeto":"Cuartel de bomberos","fna":"Bomberos Voluntarios de Santa Eufemia","gna":"Bomberos Voluntarios","nam":"de Santa Eufemia","fdc":"IGN/Consejo Nacional de Bomberos Voluntarios","sag":"IGN"},"bbox":[-63.28280882,-33.18061535,-63.28280882,-33.18061535]},{"type":"Feature","id":"estructuras_operativas_y_defensivas_090102.7468","geometry":{"type":"Point","coordinates":[-64.52432836,-32.07838052]},"geometry_name":"geom","properties":{"gid":7468,"entidad":0,"objeto":"Cuartel de bomberos","fna":"Bomberos Voluntarios de Santa Rosa de Calamuchita","gna":"Bomberos Voluntarios","nam":"de Santa Rosa de Calamuchita","fdc":"IGN/Consejo Nacional de Bomberos Voluntarios","sag":"IGN"},"bbox":[-64.52432836,-32.07838052,-64.52432836,-32.07838052]},{"type":"Feature","id":"estructuras_operativas_y_defensivas_090102.7469","geometry":{"type":"Point","coordinates":[-63.40385618,-31.15763614]},"geometry_name":"geom","properties":{"gid":7469,"entidad":0,"objeto":"Cuartel de bomberos","fna":"Sociedad de Bomberos Voluntarios de Santa Rosa de Río Primero","gna":"Sociedad de Bomberos Voluntarios","nam":"de Santa Rosa de Río Primero","fdc":"IGN/Cuartel de Bomberos Voluntarios","sag":"IGN"},"bbox":[-63.40385618,-31.15763614,-63.40385618,-31.15763614]},{"type":"Feature","id":"estructuras_operativas_y_defensivas_090102.7470","geometry":{"type":"Point","coordinates":[-63.53883989,-34.46571773]},"geometry_name":"geom","properties":{"gid":7470,"entidad":0,"objeto":"Cuartel de bomberos","fna":"Bomberos Voluntarios de Serrano","gna":"Bomberos Voluntarios","nam":"de Serrano","fdc":"IGN/Consejo Nacional de Bomberos Voluntarios","sag":"IGN"},"bbox":[-63.53883989,-34.46571773,-63.53883989,-34.46571773]},{"type":"Feature","id":"estructuras_operativas_y_defensivas_090102.7764","geometry":{"type":"Point","coordinates":[-60.75954949,-34.90651861]},"geometry_name":"geom","properties":{"gid":7764,"entidad":0,"objeto":"Cuartel de bomberos","fna":"Bomberos Voluntarios de General O´ Brien","gna":"Bomberos Voluntarios","nam":"de General O´ Brien","fdc":"OSM/Sitio Web de la Institución","sag":"IGN"},"bbox":[-60.75954949,-34.90651861,-60.75954949,-34.90651861]},{"type":"Feature","id":"estructuras_operativas_y_defensivas_090102.8140","geometry":{"type":"Point","coordinates":[-58.62340414,-34.56372792]},"geometry_name":"geom","properties":{"gid":8140,"entidad":0,"objeto":"Cuartel de bomberos","fna":"Bomberos Voluntarios de Loma Hermosa","gna":"Bomberos Voluntarios","nam":"de Loma Hermosa","fdc":"OSM/Street View","sag":"IGN"},"bbox":[-58.62340414,-34.56372792,-58.62340414,-34.56372792]},{"type":"Feature","id":"estructuras_operativas_y_defensivas_090102.8141","geometry":{"type":"Point","coordinates":[-57.90028998,-34.93766522]},"geometry_name":"geom","properties":{"gid":8141,"entidad":0,"objeto":"Cuartel de bomberos","fna":"Estación de Bomberos Cuartel Villa Elvira","gna":"Estación de Bomberos","nam":"Cuartel Villa Elvira","fdc":"OSM/Sitio Web de la Institución","sag":"IGN"},"bbox":[-57.90028998,-34.93766522,-57.90028998,-34.93766522]},{"type":"Feature","id":"estructuras_operativas_y_defensivas_090102.8142","geometry":{"type":"Point","coordinates":[-58.73072047,-38.56043585]},"geometry_name":"geom","properties":{"gid":8142,"entidad":0,"objeto":"Cuartel de bomberos","fna":"Cuartel de Bomberos Necochea","gna":"Cuartel de Bomberos","nam":"Necochea","fdc":"OSM/Street View","sag":"IGN"},"bbox":[-58.73072047,-38.56043585,-58.73072047,-38.56043585]},{"type":"Feature","id":"estructuras_operativas_y_defensivas_090102.8143","geometry":{"type":"Point","coordinates":[-60.61453312,-33.05896092]},"geometry_name":"geom","properties":{"gid":8143,"entidad":0,"objeto":"Cuartel de bomberos","fna":"Bomberos Voluntarios de Alvear","gna":"Bomberos Voluntarios","nam":"de Alvear","fdc":"OSM/Consejo Nacional de Bomberos","sag":"IGN"},"bbox":[-60.61453312,-33.05896092,-60.61453312,-33.05896092]},{"type":"Feature","id":"estructuras_operativas_y_defensivas_090102.8144","geometry":{"type":"Point","coordinates":[-64.29960884,-35.91856625]},"geometry_name":"geom","properties":{"gid":8144,"entidad":0,"objeto":"Cuartel de bomberos","fna":"Bomberos Voluntarios de Eduardo Castex","gna":"Bomberos Voluntarios","nam":"de Eduardo Castex","fdc":"OSM/Consejo Nacional de Bomberos","sag":"IGN"},"bbox":[-64.29960884,-35.91856625,-64.29960884,-35.91856625]},{"type":"Feature","id":"estructuras_operativas_y_defensivas_090102.8145","geometry":{"type":"Point","coordinates":[-64.28503545,-36.6011724]},"geometry_name":"geom","properties":{"gid":8145,"entidad":0,"objeto":"Cuartel de bomberos","fna":"Cuerpo de Bomberos Destacamento Nº 1","gna":"Cuerpo de Bomberos","nam":"Destacamento Nº 1","fdc":"OSM/Street View","sag":"IGN"},"bbox":[-64.28503545,-36.6011724,-64.28503545,-36.6011724]},{"type":"Feature","id":"estructuras_operativas_y_defensivas_090102.8146","geometry":{"type":"Point","coordinates":[-59.10000607,-25.73922955]},"geometry_name":"geom","properties":{"gid":8146,"entidad":0,"objeto":"Cuartel de bomberos","fna":"Destacamento de Bomberos de Pirané","gna":"Destacamento de Bomberos","nam":"de Pirané","fdc":"OSM/Street View","sag":"IGN"},"bbox":[-59.10000607,-25.73922955,-59.10000607,-25.73922955]},{"type":"Feature","id":"estructuras_operativas_y_defensivas_090102.8147","geometry":{"type":"Point","coordinates":[-55.93777392,-27.43758819]},"geometry_name":"geom","properties":{"gid":8147,"entidad":0,"objeto":"Cuartel de bomberos","fna":"División Bomberos de la Policía de Misiones - Barrio San Isidro","gna":"División Bomberos de la Policía","nam":"de Misiones - Barrio San Isidro","fdc":"OSM/Street View","sag":"IGN"},"bbox":[-55.93777392,-27.43758819,-55.93777392,-27.43758819]},{"type":"Feature","id":"estructuras_operativas_y_defensivas_090102.8148","geometry":{"type":"Point","coordinates":[-55.5843448,-27.37032888]},"geometry_name":"geom","properties":{"gid":8148,"entidad":0,"objeto":"Cuartel de bomberos","fna":"Bomberos Voluntarios de Santa Ana","gna":"Bomberos Voluntarios","nam":"de Santa Ana","fdc":"OSM/Consejo Nacional de Bomberos","sag":"IGN"},"bbox":[-55.5843448,-27.37032888,-55.5843448,-27.37032888]},{"type":"Feature","id":"estructuras_operativas_y_defensivas_090102.8149","geometry":{"type":"Point","coordinates":[-55.2443834,-27.046536]},"geometry_name":"geom","properties":{"gid":8149,"entidad":0,"objeto":"Cuartel de bomberos","fna":"Bomberos Voluntarios de Jardín América","gna":"Bomberos Voluntarios","nam":"de Jardín América","fdc":"OSM/Consejo Nacional de Bomberos","sag":"IGN"},"bbox":[-55.2443834,-27.046536,-55.2443834,-27.046536]},{"type":"Feature","id":"estructuras_operativas_y_defensivas_090102.8150","geometry":{"type":"Point","coordinates":[-55.84987543,-27.45874783]},"geometry_name":"geom","properties":{"gid":8150,"entidad":0,"objeto":"Cuartel de bomberos","fna":"División Bomberos de la Policía de Misiones - Garupá","gna":"División Bomberos de la Policía","nam":"de Misiones - Garupá","fdc":"Street View","sag":"IGN"},"bbox":[-55.84987543,-27.45874783,-55.84987543,-27.45874783]},{"type":"Feature","id":"estructuras_operativas_y_defensivas_090102.8151","geometry":{"type":"Point","coordinates":[-59.10080716,-35.48717266]},"geometry_name":"geom","properties":{"gid":8151,"entidad":0,"objeto":"Cuartel de bomberos","fna":"Bomberos Voluntarios de Carlos Beguerie","gna":"Bomberos Voluntarios","nam":"de Carlos Beguerie","fdc":"OSM/Sitio Web de la Institución","sag":"IGN"},"bbox":[-59.10080716,-35.48717266,-59.10080716,-35.48717266]},{"type":"Feature","id":"estructuras_operativas_y_defensivas_090102.8152","geometry":{"type":"Point","coordinates":[-58.3897664,-34.66927725]},"geometry_name":"geom","properties":{"gid":8152,"entidad":0,"objeto":"Cuartel de bomberos","fna":"Destacamento Nº 2 Piñeyro","gna":"Destacamento","nam":"Nº 2 Piñeyro","fdc":"OSM/Street View","sag":"IGN"},"bbox":[-58.3897664,-34.66927725,-58.3897664,-34.66927725]},{"type":"Feature","id":"estructuras_operativas_y_defensivas_090102.8153","geometry":{"type":"Point","coordinates":[-58.60915992,-34.41173251]},"geometry_name":"geom","properties":{"gid":8153,"entidad":0,"objeto":"Cuartel de bomberos","fna":"Bomberos Voluntarios de Tigre Destacamento Nº 2 Bombero Oscar Alberto Suárez","gna":"Bomberos Voluntarios","nam":"de Tigre Destacamento Nº 2 Bombero Oscar Alberto Suárez","fdc":"OSM/Street View/Sitio web de la institución","sag":"IGN"},"bbox":[-58.60915992,-34.41173251,-58.60915992,-34.41173251]},{"type":"Feature","id":"estructuras_operativas_y_defensivas_090102.8154","geometry":{"type":"Point","coordinates":[-67.66549297,-53.80161086]},"geometry_name":"geom","properties":{"gid":8154,"entidad":0,"objeto":"Cuartel de bomberos","fna":"Bomberos Voluntarios de Río Grande","gna":"Bomberos Voluntarios","nam":"de Río Grande","fdc":"OSM/Street View","sag":"IGN"},"bbox":[-67.66549297,-53.80161086,-67.66549297,-53.80161086]},{"type":"Feature","id":"estructuras_operativas_y_defensivas_090102.8155","geometry":{"type":"Point","coordinates":[-67.4825271,-45.8378894]},"geometry_name":"geom","properties":{"gid":8155,"entidad":0,"objeto":"Cuartel de bomberos","fna":"Bomberos Voluntarios de Comodoro Rivadavia Destacamento Nº 3","gna":"Bomberos Voluntarios","nam":"de Comodoro Rivadavia Destacamento Nº 3","fdc":"OSM/Street View","sag":"IGN"},"bbox":[-67.4825271,-45.8378894,-67.4825271,-45.8378894]},{"type":"Feature","id":"estructuras_operativas_y_defensivas_090102.8156","geometry":{"type":"Point","coordinates":[-62.19454004,-35.63888577]},"geometry_name":"geom","properties":{"gid":8156,"entidad":0,"objeto":"Cuartel de bomberos","fna":"Bomberos Voluntarios de Curarú","gna":"Bomberos Voluntarios","nam":"de Curarú","fdc":"OSM/Street View","sag":"IGN"},"bbox":[-62.19454004,-35.63888577,-62.19454004,-35.63888577]},{"type":"Feature","id":"estructuras_operativas_y_defensivas_090102.8157","geometry":{"type":"Point","coordinates":[-58.83615049,-34.38234055]},"geometry_name":"geom","properties":{"gid":8157,"entidad":0,"objeto":"Cuartel de bomberos","fna":"Bomberos Voluntarios de Escobar - Destacamento Nº 1 Matheu","gna":"Bomberos Voluntarios","nam":"de Escobar - Destacamento Nº 1 Matheu","fdc":"OSM/Street View","sag":"IGN"},"bbox":[-58.83615049,-34.38234055,-58.83615049,-34.38234055]},{"type":"Feature","id":"estructuras_operativas_y_defensivas_090102.8158","geometry":{"type":"Point","coordinates":[-58.4331339,-34.6506797]},"geometry_name":"geom","properties":{"gid":8158,"entidad":0,"objeto":"Cuartel de bomberos","fna":"Bomberos Voluntarios de San José de Flores - Estación Nº 6","gna":"Bomberos Voluntarios","nam":"de San José de Flores - Estación Nº 6","fdc":"OSM/Street View","sag":"IGN"},"bbox":[-58.4331339,-34.6506797,-58.4331339,-34.6506797]},{"type":"Feature","id":"estructuras_operativas_y_defensivas_090102.8159","geometry":{"type":"Point","coordinates":[-62.60471198,-37.71925708]},"geometry_name":"geom","properties":{"gid":8159,"entidad":0,"objeto":"Cuartel de bomberos","fna":"Bomberos Voluntarios de Goyena","gna":"Bomberos Voluntarios","nam":"de Goyena","fdc":"OSM/Sitio Web de la Institución","sag":"IGN"},"bbox":[-62.60471198,-37.71925708,-62.60471198,-37.71925708]},{"type":"Feature","id":"estructuras_operativas_y_defensivas_090102.8160","geometry":{"type":"Point","coordinates":[-64.88083599,-40.80307006]},"geometry_name":"geom","properties":{"gid":8160,"entidad":0,"objeto":"Cuartel de bomberos","fna":"Bomberos Voluntarios de San Antonio Este","gna":"Bomberos Voluntarios","nam":"de San Antonio Este","fdc":"OSM/Street View","sag":"IGN"},"bbox":[-64.88083599,-40.80307006,-64.88083599,-40.80307006]},{"type":"Feature","id":"estructuras_operativas_y_defensivas_090102.8161","geometry":{"type":"Point","coordinates":[-64.05308993,-31.36955461]},"geometry_name":"geom","properties":{"gid":8161,"entidad":0,"objeto":"Cuartel de bomberos","fna":"Asociación Bomberos Voluntarios de Malvinas Argentinas","gna":"Asociación Bomberos Voluntarios","nam":"de Malvinas Argentinas","fdc":"OSM/Street View","sag":"IGN"},"bbox":[-64.05308993,-31.36955461,-64.05308993,-31.36955461]},{"type":"Feature","id":"estructuras_operativas_y_defensivas_090102.8162","geometry":{"type":"Point","coordinates":[-65.29371554,-43.26716075]},"geometry_name":"geom","properties":{"gid":8162,"entidad":0,"objeto":"Cuartel de bomberos","fna":"Asociación Bomberos Voluntarios de Trelew - Cuartel Zona Sur","gna":"Asociación Bomberos Voluntarios","nam":"de Trelew - Cuartel Zona Sur","fdc":"OSM/Street View","sag":"IGN"},"bbox":[-65.29371554,-43.26716075,-65.29371554,-43.26716075]},{"type":"Feature","id":"estructuras_operativas_y_defensivas_090102.8163","geometry":{"type":"Point","coordinates":[-67.49784994,-39.02987923]},"geometry_name":"geom","properties":{"gid":8163,"entidad":0,"objeto":"Cuartel de bomberos","fna":"Cuartel de Bomberos de Puente Cero","gna":"Cuartel de Bomberos","nam":"de Puente Cero","fdc":"OSM/Sitio Web de la Institución","sag":"IGN"},"bbox":[-67.49784994,-39.02987923,-67.49784994,-39.02987923]},{"type":"Feature","id":"estructuras_operativas_y_defensivas_090102.8164","geometry":{"type":"Point","coordinates":[-58.58467106,-34.75301999]},"geometry_name":"geom","properties":{"gid":8164,"entidad":0,"objeto":"Cuartel de bomberos","fna":"Bomberos Voluntarios de La Matanza - Destacamento Nº 3 Comandante Antonio Bodego","gna":"Bomberos Voluntarios","nam":"de La Matanza - Destacamento Nº 3 Comandante Antonio Bodego","fdc":"OSM/Street View","sag":"IGN"},"bbox":[-58.58467106,-34.75301999,-58.58467106,-34.75301999]},{"type":"Feature","id":"estructuras_operativas_y_defensivas_090102.8165","geometry":{"type":"Point","coordinates":[-62.2347129,-38.73717951]},"geometry_name":"geom","properties":{"gid":8165,"entidad":0,"objeto":"Cuartel de bomberos","fna":"Cuartel de Bomberos Juan Bautista Alberdi","gna":"Cuartel de Bomberos","nam":"Juan Bautista Alberdi","fdc":"OSM/Street View","sag":"IGN"},"bbox":[-62.2347129,-38.73717951,-62.2347129,-38.73717951]},{"type":"Feature","id":"estructuras_operativas_y_defensivas_090102.8166","geometry":{"type":"Point","coordinates":[-70.46798936,-44.0478206]},"geometry_name":"geom","properties":{"gid":8166,"entidad":0,"objeto":"Cuartel de bomberos","fna":"Bomberos Voluntarios de José de San Martín","gna":"Bomberos Voluntarios","nam":"Bomberos Voluntarios de José de San Martín","fdc":"IGN/Consejo Nacional de Bomberos Voluntarios","sag":"IGN"},"bbox":[-70.46798936,-44.0478206,-70.46798936,-44.0478206]},{"type":"Feature","id":"estructuras_operativas_y_defensivas_090102.8167","geometry":{"type":"Point","coordinates":[-65.59426691,-27.35997385]},"geometry_name":"geom","properties":{"gid":8167,"entidad":0,"objeto":"Cuartel de bomberos","fna":"Bomberos Voluntarios Concepción","gna":"Bomberos Voluntarios","nam":"Concepción","fdc":"OSM/Sitio Web de la Institución","sag":"IGN"},"bbox":[-65.59426691,-27.35997385,-65.59426691,-27.35997385]},{"type":"Feature","id":"estructuras_operativas_y_defensivas_090102.8168","geometry":{"type":"Point","coordinates":[-60.1273563,-31.95497336]},"geometry_name":"geom","properties":{"gid":8168,"entidad":0,"objeto":"Cuartel de bomberos","fna":"Bomberos Voluntarios de Seguí","gna":"Bomberos Voluntarios","nam":"de Seguí","fdc":"OSM/Consejo Nacional de Bomberos","sag":"IGN"},"bbox":[-60.1273563,-31.95497336,-60.1273563,-31.95497336]},{"type":"Feature","id":"estructuras_operativas_y_defensivas_090102.8169","geometry":{"type":"Point","coordinates":[-54.1126418,-26.6218439]},"geometry_name":"geom","properties":{"gid":8169,"entidad":0,"objeto":"Cuartel de bomberos","fna":"Bomberos Voluntarios de San Pedro","gna":"Bomberos Voluntarios","nam":"de San Pedro","fdc":"OSM/Sitio Web de la Institución","sag":"IGN"},"bbox":[-54.1126418,-26.6218439,-54.1126418,-26.6218439]},{"type":"Feature","id":"estructuras_operativas_y_defensivas_090102.8170","geometry":{"type":"Point","coordinates":[-55.13594551,-27.87092555]},"geometry_name":"geom","properties":{"gid":8170,"entidad":0,"objeto":"Cuartel de bomberos","fna":"Asociación Bomberos Voluntariosde San Javier","gna":"Asociación Bomberos Voluntarios","nam":"de San Javier","fdc":"OSM/Street View","sag":"IGN"},"bbox":[-55.13594551,-27.87092555,-55.13594551,-27.87092555]},{"type":"Feature","id":"estructuras_operativas_y_defensivas_090102.8171","geometry":{"type":"Point","coordinates":[-54.318526,-26.8083691]},"geometry_name":"geom","properties":{"gid":8171,"entidad":0,"objeto":"Cuartel de bomberos","fna":"Bomberos Voluntarios de San Alfonso","gna":"Bomberos Voluntarios","nam":"de San Alfonso","fdc":"OSM/Street View","sag":"IGN"},"bbox":[-54.318526,-26.8083691,-54.318526,-26.8083691]},{"type":"Feature","id":"estructuras_operativas_y_defensivas_090102.8172","geometry":{"type":"Point","coordinates":[-59.51019745,-37.40110747]},"geometry_name":"geom","properties":{"gid":8172,"entidad":0,"objeto":"Cuartel de bomberos","fna":"Bomberos Voluntarios de María Ignacia","gna":"Bomberos Voluntarios","nam":"de María Ignacia","fdc":"OSM/Sitio Web de la Institución","sag":"IGN"},"bbox":[-59.51019745,-37.40110747,-59.51019745,-37.40110747]},{"type":"Feature","id":"estructuras_operativas_y_defensivas_090102.8173","geometry":{"type":"Point","coordinates":[-58.58682415,-34.70320073]},"geometry_name":"geom","properties":{"gid":8173,"entidad":0,"objeto":"Cuartel de bomberos","fna":"Bomberos Voluntarios de Isidro Casanova","gna":"Bomberos Voluntarios","nam":"de Isidro Casanova","fdc":"OSM/Street View","sag":"IGN"},"bbox":[-58.58682415,-34.70320073,-58.58682415,-34.70320073]},{"type":"Feature","id":"estructuras_operativas_y_defensivas_090102.8174","geometry":{"type":"Point","coordinates":[-65.27077224,-26.84186979]},"geometry_name":"geom","properties":{"gid":8174,"entidad":0,"objeto":"Cuartel de bomberos","fna":"Bomberos Voluntarios El Manantial","gna":"Bomberos Voluntarios","nam":"El Manantial","fdc":"OSM/Sitio Web de la Institución","sag":"IGN"},"bbox":[-65.27077224,-26.84186979,-65.27077224,-26.84186979]},{"type":"Feature","id":"estructuras_operativas_y_defensivas_090102.8175","geometry":{"type":"Point","coordinates":[-61.87407954,-30.21143654]},"geometry_name":"geom","properties":{"gid":8175,"entidad":0,"objeto":"Cuartel de bomberos","fna":"Bomberos Voluntarios de Villa Trinidad","gna":"Bomberos Voluntarios","nam":"de Villa Trinidad","fdc":"OSM/Sitio Web de la Institución","sag":"IGN"},"bbox":[-61.87407954,-30.21143654,-61.87407954,-30.21143654]},{"type":"Feature","id":"estructuras_operativas_y_defensivas_090102.8176","geometry":{"type":"Point","coordinates":[-63.3396012,-36.80183167]},"geometry_name":"geom","properties":{"gid":8176,"entidad":0,"objeto":"Cuartel de bomberos","fna":"Bomberos Voluntarios de Villa Maza","gna":"Bomberos Voluntarios","nam":"de Villa Maza","fdc":"OSM/Consejo Nacional de Bomberos","sag":"IGN"},"bbox":[-63.3396012,-36.80183167,-63.3396012,-36.80183167]},{"type":"Feature","id":"estructuras_operativas_y_defensivas_090102.8177","geometry":{"type":"Point","coordinates":[-63.23476182,-38.16960915]},"geometry_name":"geom","properties":{"gid":8177,"entidad":0,"objeto":"Cuartel de bomberos","fna":"Bomberos Voluntarios de Villa Iris","gna":"Bomberos Voluntarios","nam":"de Villa Iris","fdc":"OSM/Consejo Nacional de Bomberos","sag":"IGN"},"bbox":[-63.23476182,-38.16960915,-63.23476182,-38.16960915]},{"type":"Feature","id":"estructuras_operativas_y_defensivas_090102.8178","geometry":{"type":"Point","coordinates":[-57.91798463,-30.79555456]},"geometry_name":"geom","properties":{"gid":8178,"entidad":0,"objeto":"Cuartel de bomberos","fna":"Cuartel de Bomberos de Villa del Rosario","gna":"Cuartel de Bomberos","nam":"de Villa del Rosario","fdc":"OSM/Consejo Nacional de Bomberos","sag":"IGN"},"bbox":[-57.91798463,-30.79555456,-57.91798463,-30.79555456]},{"type":"Feature","id":"estructuras_operativas_y_defensivas_090102.8179","geometry":{"type":"Point","coordinates":[-60.71120826,-27.57544855]},"geometry_name":"geom","properties":{"gid":8179,"entidad":0,"objeto":"Cuartel de bomberos","fna":"División Bomberos de Villa Ángela","gna":"División Bomberos","nam":"de Villa Ángela","fdc":"OSM/Street View","sag":"IGN"},"bbox":[-60.71120826,-27.57544855,-60.71120826,-27.57544855]},{"type":"Feature","id":"estructuras_operativas_y_defensivas_090102.8180","geometry":{"type":"Point","coordinates":[-60.46766814,-35.65173004]},"geometry_name":"geom","properties":{"gid":8180,"entidad":0,"objeto":"Cuartel de bomberos","fna":"Bomberos Voluntarios de Valdés","gna":"Bomberos Voluntarios","nam":"de Valdés","fdc":"OSM/Consejo Nacional de Bomberos","sag":"IGN"},"bbox":[-60.46766814,-35.65173004,-60.46766814,-35.65173004]},{"type":"Feature","id":"estructuras_operativas_y_defensivas_090102.8181","geometry":{"type":"Point","coordinates":[-61.42463638,-36.43292106]},"geometry_name":"geom","properties":{"gid":8181,"entidad":0,"objeto":"Cuartel de bomberos","fna":"Bomberos Voluntarios de Urdampilleta","gna":"Bomberos Voluntarios","nam":"de Urdampilleta","fdc":"OSM/Consejo Nacional de Bomberos","sag":"IGN"},"bbox":[-61.42463638,-36.43292106,-61.42463638,-36.43292106]},{"type":"Feature","id":"estructuras_operativas_y_defensivas_090102.8182","geometry":{"type":"Point","coordinates":[-69.14903189,-33.3726536]},"geometry_name":"geom","properties":{"gid":8182,"entidad":0,"objeto":"Cuartel de bomberos","fna":"Subdelegación Bomberos de Tupungato","gna":"Subdelegación Bomberos","nam":"de Tupungato","fdc":"OSM/Street View","sag":"IGN"},"bbox":[-69.14903189,-33.3726536,-69.14903189,-33.3726536]},{"type":"Feature","id":"estructuras_operativas_y_defensivas_090102.8183","geometry":{"type":"Point","coordinates":[-62.77198879,-35.19594213]},"geometry_name":"geom","properties":{"gid":8183,"entidad":0,"objeto":"Cuartel de bomberos","fna":"Bomberos Voluntarios de Tres Algarrobos","gna":"Bomberos Voluntarios","nam":"de Tres Algarrobos","fdc":"OSM/Consejo Nacional de Bomberos","sag":"IGN"},"bbox":[-62.77198879,-35.19594213,-62.77198879,-35.19594213]},{"type":"Feature","id":"estructuras_operativas_y_defensivas_090102.8184","geometry":{"type":"Point","coordinates":[-62.22243819,-35.3465887]},"geometry_name":"geom","properties":{"gid":8184,"entidad":0,"objeto":"Cuartel de bomberos","fna":"Bomberos Voluntarios de Timote","gna":"Bomberos Voluntarios","nam":"de Timote","fdc":"OSM/Consejo Nacional de Bomberos","sag":"IGN"},"bbox":[-62.22243819,-35.3465887,-62.22243819,-35.3465887]},{"type":"Feature","id":"estructuras_operativas_y_defensivas_090102.8185","geometry":{"type":"Point","coordinates":[-54.20144498,-26.68357357]},"geometry_name":"geom","properties":{"gid":8185,"entidad":0,"objeto":"Cuartel de bomberos","fna":"Bomberos Voluntarios de Paraíso","gna":"Bomberos Voluntarios","nam":"de Paraíso","fdc":"OSM/Sitio Web de la Institución","sag":"IGN"},"bbox":[-54.20144498,-26.68357357,-54.20144498,-26.68357357]},{"type":"Feature","id":"estructuras_operativas_y_defensivas_090102.8186","geometry":{"type":"Point","coordinates":[-66.24197256,-25.32957088]},"geometry_name":"geom","properties":{"gid":8186,"entidad":0,"objeto":"Cuartel de bomberos","fna":"Bomberos Voluntarios de Seclantás","gna":"Bomberos Voluntarios","nam":"de Seclantás","fdc":"OSM/Sitio Web de la Institución","sag":"IGN"},"bbox":[-66.24197256,-25.32957088,-66.24197256,-25.32957088]},{"type":"Feature","id":"estructuras_operativas_y_defensivas_090102.8187","geometry":{"type":"Point","coordinates":[-61.31647928,-31.76281942]},"geometry_name":"geom","properties":{"gid":8187,"entidad":0,"objeto":"Cuartel de bomberos","fna":"Bomberos Voluntarios de Santa Clara de Buena Vista","gna":"Bomberos Voluntarios","nam":"de Santa Clara de Buena Vista","fdc":"OSM/Sitio Web de la Institución","sag":"IGN"},"bbox":[-61.31647928,-31.76281942,-61.31647928,-31.76281942]},{"type":"Feature","id":"estructuras_operativas_y_defensivas_090102.8188","geometry":{"type":"Point","coordinates":[-63.21162874,-35.27426698]},"geometry_name":"geom","properties":{"gid":8188,"entidad":0,"objeto":"Cuartel de bomberos","fna":"Bomberos Voluntarios de Sansinena","gna":"Bomberos Voluntarios","nam":"de Sansinena","fdc":"OSM/Sitio Web de la Institución","sag":"IGN"},"bbox":[-63.21162874,-35.27426698,-63.21162874,-35.27426698]},{"type":"Feature","id":"estructuras_operativas_y_defensivas_090102.8189","geometry":{"type":"Point","coordinates":[-58.42577686,-35.02543454]},"geometry_name":"geom","properties":{"gid":8189,"entidad":0,"objeto":"Cuartel de bomberos","fna":"Asociación Bomberos Voluntarios de San Vicente","gna":"Asociación Bomberos Voluntarios","nam":"de San Vicente","fdc":"OSM/Street View","sag":"IGN"},"bbox":[-58.42577686,-35.02543454,-58.42577686,-35.02543454]},{"type":"Feature","id":"estructuras_operativas_y_defensivas_090102.8190","geometry":{"type":"Point","coordinates":[-61.56849171,-31.85352175]},"geometry_name":"geom","properties":{"gid":8190,"entidad":0,"objeto":"Cuartel de bomberos","fna":"Bomberos Voluntarios de San Martín de las Escobas","gna":"Bomberos Voluntarios","nam":"de San Martín de las Escobas","fdc":"OSM/Consejo Nacional de Bomberos","sag":"IGN"},"bbox":[-61.56849171,-31.85352175,-61.56849171,-31.85352175]},{"type":"Feature","id":"estructuras_operativas_y_defensivas_090102.8191","geometry":{"type":"Point","coordinates":[-58.5586006,-27.515151]},"geometry_name":"geom","properties":{"gid":8191,"entidad":0,"objeto":"Cuartel de bomberos","fna":"Bomberos Voluntarios de San Luis del Palmar","gna":"Bomberos Voluntarios","nam":"de San Luis del Palmar","fdc":"OSM/Consejo Nacional de Bomberos","sag":"IGN"},"bbox":[-58.5586006,-27.515151,-58.5586006,-27.515151]},{"type":"Feature","id":"estructuras_operativas_y_defensivas_090102.8192","geometry":{"type":"Point","coordinates":[-58.7665329,-28.13632945]},"geometry_name":"geom","properties":{"gid":8192,"entidad":0,"objeto":"Cuartel de bomberos","fna":"Bomberos Voluntarios de San Lorenzo","gna":"Bomberos Voluntarios","nam":"de San Lorenzo","fdc":"OSM/Consejo Nacional de Bomberos","sag":"IGN"},"bbox":[-58.7665329,-28.13632945,-58.7665329,-28.13632945]},{"type":"Feature","id":"estructuras_operativas_y_defensivas_090102.8193","geometry":{"type":"Point","coordinates":[-58.76016477,-30.37870779]},"geometry_name":"geom","properties":{"gid":8193,"entidad":0,"objeto":"Cuartel de bomberos","fna":"Bomberos Voluntarios de San José de Feliciano","gna":"Bomberos Voluntarios","nam":"de San José de Feliciano","fdc":"OSM/Consejo Nacional de Bomberos","sag":"IGN"},"bbox":[-58.76016477,-30.37870779,-58.76016477,-30.37870779]},{"type":"Feature","id":"estructuras_operativas_y_defensivas_090102.8194","geometry":{"type":"Point","coordinates":[-60.35336597,-35.77014017]},"geometry_name":"geom","properties":{"gid":8194,"entidad":0,"objeto":"Cuartel de bomberos","fna":"Bomberos Voluntarios de San Enrique","gna":"Bomberos Voluntarios","nam":"de San Enrique","fdc":"OSM/Consejo Nacional de Bomberos","sag":"IGN"},"bbox":[-60.35336597,-35.77014017,-60.35336597,-35.77014017]},{"type":"Feature","id":"estructuras_operativas_y_defensivas_090102.8195","geometry":{"type":"Point","coordinates":[-59.60614965,-38.341136]},"geometry_name":"geom","properties":{"gid":8195,"entidad":0,"objeto":"Cuartel de bomberos","fna":"Bomberos Voluntarios de San Cayetano","gna":"Bomberos Voluntarios","nam":"de San Cayetano","fdc":"OSM/Consejo Nacional de Bomberos","sag":"IGN"},"bbox":[-59.60614965,-38.341136,-59.60614965,-38.341136]},{"type":"Feature","id":"estructuras_operativas_y_defensivas_090102.8196","geometry":{"type":"Point","coordinates":[-62.20480421,-36.30451418]},"geometry_name":"geom","properties":{"gid":8196,"entidad":0,"objeto":"Cuartel de bomberos","fna":"Bomberos Voluntarios de Salazar","gna":"Bomberos Voluntarios","nam":"de Salazar","fdc":"OSM/Consejo Nacional de Bomberos","sag":"IGN"},"bbox":[-62.20480421,-36.30451418,-62.20480421,-36.30451418]},{"type":"Feature","id":"estructuras_operativas_y_defensivas_090102.8197","geometry":{"type":"Point","coordinates":[-55.05059243,-26.97741203]},"geometry_name":"geom","properties":{"gid":8197,"entidad":0,"objeto":"Cuartel de bomberos","fna":"Bomberos Voluntarios de Ruiz de Montoya","gna":"Bomberos Voluntarios","nam":"de Ruiz de Montoya","fdc":"OSM/Consejo Nacional de Bomberos","sag":"IGN"},"bbox":[-55.05059243,-26.97741203,-55.05059243,-26.97741203]},{"type":"Feature","id":"estructuras_operativas_y_defensivas_090102.8198","geometry":{"type":"Point","coordinates":[-63.24432064,-37.1592796]},"geometry_name":"geom","properties":{"gid":8198,"entidad":0,"objeto":"Cuartel de bomberos","fna":"Bomberos Voluntarios de Rivera","gna":"Bomberos Voluntarios","nam":"de Rivera","fdc":"OSM/Consejo Nacional de Bomberos","sag":"IGN"},"bbox":[-63.24432064,-37.1592796,-63.24432064,-37.1592796]},{"type":"Feature","id":"estructuras_operativas_y_defensivas_090102.8199","geometry":{"type":"Point","coordinates":[-60.07098214,-34.60974933]},"geometry_name":"geom","properties":{"gid":8199,"entidad":0,"objeto":"Cuartel de bomberos","fna":"Bomberos Voluntarios de Rawson","gna":"Bomberos Voluntarios","nam":"de Rawson","fdc":"OSM/Consejo Nacional de Bomberos","sag":"IGN"},"bbox":[-60.07098214,-34.60974933,-60.07098214,-34.60974933]},{"type":"Feature","id":"estructuras_operativas_y_defensivas_090102.8200","geometry":{"type":"Point","coordinates":[-59.08560855,-36.77560101]},"geometry_name":"geom","properties":{"gid":8200,"entidad":0,"objeto":"Cuartel de bomberos","fna":"Bomberos Voluntarios de Rauch","gna":"Bomberos Voluntarios","nam":"de Rauch","fdc":"OSM/Consejo Nacional de Bomberos","sag":"IGN"},"bbox":[-59.08560855,-36.77560101,-59.08560855,-36.77560101]},{"type":"Feature","id":"estructuras_operativas_y_defensivas_090102.8201","geometry":{"type":"Point","coordinates":[-60.21023437,-26.87332494]},"geometry_name":"geom","properties":{"gid":8201,"entidad":0,"objeto":"Cuartel de bomberos","fna":"Bomberos Voluntarios de Quitilipi","gna":"Bomberos Voluntarios","nam":"de Quitilipi","fdc":"OSM/Consejo Nacional de Bomberos","sag":"IGN"},"bbox":[-60.21023437,-26.87332494,-60.21023437,-26.87332494]},{"type":"Feature","id":"estructuras_operativas_y_defensivas_090102.8202","geometry":{"type":"Point","coordinates":[-63.08812671,-36.57211222]},"geometry_name":"geom","properties":{"gid":8202,"entidad":0,"objeto":"Cuartel de bomberos","fna":"Bomberos Voluntarios de Quenumá","gna":"Bomberos Voluntarios","nam":"de Quenumá","fdc":"OSM/Consejo Nacional de Bomberos","sag":"IGN"},"bbox":[-63.08812671,-36.57211222,-63.08812671,-36.57211222]},{"type":"Feature","id":"estructuras_operativas_y_defensivas_090102.8203","geometry":{"type":"Point","coordinates":[-59.08732552,-27.37345497]},"geometry_name":"geom","properties":{"gid":8203,"entidad":0,"objeto":"Cuartel de bomberos","fna":"Bomberos Voluntarios de Puerto Tirol","gna":"Bomberos Voluntarios","nam":"de Puerto Tirol","fdc":"OSM/Consejo Nacional de Bomberos","sag":"IGN"},"bbox":[-59.08732552,-27.37345497,-59.08732552,-27.37345497]},{"type":"Feature","id":"estructuras_operativas_y_defensivas_090102.8204","geometry":{"type":"Point","coordinates":[-54.60843813,-26.02290129]},"geometry_name":"geom","properties":{"gid":8204,"entidad":0,"objeto":"Cuartel de bomberos","fna":"Bomberos Voluntarios de Puerto Esperanza","gna":"Bomberos Voluntarios","nam":"de Puerto Esperanza","fdc":"OSM/Consejo Nacional de Bomberos","sag":"IGN"},"bbox":[-54.60843813,-26.02290129,-54.60843813,-26.02290129]},{"type":"Feature","id":"estructuras_operativas_y_defensivas_090102.8205","geometry":{"type":"Point","coordinates":[-63.6896072,-22.0498389]},"geometry_name":"geom","properties":{"gid":8205,"entidad":0,"objeto":"Cuartel de bomberos","fna":"Bomberos Voluntarios de Profesor Salvador Mazza","gna":"Bomberos Voluntarios","nam":"de Profesor Salvador Mazza","fdc":"OSM/Consejo Nacional de Bomberos","sag":"IGN"},"bbox":[-63.6896072,-22.0498389,-63.6896072,-22.0498389]},{"type":"Feature","id":"estructuras_operativas_y_defensivas_090102.8206","geometry":{"type":"Point","coordinates":[-60.44035955,-26.78350886]},"geometry_name":"geom","properties":{"gid":8206,"entidad":0,"objeto":"Cuartel de bomberos","fna":"Bomberos de la Policía del Chaco","gna":"Bomberos","nam":"de la Policía del Chaco","fdc":"OSM/Street View","sag":"IGN"},"bbox":[-60.44035955,-26.78350886,-60.44035955,-26.78350886]},{"type":"Feature","id":"estructuras_operativas_y_defensivas_090102.8207","geometry":{"type":"Point","coordinates":[-60.09835597,-33.77558319]},"geometry_name":"geom","properties":{"gid":8207,"entidad":0,"objeto":"Cuartel de bomberos","fna":"Bomberos Voluntarios de Pérez Millán","gna":"Bomberos Voluntarios","nam":"de Pérez Millán","fdc":"OSM/Consejo Nacional de Bomberos","sag":"IGN"},"bbox":[-60.09835597,-33.77558319,-60.09835597,-33.77558319]},{"type":"Feature","id":"estructuras_operativas_y_defensivas_090102.8208","geometry":{"type":"Point","coordinates":[-63.16600216,-36.26615241]},"geometry_name":"geom","properties":{"gid":8208,"entidad":0,"objeto":"Cuartel de bomberos","fna":"Bomberos Voluntarios de Pellegrini","gna":"Bomberos Voluntarios","nam":"de Pellegrini","fdc":"OSM/Consejo Nacional de Bomberos","sag":"IGN"},"bbox":[-63.16600216,-36.26615241,-63.16600216,-36.26615241]},{"type":"Feature","id":"estructuras_operativas_y_defensivas_090102.8209","geometry":{"type":"Point","coordinates":[-62.24316238,-35.14337031]},"geometry_name":"geom","properties":{"gid":8209,"entidad":0,"objeto":"Cuartel de bomberos","fna":"Bomberos Voluntarios de Pasteur","gna":"Bomberos Voluntarios","nam":"de Pasteur","fdc":"OSM/Consejo Nacional de Bomberos","sag":"IGN"},"bbox":[-62.24316238,-35.14337031,-62.24316238,-35.14337031]},{"type":"Feature","id":"estructuras_operativas_y_defensivas_090102.8210","geometry":{"type":"Point","coordinates":[-55.11391845,-27.50449719]},"geometry_name":"geom","properties":{"gid":8210,"entidad":0,"objeto":"Cuartel de bomberos","fna":"Bomberos Voluntarios de Oberá","gna":"Bomberos Voluntarios","nam":"de Oberá","fdc":"OSM/Consejo Nacional de Bomberos","sag":"IGN"},"bbox":[-55.11391845,-27.50449719,-55.11391845,-27.50449719]},{"type":"Feature","id":"estructuras_operativas_y_defensivas_090102.8211","geometry":{"type":"Point","coordinates":[-63.68599466,-36.85012915]},"geometry_name":"geom","properties":{"gid":8211,"entidad":0,"objeto":"Cuartel de bomberos","fna":"Bomberos Voluntarios de Miguel Riglos","gna":"Bomberos Voluntarios","nam":"de Miguel Riglos","fdc":"OSM/Consejo Nacional de Bomberos","sag":"IGN"},"bbox":[-63.68599466,-36.85012915,-63.68599466,-36.85012915]},{"type":"Feature","id":"estructuras_operativas_y_defensivas_090102.8212","geometry":{"type":"Point","coordinates":[-57.9645541,-30.613264]},"geometry_name":"geom","properties":{"gid":8212,"entidad":0,"objeto":"Cuartel de bomberos","fna":"Bomberos Voluntarios de Mercedes","gna":"Bomberos Voluntarios","nam":"de Mercedes","fdc":"OSM/Consejo Nacional de Bomberos","sag":"IGN"},"bbox":[-57.9645541,-30.613264,-57.9645541,-30.613264]},{"type":"Feature","id":"estructuras_operativas_y_defensivas_090102.8213","geometry":{"type":"Point","coordinates":[-58.9696633,-27.26898404]},"geometry_name":"geom","properties":{"gid":8213,"entidad":0,"objeto":"Cuartel de bomberos","fna":"Bomberos Voluntarios de Margarita Belén","gna":"Bomberos Voluntarios","nam":"de Margarita Belén","fdc":"OSM/Consejo Nacional de Bomberos","sag":"IGN"},"bbox":[-58.9696633,-27.26898404,-58.9696633,-27.26898404]},{"type":"Feature","id":"estructuras_operativas_y_defensivas_090102.8214","geometry":{"type":"Point","coordinates":[-57.4235239,-37.7451619]},"geometry_name":"geom","properties":{"gid":8214,"entidad":0,"objeto":"Cuartel de bomberos","fna":"Bomberos Voluntarios de Mar Chiquita","gna":"Bomberos Voluntarios","nam":"de Mar Chiquita","fdc":"OSM/Consejo Nacional de Bomberos","sag":"IGN"},"bbox":[-57.4235239,-37.7451619,-57.4235239,-37.7451619]},{"type":"Feature","id":"estructuras_operativas_y_defensivas_090102.8216","geometry":{"type":"Point","coordinates":[-62.1112581,-28.4690654]},"geometry_name":"geom","properties":{"gid":8216,"entidad":0,"objeto":"Cuartel de bomberos","fna":"Bomberos Voluntarios de Los Juríes","gna":"Bomberos Voluntarios","nam":"de Los Juríes","fdc":"OSM/Consejo Nacional de Bomberos","sag":"IGN"},"bbox":[-62.1112581,-28.4690654,-62.1112581,-28.4690654]},{"type":"Feature","id":"estructuras_operativas_y_defensivas_090102.8217","geometry":{"type":"Point","coordinates":[-58.4082614,-35.27615653]},"geometry_name":"geom","properties":{"gid":8217,"entidad":0,"objeto":"Cuartel de bomberos","fna":"Bomberos Voluntarios de Loma Verde","gna":"Bomberos Voluntarios","nam":"de Loma Verde","fdc":"OSM/Consejo Nacional de Bomberos","sag":"IGN"},"bbox":[-58.4082614,-35.27615653,-58.4082614,-35.27615653]},{"type":"Feature","id":"estructuras_operativas_y_defensivas_090102.8218","geometry":{"type":"Point","coordinates":[-59.19544403,-34.05398716]},"geometry_name":"geom","properties":{"gid":8218,"entidad":0,"objeto":"Cuartel de bomberos","fna":"Bomberos Voluntarios de Lima","gna":"Bomberos Voluntarios","nam":"de Lima","fdc":"OSM/Consejo Nacional de Bomberos","sag":"IGN"},"bbox":[-59.19544403,-34.05398716,-59.19544403,-34.05398716]},{"type":"Feature","id":"estructuras_operativas_y_defensivas_090102.8219","geometry":{"type":"Point","coordinates":[-58.67992221,-27.05021275]},"geometry_name":"geom","properties":{"gid":8219,"entidad":0,"objeto":"Cuartel de bomberos","fna":"Bomberos Voluntarios de Las Palmas","gna":"Bomberos Voluntarios","nam":"de Las Palmas","fdc":"OSM/Consejo Nacional de Bomberos","sag":"IGN"},"bbox":[-58.67992221,-27.05021275,-58.67992221,-27.05021275]},{"type":"Feature","id":"estructuras_operativas_y_defensivas_090102.8220","geometry":{"type":"Point","coordinates":[-64.1961575,-24.72893883]},"geometry_name":"geom","properties":{"gid":8220,"entidad":0,"objeto":"Cuartel de bomberos","fna":"Bomberos Voluntarios de Las Lajitas – Juana Azurduy","gna":"Bomberos Voluntarios","nam":"de Las Lajitas – Juana Azurduy","fdc":"OSM/Consejo Nacional de Bomberos","sag":"IGN"},"bbox":[-64.1961575,-24.72893883,-64.1961575,-24.72893883]},{"type":"Feature","id":"estructuras_operativas_y_defensivas_090102.8221","geometry":{"type":"Point","coordinates":[-59.00167186,-33.0320298]},"geometry_name":"geom","properties":{"gid":8221,"entidad":0,"objeto":"Cuartel de bomberos","fna":"Bomberos Voluntarios de Larroque","gna":"Bomberos Voluntarios","nam":"de Larroque","fdc":"OSM/Consejo Nacional de Bomberos","sag":"IGN"},"bbox":[-59.00167186,-33.0320298,-59.00167186,-33.0320298]},{"type":"Feature","id":"estructuras_operativas_y_defensivas_090102.8222","geometry":{"type":"Point","coordinates":[-58.40899681,-34.72332558]},"geometry_name":"geom","properties":{"gid":8222,"entidad":0,"objeto":"Cuartel de bomberos","fna":"Bomberos Voluntarios de Lanús Oeste - Destacamento Nº 2 Remedios de Escalada","gna":"Bomberos Voluntarios","nam":"de Lanús Oeste - Destacamento Nº 2 Remedios de Escalada","fdc":"OSM/Consejo Nacional de Bomberos","sag":"IGN"},"bbox":[-58.40899681,-34.72332558,-58.40899681,-34.72332558]},{"type":"Feature","id":"estructuras_operativas_y_defensivas_090102.8223","geometry":{"type":"Point","coordinates":[-65.3451619,-32.05864946]},"geometry_name":"geom","properties":{"gid":8223,"entidad":0,"objeto":"Cuartel de bomberos","fna":"Bomberos Voluntarios de Lafimur","gna":"Bomberos Voluntarios","nam":"de Lafimur","fdc":"OSM/Consejo Nacional de Bomberos","sag":"IGN"},"bbox":[-65.3451619,-32.05864946,-65.3451619,-32.05864946]},{"type":"Feature","id":"estructuras_operativas_y_defensivas_090102.8224","geometry":{"type":"Point","coordinates":[-64.9424585,-35.6718244]},"geometry_name":"geom","properties":{"gid":8224,"entidad":0,"objeto":"Cuartel de bomberos","fna":"Bomberos Voluntarios de La Maruja","gna":"Bomberos Voluntarios","nam":"de La Maruja","fdc":"OSM/Consejo Nacional de Bomberos","sag":"IGN"},"bbox":[-64.9424585,-35.6718244,-64.9424585,-35.6718244]},{"type":"Feature","id":"estructuras_operativas_y_defensivas_090102.8225","geometry":{"type":"Point","coordinates":[-56.63942915,-29.17854327]},"geometry_name":"geom","properties":{"gid":8225,"entidad":0,"objeto":"Cuartel de bomberos","fna":"Bomberos Voluntarios de La Cruz","gna":"Bomberos Voluntarios","nam":"de La Cruz","fdc":"OSM/Consejo Nacional de Bomberos","sag":"IGN"},"bbox":[-56.63942915,-29.17854327,-56.63942915,-29.17854327]},{"type":"Feature","id":"estructuras_operativas_y_defensivas_090102.8226","geometry":{"type":"Point","coordinates":[-61.39044729,-34.52430817]},"geometry_name":"geom","properties":{"gid":8226,"entidad":0,"objeto":"Cuartel de bomberos","fna":"Bomberos Voluntarios de Leandro N. Alem","gna":"Bomberos Voluntarios","nam":"de Leandro N. Alem","fdc":"OSM/Consejo Nacional de Bomberos","sag":"IGN"},"bbox":[-61.39044729,-34.52430817,-61.39044729,-34.52430817]},{"type":"Feature","id":"estructuras_operativas_y_defensivas_090102.8227","geometry":{"type":"Point","coordinates":[-62.65569504,-39.60123]},"geometry_name":"geom","properties":{"gid":8227,"entidad":0,"objeto":"Cuartel de bomberos","fna":"Bomberos Voluntarios de Juan A. Pradere","gna":"Bomberos Voluntarios","nam":"de Juan A. Pradere","fdc":"OSM/Consejo Nacional de Bomberos","sag":"IGN"},"bbox":[-62.65569504,-39.60123,-62.65569504,-39.60123]},{"type":"Feature","id":"estructuras_operativas_y_defensivas_090102.8228","geometry":{"type":"Point","coordinates":[-64.12603372,-25.11218669]},"geometry_name":"geom","properties":{"gid":8228,"entidad":0,"objeto":"Cuartel de bomberos","fna":"Bomberos Voluntarios de Joaquín V. González","gna":"Bomberos Voluntarios","nam":"de Joaquín V. González","fdc":"OSM/Consejo Nacional de Bomberos","sag":"IGN"},"bbox":[-64.12603372,-25.11218669,-64.12603372,-25.11218669]},{"type":"Feature","id":"estructuras_operativas_y_defensivas_090102.8229","geometry":{"type":"Point","coordinates":[-58.68723458,-34.64734032]},"geometry_name":"geom","properties":{"gid":8229,"entidad":0,"objeto":"Cuartel de bomberos","fna":"Bomberos Voluntarios de Ituzaingó","gna":"Bomberos Voluntarios","nam":"de Ituzaingó","fdc":"OSM/Consejo Nacional de Bomberos","sag":"IGN"},"bbox":[-58.68723458,-34.64734032,-58.68723458,-34.64734032]},{"type":"Feature","id":"estructuras_operativas_y_defensivas_090102.8230","geometry":{"type":"Point","coordinates":[-58.24845808,-27.27493909]},"geometry_name":"geom","properties":{"gid":8230,"entidad":0,"objeto":"Cuartel de bomberos","fna":"Bomberos Voluntarios de Itatí","gna":"Bomberos Voluntarios","nam":"de Itatí","fdc":"OSM/Consejo Nacional de Bomberos","sag":"IGN"},"bbox":[-58.24845808,-27.27493909,-58.24845808,-27.27493909]},{"type":"Feature","id":"estructuras_operativas_y_defensivas_090102.8231","geometry":{"type":"Point","coordinates":[-60.88880323,-38.33092452]},"geometry_name":"geom","properties":{"gid":8231,"entidad":0,"objeto":"Cuartel de bomberos","fna":"Bomberos Voluntarios de Indio Rico","gna":"Bomberos Voluntarios","nam":"de Indio Rico","fdc":"OSM/Consejo Nacional de Bomberos","sag":"IGN"},"bbox":[-60.88880323,-38.33092452,-60.88880323,-38.33092452]},{"type":"Feature","id":"estructuras_operativas_y_defensivas_090102.8232","geometry":{"type":"Point","coordinates":[-64.26809985,-23.24776264]},"geometry_name":"geom","properties":{"gid":8232,"entidad":0,"objeto":"Cuartel de bomberos","fna":"Bomberos Voluntarios de Hipólito Yrigoyen","gna":"Bomberos Voluntarios","nam":"de Hipólito Yrigoyen","fdc":"OSM/Consejo Nacional de Bomberos","sag":"IGN"},"bbox":[-64.26809985,-23.24776264,-64.26809985,-23.24776264]},{"type":"Feature","id":"estructuras_operativas_y_defensivas_090102.8233","geometry":{"type":"Point","coordinates":[-62.64612726,-39.37611891]},"geometry_name":"geom","properties":{"gid":8233,"entidad":0,"objeto":"Cuartel de bomberos","fna":"Bomberos Voluntarios de Hilario Ascasubi","gna":"Bomberos Voluntarios","nam":"de Hilario Ascasubi","fdc":"OSM/Consejo Nacional de Bomberos","sag":"IGN"},"bbox":[-62.64612726,-39.37611891,-62.64612726,-39.37611891]},{"type":"Feature","id":"estructuras_operativas_y_defensivas_090102.8234","geometry":{"type":"Point","coordinates":[-61.71468835,-36.30207645]},"geometry_name":"geom","properties":{"gid":8234,"entidad":0,"objeto":"Cuartel de bomberos","fna":"Bomberos Voluntarios de Henderson","gna":"Bomberos Voluntarios","nam":"de Henderson","fdc":"OSM/Consejo Nacional de Bomberos","sag":"IGN"},"bbox":[-61.71468835,-36.30207645,-61.71468835,-36.30207645]},{"type":"Feature","id":"estructuras_operativas_y_defensivas_090102.8235","geometry":{"type":"Point","coordinates":[-58.96036706,-35.67340574]},"geometry_name":"geom","properties":{"gid":8235,"entidad":0,"objeto":"Cuartel de bomberos","fna":"Bomberos Voluntarios de Gorchs","gna":"Bomberos Voluntarios","nam":"de Gorchs","fdc":"OSM/Consejo Nacional de Bomberos","sag":"IGN"},"bbox":[-58.96036706,-35.67340574,-58.96036706,-35.67340574]},{"type":"Feature","id":"estructuras_operativas_y_defensivas_090102.8236","geometry":{"type":"Point","coordinates":[-60.10134828,-38.03254447]},"geometry_name":"geom","properties":{"gid":8236,"entidad":0,"objeto":"Cuartel de bomberos","fna":"Bomberos Voluntarios de Adolfo Gonzales Chaves","gna":"Bomberos Voluntarios","nam":"de Adolfo Gonzales Chaves","fdc":"OSM/Consejo Nacional de Bomberos","sag":"IGN"},"bbox":[-60.10134828,-38.03254447,-60.10134828,-38.03254447]},{"type":"Feature","id":"estructuras_operativas_y_defensivas_090102.8237","geometry":{"type":"Point","coordinates":[-56.02193044,-28.05392473]},"geometry_name":"geom","properties":{"gid":8237,"entidad":0,"objeto":"Cuartel de bomberos","fna":"Bomberos Voluntarios de Gobernador Ingeniero Valentín Virasoro","gna":"Bomberos Voluntarios","nam":"de Gobernador Ingeniero Valentín Virasoro","fdc":"OSM/Consejo Nacional de Bomberos","sag":"IGN"},"bbox":[-56.02193044,-28.05392473,-56.02193044,-28.05392473]},{"type":"Feature","id":"estructuras_operativas_y_defensivas_090102.8238","geometry":{"type":"Point","coordinates":[-60.08033341,-35.16381771]},"geometry_name":"geom","properties":{"gid":8238,"entidad":0,"objeto":"Cuartel de bomberos","fna":"Bomberos Voluntarios de Gobernador Ugarte","gna":"Bomberos Voluntarios","nam":"de Gobernador Ugarte","fdc":"OSM/Consejo Nacional de Bomberos","sag":"IGN"},"bbox":[-60.08033341,-35.16381771,-60.08033341,-35.16381771]},{"type":"Feature","id":"estructuras_operativas_y_defensivas_090102.8239","geometry":{"type":"Point","coordinates":[-60.404974,-30.36034693]},"geometry_name":"geom","properties":{"gid":8239,"entidad":0,"objeto":"Cuartel de bomberos","fna":"Bomberos Voluntarios de Gobernador Crespo","gna":"Bomberos Voluntarios","nam":"de Gobernador Crespo","fdc":"OSM/Consejo Nacional de Bomberos","sag":"IGN"},"bbox":[-60.404974,-30.36034693,-60.404974,-30.36034693]},{"type":"Feature","id":"estructuras_operativas_y_defensivas_090102.8240","geometry":{"type":"Point","coordinates":[-62.04505721,-34.5764149]},"geometry_name":"geom","properties":{"gid":8240,"entidad":0,"objeto":"Cuartel de bomberos","fna":"Bomberos Voluntarios de Germania","gna":"Bomberos Voluntarios","nam":"de Germania","fdc":"OSM/Consejo Nacional de Bomberos","sag":"IGN"},"bbox":[-62.04505721,-34.5764149,-62.04505721,-34.5764149]},{"type":"Feature","id":"estructuras_operativas_y_defensivas_090102.8241","geometry":{"type":"Point","coordinates":[-61.3021096,-34.30056731]},"geometry_name":"geom","properties":{"gid":8241,"entidad":0,"objeto":"Cuartel de bomberos","fna":"Bomberos Voluntarios de General Arenales","gna":"Bomberos Voluntarios","nam":"de General Arenales","fdc":"OSM/Consejo Nacional de Bomberos","sag":"IGN"},"bbox":[-61.3021096,-34.30056731,-61.3021096,-34.30056731]},{"type":"Feature","id":"estructuras_operativas_y_defensivas_090102.8242","geometry":{"type":"Point","coordinates":[-62.60533672,-36.56146751]},"geometry_name":"geom","properties":{"gid":8242,"entidad":0,"objeto":"Cuartel de bomberos","fna":"Bomberos Voluntarios de Garré","gna":"Bomberos Voluntarios","nam":"de Garré","fdc":"OSM/Consejo Nacional de Bomberos","sag":"IGN"},"bbox":[-62.60533672,-36.56146751,-62.60533672,-36.56146751]},{"type":"Feature","id":"estructuras_operativas_y_defensivas_090102.8243","geometry":{"type":"Point","coordinates":[-62.47161796,-34.84546249]},"geometry_name":"geom","properties":{"gid":8243,"entidad":0,"objeto":"Cuartel de bomberos","fna":"Bomberos Voluntarios de Florentino Ameghino","gna":"Bomberos Voluntarios","nam":"de Florentino Ameghino","fdc":"OSM/Consejo Nacional de Bomberos","sag":"IGN"},"bbox":[-62.47161796,-34.84546249,-62.47161796,-34.84546249]},{"type":"Feature","id":"estructuras_operativas_y_defensivas_090102.8244","geometry":{"type":"Point","coordinates":[-59.21843724,-28.04521733]},"geometry_name":"geom","properties":{"gid":8244,"entidad":0,"objeto":"Cuartel de bomberos","fna":"Bomberos Voluntarios de Florencia","gna":"Bomberos Voluntarios","nam":"de Florencia","fdc":"OSM/Consejo Nacional de Bomberos","sag":"IGN"},"bbox":[-59.21843724,-28.04521733,-59.21843724,-28.04521733]},{"type":"Feature","id":"estructuras_operativas_y_defensivas_090102.8245","geometry":{"type":"Point","coordinates":[-62.82264627,-38.0068119]},"geometry_name":"geom","properties":{"gid":8245,"entidad":0,"objeto":"Cuartel de bomberos","fna":"Bomberos Voluntarios de Felipe Solá","gna":"Bomberos Voluntarios","nam":"de Felipe Solá","fdc":"OSM/Consejo Nacional de Bomberos","sag":"IGN"},"bbox":[-62.82264627,-38.0068119,-62.82264627,-38.0068119]},{"type":"Feature","id":"estructuras_operativas_y_defensivas_090102.8246","geometry":{"type":"Point","coordinates":[-61.2149072,-31.24267702]},"geometry_name":"geom","properties":{"gid":8246,"entidad":0,"objeto":"Cuartel de bomberos","fna":"Bomberos Voluntarios de Felicia","gna":"Bomberos Voluntarios","nam":"de Felicia","fdc":"OSM/Consejo Nacional de Bomberos","sag":"IGN"},"bbox":[-61.2149072,-31.24267702,-61.2149072,-31.24267702]},{"type":"Feature","id":"estructuras_operativas_y_defensivas_090102.8247","geometry":{"type":"Point","coordinates":[-61.51545057,-35.08869182]},"geometry_name":"geom","properties":{"gid":8247,"entidad":0,"objeto":"Cuartel de bomberos","fna":"Bomberos Voluntarios de El Triunfo","gna":"Bomberos Voluntarios","nam":"de El Triunfo","fdc":"OSM/Consejo Nacional de Bomberos","sag":"IGN"},"bbox":[-61.51545057,-35.08869182,-61.51545057,-35.08869182]},{"type":"Feature","id":"estructuras_operativas_y_defensivas_090102.8248","geometry":{"type":"Point","coordinates":[-60.70639287,-33.66445149]},"geometry_name":"geom","properties":{"gid":8248,"entidad":0,"objeto":"Cuartel de bomberos","fna":"Bomberos Voluntarios de Villa Angélica","gna":"Bomberos Voluntarios","nam":"de Villa Angélica","fdc":"OSM/Consejo Nacional de Bomberos","sag":"IGN"},"bbox":[-60.70639287,-33.66445149,-60.70639287,-33.66445149]},{"type":"Feature","id":"estructuras_operativas_y_defensivas_090102.8249","geometry":{"type":"Point","coordinates":[-54.19542925,-27.29857142]},"geometry_name":"geom","properties":{"gid":8249,"entidad":0,"objeto":"Cuartel de bomberos","fna":"Bomberos Voluntarios de El Soberbio","gna":"Bomberos Voluntarios","nam":"de El Soberbio","fdc":"OSM/Consejo Nacional de Bomberos","sag":"IGN"},"bbox":[-54.19542925,-27.29857142,-54.19542925,-27.29857142]},{"type":"Feature","id":"estructuras_operativas_y_defensivas_090102.8250","geometry":{"type":"Point","coordinates":[-60.72731225,-35.89508201]},"geometry_name":"geom","properties":{"gid":8250,"entidad":0,"objeto":"Cuartel de bomberos","fna":"Bomberos Voluntarios de Del Valle","gna":"Bomberos Voluntarios","nam":"de Del Valle","fdc":"OSM/Consejo Nacional de Bomberos","sag":"IGN"},"bbox":[-60.72731225,-35.89508201,-60.72731225,-35.89508201]},{"type":"Feature","id":"estructuras_operativas_y_defensivas_090102.8251","geometry":{"type":"Point","coordinates":[-60.30590176,-34.84185993]},"geometry_name":"geom","properties":{"gid":8251,"entidad":0,"objeto":"Cuartel de bomberos","fna":"Bomberos Voluntarios de Villa Ortiz","gna":"Bomberos Voluntarios","nam":"de Villa Ortiz","fdc":"OSM/Consejo Nacional de Bomberos","sag":"IGN"},"bbox":[-60.30590176,-34.84185993,-60.30590176,-34.84185993]},{"type":"Feature","id":"estructuras_operativas_y_defensivas_090102.8252","geometry":{"type":"Point","coordinates":[-62.20493938,-34.78838748]},"geometry_name":"geom","properties":{"gid":8252,"entidad":0,"objeto":"Cuartel de bomberos","fna":"Bomberos Voluntarios de Villa Francia","gna":"Bomberos Voluntarios","nam":"de Villa Francia","fdc":"OSM/Consejo Nacional de Bomberos","sag":"IGN"},"bbox":[-62.20493938,-34.78838748,-62.20493938,-34.78838748]},{"type":"Feature","id":"estructuras_operativas_y_defensivas_090102.8253","geometry":{"type":"Point","coordinates":[-63.37045804,-34.67577374]},"geometry_name":"geom","properties":{"gid":8253,"entidad":0,"objeto":"Cuartel de bomberos","fna":"Bomberos Voluntarios de Coronel Charlone","gna":"Bomberos Voluntarios","nam":"de Coronel Charlone","fdc":"OSM/Consejo Nacional de Bomberos","sag":"IGN"},"bbox":[-63.37045804,-34.67577374,-63.37045804,-34.67577374]},{"type":"Feature","id":"estructuras_operativas_y_defensivas_090102.8254","geometry":{"type":"Point","coordinates":[-60.45334079,-38.72214306]},"geometry_name":"geom","properties":{"gid":8254,"entidad":0,"objeto":"Cuartel de bomberos","fna":"Bomberos Voluntarios de Copetonas","gna":"Bomberos Voluntarios","nam":"de Copetonas","fdc":"OSM/Consejo Nacional de Bomberos","sag":"IGN"},"bbox":[-60.45334079,-38.72214306,-60.45334079,-38.72214306]},{"type":"Feature","id":"estructuras_operativas_y_defensivas_090102.8255","geometry":{"type":"Point","coordinates":[-57.8838498,-28.39313385]},"geometry_name":"geom","properties":{"gid":8255,"entidad":0,"objeto":"Cuartel de bomberos","fna":"Bomberos Voluntarios de Concepción","gna":"Bomberos Voluntarios","nam":"de Concepción","fdc":"OSM/Consejo Nacional de Bomberos","sag":"IGN"},"bbox":[-57.8838498,-28.39313385,-57.8838498,-28.39313385]},{"type":"Feature","id":"estructuras_operativas_y_defensivas_090102.8256","geometry":{"type":"Point","coordinates":[-54.04421216,-25.66603522]},"geometry_name":"geom","properties":{"gid":8256,"entidad":0,"objeto":"Cuartel de bomberos","fna":"Bomberos Voluntarios de Comandante Andresito","gna":"Bomberos Voluntarios","nam":"de Comandante Andresito","fdc":"OSM/Consejo Nacional de Bomberos","sag":"IGN"},"bbox":[-54.04421216,-25.66603522,-54.04421216,-25.66603522]},{"type":"Feature","id":"estructuras_operativas_y_defensivas_090102.8257","geometry":{"type":"Point","coordinates":[-64.42436112,-23.39506528]},"geometry_name":"geom","properties":{"gid":8257,"entidad":0,"objeto":"Cuartel de bomberos","fna":"Bomberos Voluntarios de Colonia Santa Rosa","gna":"Bomberos Voluntarios","nam":"de Colonia Santa Rosa","fdc":"OSM/Consejo Nacional de Bomberos","sag":"IGN"},"bbox":[-64.42436112,-23.39506528,-64.42436112,-23.39506528]},{"type":"Feature","id":"estructuras_operativas_y_defensivas_090102.8258","geometry":{"type":"Point","coordinates":[-55.82016909,-27.9127851]},"geometry_name":"geom","properties":{"gid":8258,"entidad":0,"objeto":"Cuartel de bomberos","fna":"Bomberos Voluntarios de Colonia Liebig´s","gna":"Bomberos Voluntarios","nam":"de Colonia Liebig´s","fdc":"OSM/Consejo Nacional de Bomberos","sag":"IGN"},"bbox":[-55.82016909,-27.9127851,-55.82016909,-27.9127851]},{"type":"Feature","id":"estructuras_operativas_y_defensivas_090102.8259","geometry":{"type":"Point","coordinates":[-57.8245174,-30.04575094]},"geometry_name":"geom","properties":{"gid":8259,"entidad":0,"objeto":"Cuartel de bomberos","fna":"Bomberos Voluntarios de Colonia Libertad","gna":"Bomberos Voluntarios","nam":"de Colonia Libertad","fdc":"OSM/Consejo Nacional de Bomberos","sag":"IGN"},"bbox":[-57.8245174,-30.04575094,-57.8245174,-30.04575094]},{"type":"Feature","id":"estructuras_operativas_y_defensivas_090102.8260","geometry":{"type":"Point","coordinates":[-64.1356444,-27.579675]},"geometry_name":"geom","properties":{"gid":8260,"entidad":0,"objeto":"Cuartel de bomberos","fna":"Bomberos Voluntarios de Clodomira","gna":"Bomberos Voluntarios","nam":"de Clodomira","fdc":"OSM/Consejo Nacional de Bomberos","sag":"IGN"},"bbox":[-64.1356444,-27.579675,-64.1356444,-27.579675]},{"type":"Feature","id":"estructuras_operativas_y_defensivas_090102.8261","geometry":{"type":"Point","coordinates":[-58.56956329,-28.95424452]},"geometry_name":"geom","properties":{"gid":8261,"entidad":0,"objeto":"Cuartel de bomberos","fna":"Bomberos Voluntarios de Chavarría","gna":"Bomberos Voluntarios","nam":"de Chavarría","fdc":"OSM/Consejo Nacional de Bomberos","sag":"IGN"},"bbox":[-58.56956329,-28.95424452,-58.56956329,-28.95424452]},{"type":"Feature","id":"estructuras_operativas_y_defensivas_090102.8262","geometry":{"type":"Point","coordinates":[-59.9053666,-34.61253963]},"geometry_name":"geom","properties":{"gid":8262,"entidad":0,"objeto":"Cuartel de bomberos","fna":"Bomberos Voluntarios de Castilla","gna":"Bomberos Voluntarios","nam":"de Castilla","fdc":"OSM/Consejo Nacional de Bomberos","sag":"IGN"},"bbox":[-59.9053666,-34.61253963,-59.9053666,-34.61253963]},{"type":"Feature","id":"estructuras_operativas_y_defensivas_090102.8263","geometry":{"type":"Point","coordinates":[-61.365122,-35.61924516]},"geometry_name":"geom","properties":{"gid":8263,"entidad":0,"objeto":"Cuartel de bomberos","fna":"Bomberos Voluntarios de Carlos Casares","gna":"Bomberos Voluntarios","nam":"de Carlos Casares","fdc":"OSM/Consejo Nacional de Bomberos","sag":"IGN"},"bbox":[-61.365122,-35.61924516,-61.365122,-35.61924516]},{"type":"Feature","id":"estructuras_operativas_y_defensivas_090102.8264","geometry":{"type":"Point","coordinates":[-60.86830983,-34.03788194]},"geometry_name":"geom","properties":{"gid":8264,"entidad":0,"objeto":"Cuartel de bomberos","fna":"Bomberos Voluntarios de Carabelas","gna":"Bomberos Voluntarios","nam":"de Carabelas","fdc":"OSM/Consejo Nacional de Bomberos","sag":"IGN"},"bbox":[-60.86830983,-34.03788194,-60.86830983,-34.03788194]},{"type":"Feature","id":"estructuras_operativas_y_defensivas_090102.8265","geometry":{"type":"Point","coordinates":[-62.96017487,-34.41721741]},"geometry_name":"geom","properties":{"gid":8265,"entidad":0,"objeto":"Cuartel de bomberos","fna":"Bomberos Voluntarios de Cañada Seca","gna":"Bomberos Voluntarios","nam":"de Cañada Seca","fdc":"OSM/Consejo Nacional de Bomberos","sag":"IGN"},"bbox":[-62.96017487,-34.41721741,-62.96017487,-34.41721741]},{"type":"Feature","id":"estructuras_operativas_y_defensivas_090102.8266","geometry":{"type":"Point","coordinates":[-55.74251367,-27.47713702]},"geometry_name":"geom","properties":{"gid":8266,"entidad":0,"objeto":"Cuartel de bomberos","fna":"Bomberos Voluntarios de Candelaria","gna":"Bomberos Voluntarios","nam":"de Candelaria","fdc":"OSM/Consejo Nacional de Bomberos","sag":"IGN"},"bbox":[-55.74251367,-27.47713702,-55.74251367,-27.47713702]},{"type":"Feature","id":"estructuras_operativas_y_defensivas_090102.8267","geometry":{"type":"Point","coordinates":[-59.50495508,-36.37503768]},"geometry_name":"geom","properties":{"gid":8267,"entidad":0,"objeto":"Cuartel de bomberos","fna":"Bomberos Voluntarios de Cacharí","gna":"Bomberos Voluntarios","nam":"de Cacharí","fdc":"OSM/Consejo Nacional de Bomberos","sag":"IGN"},"bbox":[-59.50495508,-36.37503768,-59.50495508,-36.37503768]},{"type":"Feature","id":"estructuras_operativas_y_defensivas_090102.8268","geometry":{"type":"Point","coordinates":[-57.43385716,-29.82345689]},"geometry_name":"geom","properties":{"gid":8268,"entidad":0,"objeto":"Cuartel de bomberos","fna":"Bomberos Voluntarios de Bonpland","gna":"Bomberos Voluntarios","nam":"de Bonpland","fdc":"OSM/Consejo Nacional de Bomberos","sag":"IGN"},"bbox":[-57.43385716,-29.82345689,-57.43385716,-29.82345689]},{"type":"Feature","id":"estructuras_operativas_y_defensivas_090102.8269","geometry":{"type":"Point","coordinates":[-62.51403961,-35.85362413]},"geometry_name":"geom","properties":{"gid":8269,"entidad":0,"objeto":"Cuartel de bomberos","fna":"Bomberos Voluntarios de Beruti","gna":"Bomberos Voluntarios","nam":"de Beruti","fdc":"OSM/Consejo Nacional de Bomberos","sag":"IGN"},"bbox":[-62.51403961,-35.85362413,-62.51403961,-35.85362413]},{"type":"Feature","id":"estructuras_operativas_y_defensivas_090102.8270","geometry":{"type":"Point","coordinates":[-59.80742286,-37.67760932]},"geometry_name":"geom","properties":{"gid":8270,"entidad":0,"objeto":"Cuartel de bomberos","fna":"Bomberos Voluntarios de Benito Juárez","gna":"Bomberos Voluntarios","nam":"de Benito Juárez","fdc":"OSM/Consejo Nacional de Bomberos","sag":"IGN"},"bbox":[-59.80742286,-37.67760932,-59.80742286,-37.67760932]},{"type":"Feature","id":"estructuras_operativas_y_defensivas_090102.8271","geometry":{"type":"Point","coordinates":[-65.68867362,-34.7796027]},"geometry_name":"geom","properties":{"gid":8271,"entidad":0,"objeto":"Cuartel de bomberos","fna":"Bomberos Voluntarios de Batavia","gna":"Bomberos Voluntarios","nam":"de Batavia","fdc":"OSM/Consejo Nacional de Bomberos","sag":"IGN"},"bbox":[-65.68867362,-34.7796027,-65.68867362,-34.7796027]},{"type":"Feature","id":"estructuras_operativas_y_defensivas_090102.8272","geometry":{"type":"Point","coordinates":[-59.39027627,-37.64138144]},"geometry_name":"geom","properties":{"gid":8272,"entidad":0,"objeto":"Cuartel de bomberos","fna":"Bomberos Voluntarios de Barker","gna":"Bomberos Voluntarios","nam":"de Barker","fdc":"OSM/Consejo Nacional de Bomberos","sag":"IGN"},"bbox":[-59.39027627,-37.64138144,-59.39027627,-37.64138144]},{"type":"Feature","id":"estructuras_operativas_y_defensivas_090102.8273","geometry":{"type":"Point","coordinates":[-60.34107078,-38.89804072]},"geometry_name":"geom","properties":{"gid":8273,"entidad":0,"objeto":"Cuartel de bomberos","fna":"Bomberos Voluntarios de Reta","gna":"Bomberos Voluntarios","nam":"de Reta","fdc":"OSM/Consejo Nacional de Bomberos","sag":"IGN"},"bbox":[-60.34107078,-38.89804072,-60.34107078,-38.89804072]},{"type":"Feature","id":"estructuras_operativas_y_defensivas_090102.8274","geometry":{"type":"Point","coordinates":[-60.98289553,-34.74517384]},"geometry_name":"geom","properties":{"gid":8274,"entidad":0,"objeto":"Cuartel de bomberos","fna":"Bomberos Voluntarios de Baigorrita","gna":"Bomberos Voluntarios","nam":"de Baigorrita","fdc":"OSM/Consejo Nacional de Bomberos","sag":"IGN"},"bbox":[-60.98289553,-34.74517384,-60.98289553,-34.74517384]},{"type":"Feature","id":"estructuras_operativas_y_defensivas_090102.8275","geometry":{"type":"Point","coordinates":[-62.2369361,-40.55159515]},"geometry_name":"geom","properties":{"gid":8275,"entidad":0,"objeto":"Cuartel de bomberos","fna":"Bomberos Voluntarios de Bahía San Blas","gna":"Bomberos Voluntarios","nam":"de Bahía San Blas","fdc":"OSM/Consejo Nacional de Bomberos","sag":"IGN"},"bbox":[-62.2369361,-40.55159515,-62.2369361,-40.55159515]},{"type":"Feature","id":"estructuras_operativas_y_defensivas_090102.8276","geometry":{"type":"Point","coordinates":[-61.10427245,-34.23203614]},"geometry_name":"geom","properties":{"gid":8276,"entidad":0,"objeto":"Cuartel de bomberos","fna":"Bomberos Voluntarios de Ascensión","gna":"Bomberos Voluntarios","nam":"de Ascensión","fdc":"OSM/Consejo Nacional de Bomberos","sag":"IGN"},"bbox":[-61.10427245,-34.23203614,-61.10427245,-34.23203614]},{"type":"Feature","id":"estructuras_operativas_y_defensivas_090102.8277","geometry":{"type":"Point","coordinates":[-61.35435171,-34.20591377]},"geometry_name":"geom","properties":{"gid":8277,"entidad":0,"objeto":"Cuartel de bomberos","fna":"Bomberos Voluntarios de Arribeños","gna":"Bomberos Voluntarios","nam":"de Arribeños","fdc":"OSM/Consejo Nacional de Bomberos","sag":"IGN"},"bbox":[-61.35435171,-34.20591377,-61.35435171,-34.20591377]},{"type":"Feature","id":"estructuras_operativas_y_defensivas_090102.8278","geometry":{"type":"Point","coordinates":[-63.99295816,-24.43574254]},"geometry_name":"geom","properties":{"gid":8278,"entidad":0,"objeto":"Cuartel de bomberos","fna":"Bomberos Voluntarios de Apolinario Saravia","gna":"Bomberos Voluntarios","nam":"de Apolinario Saravia","fdc":"OSM/Consejo Nacional de Bomberos","sag":"IGN"},"bbox":[-63.99295816,-24.43574254,-63.99295816,-24.43574254]},{"type":"Feature","id":"estructuras_operativas_y_defensivas_090102.8279","geometry":{"type":"Point","coordinates":[-61.53951154,-31.55220214]},"geometry_name":"geom","properties":{"gid":8279,"entidad":0,"objeto":"Cuartel de bomberos","fna":"Bomberos Voluntarios de Angélica","gna":"Bomberos Voluntarios","nam":"de Angélica","fdc":"OSM/Consejo Nacional de Bomberos","sag":"IGN"},"bbox":[-61.53951154,-31.55220214,-61.53951154,-31.55220214]},{"type":"Feature","id":"estructuras_operativas_y_defensivas_090102.8280","geometry":{"type":"Point","coordinates":[-60.59252486,-31.89152821]},"geometry_name":"geom","properties":{"gid":8280,"entidad":0,"objeto":"Cuartel de bomberos","fna":"Bomberos Voluntarios de Aldea Brasilera","gna":"Bomberos Voluntarios","nam":"de Aldea Brasilera","fdc":"OSM/Consejo Nacional de Bomberos","sag":"IGN"},"bbox":[-60.59252486,-31.89152821,-60.59252486,-31.89152821]},{"type":"Feature","id":"estructuras_operativas_y_defensivas_090102.8281","geometry":{"type":"Point","coordinates":[-60.87935542,-35.45030704]},"geometry_name":"geom","properties":{"gid":8281,"entidad":0,"objeto":"Cuartel de bomberos","fna":"Bomberos Voluntarios de 9 de Julio","gna":"Bomberos Voluntarios","nam":"de 9 de Julio","fdc":"OSM/Consejo Nacional de Bomberos","sag":"IGN"},"bbox":[-60.87935542,-35.45030704,-60.87935542,-35.45030704]},{"type":"Feature","id":"estructuras_operativas_y_defensivas_090102.8282","geometry":{"type":"Point","coordinates":[-54.75014848,-27.37231677]},"geometry_name":"geom","properties":{"gid":8282,"entidad":0,"objeto":"Cuartel de bomberos","fna":"Bomberos Voluntarios de 25 de Mayo","gna":"Bomberos Voluntarios","nam":"de 25 de Mayo","fdc":"OSM/Consejo Nacional de Bomberos","sag":"IGN"},"bbox":[-54.75014848,-27.37231677,-54.75014848,-27.37231677]},{"type":"Feature","id":"estructuras_operativas_y_defensivas_090102.8283","geometry":{"type":"Point","coordinates":[-62.93889491,-37.90979149]},"geometry_name":"geom","properties":{"gid":8283,"entidad":0,"objeto":"Cuartel de bomberos","fna":"Bomberos Voluntarios de 17 de Agosto","gna":"Bomberos Voluntarios","nam":"de 17 de Agosto","fdc":"OSM/Consejo Nacional de Bomberos","sag":"IGN"},"bbox":[-62.93889491,-37.90979149,-62.93889491,-37.90979149]},{"type":"Feature","id":"estructuras_operativas_y_defensivas_090102.8284","geometry":{"type":"Point","coordinates":[-59.34315695,-35.19926232]},"geometry_name":"geom","properties":{"gid":8284,"entidad":0,"objeto":"Cuartel de bomberos","fna":"Destacamento Nº 2 Antonio Carboni","gna":"Destacamento","nam":"Nº 2 Antonio Carboni","fdc":"OSM/Consejo Nacional de Bomberos","sag":"IGN"},"bbox":[-59.34315695,-35.19926232,-59.34315695,-35.19926232]},{"type":"Feature","id":"estructuras_operativas_y_defensivas_090102.8285","geometry":{"type":"Point","coordinates":[-54.95975883,-26.82291042]},"geometry_name":"geom","properties":{"gid":8285,"entidad":0,"objeto":"Cuartel de bomberos","fna":"Bomberos Voluntarios de Garuhapé","gna":"Bomberos Voluntarios","nam":"de Garuhapé","fdc":"OSM/Consejo Nacional de Bomberos","sag":"IGN"},"bbox":[-54.95975883,-26.82291042,-54.95975883,-26.82291042]},{"type":"Feature","id":"estructuras_operativas_y_defensivas_090102.8286","geometry":{"type":"Point","coordinates":[-61.61383273,-35.32718164]},"geometry_name":"geom","properties":{"gid":8286,"entidad":0,"objeto":"Cuartel de bomberos","fna":"Bomberos Voluntarios de Martínez de Hoz","gna":"Bomberos Voluntarios","nam":"de Martínez de Hoz","fdc":"OSM/Consejo Nacional de Bomberos","sag":"IGN"},"bbox":[-61.61383273,-35.32718164,-61.61383273,-35.32718164]},{"type":"Feature","id":"estructuras_operativas_y_defensivas_090102.8287","geometry":{"type":"Point","coordinates":[-60.63324643,-33.0265045]},"geometry_name":"geom","properties":{"gid":8287,"entidad":0,"objeto":"Cuartel de bomberos","fna":"Asociación Bomberos Voluntarios Villa Gobernador Gálvez","gna":"Asociación Bomberos Voluntarios","nam":"Villa Gobernador Gálvez","fdc":"OSM/Consejo Nacional de Bomberos","sag":"IGN"},"bbox":[-60.63324643,-33.0265045,-60.63324643,-33.0265045]},{"type":"Feature","id":"estructuras_operativas_y_defensivas_090102.8288","geometry":{"type":"Point","coordinates":[-60.00756942,-31.86701061]},"geometry_name":"geom","properties":{"gid":8288,"entidad":0,"objeto":"Cuartel de bomberos","fna":"Bomberos Voluntarios de Viale","gna":"Bomberos Voluntarios","nam":"de Viale","fdc":"OSM/Consejo Nacional de Bomberos","sag":"IGN"},"bbox":[-60.00756942,-31.86701061,-60.00756942,-31.86701061]},{"type":"Feature","id":"estructuras_operativas_y_defensivas_090102.8289","geometry":{"type":"Point","coordinates":[-58.80369642,-35.2819165]},"geometry_name":"geom","properties":{"gid":8289,"entidad":0,"objeto":"Cuartel de bomberos","fna":"Bomberos Voluntarios de Abbott","gna":"Bomberos Voluntarios","nam":"de Abbott","fdc":"OSM/Consejo Nacional de Bomberos","sag":"IGN"},"bbox":[-58.80369642,-35.2819165,-58.80369642,-35.2819165]},{"type":"Feature","id":"estructuras_operativas_y_defensivas_090102.8290","geometry":{"type":"Point","coordinates":[-61.76931653,-38.20460883]},"geometry_name":"geom","properties":{"gid":8290,"entidad":0,"objeto":"Cuartel de bomberos","fna":"Bomberos Voluntarios de Saldungaray","gna":"Bomberos Voluntarios","nam":"de Saldungaray","fdc":"OSM/Consejo Nacional de Bomberos","sag":"IGN"},"bbox":[-61.76931653,-38.20460883,-61.76931653,-38.20460883]},{"type":"Feature","id":"estructuras_operativas_y_defensivas_090102.8295","geometry":{"type":"Point","coordinates":[-61.02847622,-32.87783443]},"geometry_name":"geom","properties":{"gid":8295,"entidad":0,"objeto":"Cuartel de bomberos","fna":"Bomberos Voluntarios de San Jerónimo Sud","gna":"Bomberos Voluntarios","nam":"de San Jerónimo Sud","fdc":"OSM/Consejo Nacional de Bomberos","sag":"IGN"},"bbox":[-61.02847622,-32.87783443,-61.02847622,-32.87783443]},{"type":"Feature","id":"estructuras_operativas_y_defensivas_090102.8296","geometry":{"type":"Point","coordinates":[-61.52809002,-35.91910933]},"geometry_name":"geom","properties":{"gid":8296,"entidad":0,"objeto":"Cuartel de bomberos","fna":"Bomberos Voluntarios de Bellocq","gna":"Bomberos Voluntarios","nam":"de Bellocq","fdc":"OSM/Consejo Nacional de Bomberos","sag":"IGN"},"bbox":[-61.52809002,-35.91910933,-61.52809002,-35.91910933]},{"type":"Feature","id":"estructuras_operativas_y_defensivas_090102.8297","geometry":{"type":"Point","coordinates":[-67.26132445,-40.50194523]},"geometry_name":"geom","properties":{"gid":8297,"entidad":0,"objeto":"Cuartel de bomberos","fna":"Bomberos Voluntarios de Ministro Ramos Mexía","gna":"Bomberos Voluntarios","nam":"de Ministro Ramos Mexía","fdc":"OSM/Consejo Nacional de Bomberos","sag":"IGN"},"bbox":[-67.26132445,-40.50194523,-67.26132445,-40.50194523]},{"type":"Feature","id":"estructuras_operativas_y_defensivas_090102.8298","geometry":{"type":"Point","coordinates":[-64.29167559,-31.29530309]},"geometry_name":"geom","properties":{"gid":8298,"entidad":0,"objeto":"Cuartel de bomberos","fna":"Bomberos Voluntarios de Villa Allende","gna":"Bomberos Voluntarios","nam":"de Villa Allende","fdc":"OSM/Consejo Nacional de Bomberos","sag":"IGN"},"bbox":[-64.29167559,-31.29530309,-64.29167559,-31.29530309]},{"type":"Feature","id":"estructuras_operativas_y_defensivas_090102.8299","geometry":{"type":"Point","coordinates":[-61.16890256,-32.58353599]},"geometry_name":"geom","properties":{"gid":8299,"entidad":0,"objeto":"Cuartel de bomberos","fna":"Bomberos Voluntarios de Totoras","gna":"Bomberos Voluntarios","nam":"de Totoras","fdc":"OSM/Consejo Nacional de Bomberos","sag":"IGN"},"bbox":[-61.16890256,-32.58353599,-61.16890256,-32.58353599]},{"type":"Feature","id":"estructuras_operativas_y_defensivas_090102.8300","geometry":{"type":"Point","coordinates":[-66.22965743,-33.21115754]},"geometry_name":"geom","properties":{"gid":8300,"entidad":0,"objeto":"Cuartel de bomberos","fna":"Bomberos Voluntarios de Potrero de los Funes","gna":"Bomberos Voluntarios","nam":"de Potrero de los Funes","fdc":"OSM/Consejo Nacional de Bomberos","sag":"IGN"},"bbox":[-66.22965743,-33.21115754,-66.22965743,-33.21115754]},{"type":"Feature","id":"estructuras_operativas_y_defensivas_090102.8301","geometry":{"type":"Point","coordinates":[-64.97507774,-25.52389278]},"geometry_name":"geom","properties":{"gid":8301,"entidad":0,"objeto":"Cuartel de bomberos","fna":"Bomberos de la Policía de Salta","gna":"Bomberos","nam":"de la Policía de Salta","fdc":"OSM/Consejo Nacional de Bomberos","sag":"IGN"},"bbox":[-64.97507774,-25.52389278,-64.97507774,-25.52389278]},{"type":"Feature","id":"estructuras_operativas_y_defensivas_090102.8302","geometry":{"type":"Point","coordinates":[-57.04349694,-37.33383388]},"geometry_name":"geom","properties":{"gid":8302,"entidad":0,"objeto":"Cuartel de bomberos","fna":"Bomberos Voluntarios de Mar Azul - Destacamento Nº 1","gna":"Bomberos Voluntarios","nam":"de Mar Azul - Destacamento Nº 1","fdc":"OSM/Consejo Nacional de Bomberos/Street View","sag":"IGN"},"bbox":[-57.04349694,-37.33383388,-57.04349694,-37.33383388]},{"type":"Feature","id":"estructuras_operativas_y_defensivas_090102.8303","geometry":{"type":"Point","coordinates":[-58.23282682,-34.70655962]},"geometry_name":"geom","properties":{"gid":8303,"entidad":0,"objeto":"Cuartel de bomberos","fna":"Bomberos Voluntarios de Quilmes - Destacamento La Ribera","gna":"Bomberos Voluntarios","nam":"de Quilmes - Destacamento La Ribera","fdc":"OSM/Consejo Nacional de Bomberos","sag":"IGN"},"bbox":[-58.23282682,-34.70655962,-58.23282682,-34.70655962]},{"type":"Feature","id":"estructuras_operativas_y_defensivas_090102.8304","geometry":{"type":"Point","coordinates":[-69.5867835,-35.4688112]},"geometry_name":"geom","properties":{"gid":8304,"entidad":0,"objeto":"Cuartel de bomberos","fna":"Bomberos de la Policía de Mendoza","gna":"Bomberos","nam":"de la Policía de Mendoza","fdc":"OSM/Ministerio de Seguridad Pcial.","sag":"IGN"},"bbox":[-69.5867835,-35.4688112,-69.5867835,-35.4688112]},{"type":"Feature","id":"estructuras_operativas_y_defensivas_090102.8305","geometry":{"type":"Point","coordinates":[-61.19493709,-27.21665181]},"geometry_name":"geom","properties":{"gid":8305,"entidad":0,"objeto":"Cuartel de bomberos","fna":"Bomberos Policía de Charata","gna":"Bomberos","nam":"Policía de Charata","fdc":"OSM/Street View","sag":"IGN"},"bbox":[-61.19493709,-27.21665181,-61.19493709,-27.21665181]},{"type":"Feature","id":"estructuras_operativas_y_defensivas_090102.8306","geometry":{"type":"Point","coordinates":[-55.98074572,-27.3999523]},"geometry_name":"geom","properties":{"gid":8306,"entidad":0,"objeto":"Cuartel de bomberos","fna":"División Bomberos de la Policía de Misiones - Itaembé Guazú","gna":"División Bomberos de la Policía","nam":"de Misiones - Itaembé Guazú","fdc":"OSM/Street View","sag":"IGN"},"bbox":[-55.98074572,-27.3999523,-55.98074572,-27.3999523]},{"type":"Feature","id":"estructuras_operativas_y_defensivas_090102.8307","geometry":{"type":"Point","coordinates":[-57.74625714,-35.0792144]},"geometry_name":"geom","properties":{"gid":8307,"entidad":0,"objeto":"Cuartel de bomberos","fna":"Bomberos Voluntarios de General Mansilla","gna":"Bomberos Voluntarios","nam":"de General Mansilla","fdc":"OSM/Consejo Nacional de Bomberos/INDEC","sag":"IGN"},"bbox":[-57.74625714,-35.0792144,-57.74625714,-35.0792144]},{"type":"Feature","id":"estructuras_operativas_y_defensivas_090102.8308","geometry":{"type":"Point","coordinates":[-58.16088357,-26.186168]},"geometry_name":"geom","properties":{"gid":8308,"entidad":0,"objeto":"Cuartel de bomberos","fna":"Cuerpo de Bomberos Formosa","gna":"Cuerpo de Bomberos","nam":"Formosa","fdc":"OSM/Street View","sag":"IGN"},"bbox":[-58.16088357,-26.186168,-58.16088357,-26.186168]},{"type":"Feature","id":"estructuras_operativas_y_defensivas_090102.8309","geometry":{"type":"Point","coordinates":[-64.15486792,-31.43287607]},"geometry_name":"geom","properties":{"gid":8309,"entidad":0,"objeto":"Cuartel de bomberos","fna":"Cuartel Nº 3 Bomberos","gna":"Cuartel","nam":"Nº 3 Bomberos","fdc":"Street View","sag":"IGN"},"bbox":[-64.15486792,-31.43287607,-64.15486792,-31.43287607]},{"type":"Feature","id":"estructuras_operativas_y_defensivas_090102.8310","geometry":{"type":"Point","coordinates":[-58.48554119,-34.75520775]},"geometry_name":"geom","properties":{"gid":8310,"entidad":0,"objeto":"Cuartel de bomberos","fna":"Bomberos Voluntarios de Esteban Echeverría - Destacamento Nº 1","gna":"Bomberos Voluntarios","nam":"de Esteban Echeverría - Destacamento Nº 1","fdc":"OSM/Street View","sag":"IGN"},"bbox":[-58.48554119,-34.75520775,-58.48554119,-34.75520775]},{"type":"Feature","id":"estructuras_operativas_y_defensivas_090102.8311","geometry":{"type":"Point","coordinates":[-57.68029469,-36.3136243]},"geometry_name":"geom","properties":{"gid":8311,"entidad":0,"objeto":"Cuartel de bomberos","fna":"Bomberos de la Policía de Buenos Aires - Dolores","gna":"Bomberos","nam":"de la Policía de Buenos Aires - Dolores","fdc":"OSM/Street View","sag":"IGN"},"bbox":[-57.68029469,-36.3136243,-57.68029469,-36.3136243]},{"type":"Feature","id":"estructuras_operativas_y_defensivas_090102.8312","geometry":{"type":"Point","coordinates":[-57.55878927,-38.00190902]},"geometry_name":"geom","properties":{"gid":8312,"entidad":0,"objeto":"Cuartel de bomberos","fna":"Bomberos de la Policía de Buenos Aires - Mar del Plata","gna":"Bomberos","nam":"de la Policía de Buenos Aires - Mar del Plata","fdc":"OSM/Street View","sag":"IGN"},"bbox":[-57.55878927,-38.00190902,-57.55878927,-38.00190902]},{"type":"Feature","id":"estructuras_operativas_y_defensivas_090102.8313","geometry":{"type":"Point","coordinates":[-56.70478477,-36.4899802]},"geometry_name":"geom","properties":{"gid":8313,"entidad":0,"objeto":"Cuartel de bomberos","fna":"Bomberos Voluntarios de Santa Teresita - Destacamento Las Toninas","gna":"Bomberos Voluntarios","nam":"de Santa Teresita - Destacamento Las Toninas","fdc":"OSM/Street View/Sitio Web de la Institución","sag":"IGN"},"bbox":[-56.70478477,-36.4899802,-56.70478477,-36.4899802]},{"type":"Feature","id":"estructuras_operativas_y_defensivas_090102.8314","geometry":{"type":"Point","coordinates":[-55.81114942,-27.9145301]},"geometry_name":"geom","properties":{"gid":8314,"entidad":0,"objeto":"Cuartel de bomberos","fna":"Bomberos Voluntarios de Estación Apóstoles","gna":"Bomberos Voluntarios","nam":"de Estación Apóstoles","fdc":"OSM/Consejo Nacional de Bomberos","sag":"IGN"},"bbox":[-55.81114942,-27.9145301,-55.81114942,-27.9145301]},{"type":"Feature","id":"estructuras_operativas_y_defensivas_090102.8315","geometry":{"type":"Point","coordinates":[-58.08558814,-34.85032195]},"geometry_name":"geom","properties":{"gid":8315,"entidad":0,"objeto":"Cuartel de bomberos","fna":"Cuartel de Bomberos de Villa Elisa","gna":"Cuartel de Bomberos","nam":"de Villa Elisa","fdc":"OSM/Street View","sag":"IGN"},"bbox":[-58.08558814,-34.85032195,-58.08558814,-34.85032195]},{"type":"Feature","id":"estructuras_operativas_y_defensivas_090102.8316","geometry":{"type":"Point","coordinates":[-59.13241491,-37.32709353]},"geometry_name":"geom","properties":{"gid":8316,"entidad":0,"objeto":"Cuartel de bomberos","fna":"Cuerpo de Bomberos de la Provincia de Buenos Aires - Destacamento Tandil","gna":"Cuerpo de Bomberos","nam":"de la Provincia de Buenos Aires - Destacamento Tandil","fdc":"OSM/Consejo Nacional de Bomberos","sag":"IGN"},"bbox":[-59.13241491,-37.32709353,-59.13241491,-37.32709353]},{"type":"Feature","id":"estructuras_operativas_y_defensivas_090102.8317","geometry":{"type":"Point","coordinates":[-66.85766491,-29.40791315]},"geometry_name":"geom","properties":{"gid":8317,"entidad":0,"objeto":"Cuartel de bomberos","fna":"Bomberos de la Policía de La Rioja","gna":"Bomberos","nam":"de la Policía de La Rioja","fdc":"OSM/Street View","sag":"IGN"},"bbox":[-66.85766491,-29.40791315,-66.85766491,-29.40791315]},{"type":"Feature","id":"estructuras_operativas_y_defensivas_090102.8318","geometry":{"type":"Point","coordinates":[-58.17785076,-34.82963239]},"geometry_name":"geom","properties":{"gid":8318,"entidad":0,"objeto":"Cuartel de bomberos","fna":"Bomberos de la Policía de Buenos Aires - Cuartel Juan María Gutiérrez","gna":"Bomberos","nam":"de la Policía de Buenos Aires - Cuartel Juan María Gutiérrez","fdc":"OSM/Street View","sag":"IGN"},"bbox":[-58.17785076,-34.82963239,-58.17785076,-34.82963239]},{"type":"Feature","id":"estructuras_operativas_y_defensivas_090102.8319","geometry":{"type":"Point","coordinates":[-58.49500685,-34.84915276]},"geometry_name":"geom","properties":{"gid":8319,"entidad":0,"objeto":"Cuartel de bomberos","fna":"Bomberos Voluntarios de Esteban Echeverría - Destacamento Nº 2 Canning","gna":"Bomberos Voluntarios","nam":"de Esteban Echeverría - Destacamento Nº 2 Canning","fdc":"OSM/Consejo Nacional de Bomberos","sag":"IGN"},"bbox":[-58.49500685,-34.84915276,-58.49500685,-34.84915276]},{"type":"Feature","id":"estructuras_operativas_y_defensivas_090102.8320","geometry":{"type":"Point","coordinates":[-59.34059808,-26.53781669]},"geometry_name":"geom","properties":{"gid":8320,"entidad":0,"objeto":"Cuartel de bomberos","fna":"Bomberos de la Policía del Chaco - General José de San Martín","gna":"Bomberos","nam":"de la Policía del Chaco - General José de San Martín","fdc":"OSM/Street View","sag":"IGN"},"bbox":[-59.34059808,-26.53781669,-59.34059808,-26.53781669]},{"type":"Feature","id":"estructuras_operativas_y_defensivas_090102.8321","geometry":{"type":"Point","coordinates":[-65.00487435,-31.79831185]},"geometry_name":"geom","properties":{"gid":8321,"entidad":0,"objeto":"Cuartel de bomberos","fna":"Bomberos Voluntarios de Nono","gna":"Bomberos Voluntarios","nam":"de Nono","fdc":"OSM/Consejo Nacional de Bomberos","sag":"IGN"},"bbox":[-65.00487435,-31.79831185,-65.00487435,-31.79831185]},{"type":"Feature","id":"estructuras_operativas_y_defensivas_090102.8322","geometry":{"type":"Point","coordinates":[-59.39104667,-32.72660253]},"geometry_name":"geom","properties":{"gid":8322,"entidad":0,"objeto":"Cuartel de bomberos","fna":"Bomberos Voluntarios de General Galarza","gna":"Bomberos Voluntarios","nam":"de General Galarza","fdc":"OSM/Consejo Nacional de Bomberos","sag":"IGN"},"bbox":[-59.39104667,-32.72660253,-59.39104667,-32.72660253]},{"type":"Feature","id":"estructuras_operativas_y_defensivas_090102.8323","geometry":{"type":"Point","coordinates":[-59.43101174,-34.12376844]},"geometry_name":"geom","properties":{"gid":8323,"entidad":0,"objeto":"Cuartel de bomberos","fna":"Bomberos Voluntarios de Villa Lía","gna":"Bomberos Voluntarios","nam":"de Villa Lía","fdc":"OSM/Consejo Nacional de Bomberos","sag":"IGN"},"bbox":[-59.43101174,-34.12376844,-59.43101174,-34.12376844]},{"type":"Feature","id":"estructuras_operativas_y_defensivas_090102.8324","geometry":{"type":"Point","coordinates":[-68.7031103,-41.2515734]},"geometry_name":"geom","properties":{"gid":8324,"entidad":0,"objeto":"Cuartel de bomberos","fna":"Bomberos Voluntarios de Maquinchao","gna":"Bomberos Voluntarios","nam":"de Maquinchao","fdc":"OSM/Consejo Nacional de Bomberos","sag":"IGN"},"bbox":[-68.7031103,-41.2515734,-68.7031103,-41.2515734]},{"type":"Feature","id":"estructuras_operativas_y_defensivas_090102.8325","geometry":{"type":"Point","coordinates":[-58.20547738,-35.27572679]},"geometry_name":"geom","properties":{"gid":8325,"entidad":0,"objeto":"Cuartel de bomberos","fna":"Bomberos Voluntarios de Jeppener","gna":"Bomberos Voluntarios","nam":"de Jeppener","fdc":"OSM/Consejo Nacional de Bomberos","sag":"IGN"},"bbox":[-58.20547738,-35.27572679,-58.20547738,-35.27572679]},{"type":"Feature","id":"estructuras_operativas_y_defensivas_090102.8326","geometry":{"type":"Point","coordinates":[-63.73811491,-22.243407]},"geometry_name":"geom","properties":{"gid":8326,"entidad":0,"objeto":"Cuartel de bomberos","fna":"Bomberos Voluntarios de Aguaray","gna":"Bomberos Voluntarios","nam":"de Aguaray","fdc":"OSM/Consejo Nacional de Bomberos","sag":"IGN"},"bbox":[-63.73811491,-22.243407,-63.73811491,-22.243407]},{"type":"Feature","id":"estructuras_operativas_y_defensivas_090102.8327","geometry":{"type":"Point","coordinates":[-57.84062904,-38.26605333]},"geometry_name":"geom","properties":{"gid":8327,"entidad":0,"objeto":"Cuartel de bomberos","fna":"Cuartel de Bomberos de Miramar","gna":"Cuartel de Bomberos","nam":"de Miramar","fdc":"OSM/Street View","sag":"IGN"},"bbox":[-57.84062904,-38.26605333,-57.84062904,-38.26605333]},{"type":"Feature","id":"estructuras_operativas_y_defensivas_090102.8328","geometry":{"type":"Point","coordinates":[-59.8366188,-31.51289286]},"geometry_name":"geom","properties":{"gid":8328,"entidad":0,"objeto":"Cuartel de bomberos","fna":"Bomberos Voluntarios de Hasenkamp","gna":"Bomberos Voluntarios","nam":"de Hasenkamp","fdc":"OSM/Consejo Nacional de Bomberos","sag":"IGN"},"bbox":[-59.8366188,-31.51289286,-59.8366188,-31.51289286]},{"type":"Feature","id":"estructuras_operativas_y_defensivas_090102.8329","geometry":{"type":"Point","coordinates":[-68.21569182,-29.31394571]},"geometry_name":"geom","properties":{"gid":8329,"entidad":0,"objeto":"Cuartel de bomberos","fna":"Bomberos Voluntarios de Villa Unión","gna":"Bomberos Voluntarios","nam":"de Villa Unión","fdc":"OSM/Consejo Nacional de Bomberos","sag":"IGN"},"bbox":[-68.21569182,-29.31394571,-68.21569182,-29.31394571]},{"type":"Feature","id":"estructuras_operativas_y_defensivas_090102.8330","geometry":{"type":"Point","coordinates":[-58.56189681,-34.51901352]},"geometry_name":"geom","properties":{"gid":8330,"entidad":0,"objeto":"Cuartel de bomberos","fna":"Bomberos Voluntarios de San Isidro - Destacamento Nº 1","gna":"Bomberos Voluntarios","nam":"de San Isidro - Destacamento Nº 1","fdc":"OSM/Street View","sag":"IGN"},"bbox":[-58.56189681,-34.51901352,-58.56189681,-34.51901352]},{"type":"Feature","id":"estructuras_operativas_y_defensivas_090102.8331","geometry":{"type":"Point","coordinates":[-55.06563514,-26.93454791]},"geometry_name":"geom","properties":{"gid":8331,"entidad":0,"objeto":"Cuartel de bomberos","fna":"Bomberos Voluntarios de Capioví","gna":"Bomberos Voluntarios","nam":"de Capioví","fdc":"OSM/Consejo Nacional de Bomberos","sag":"IGN"},"bbox":[-55.06563514,-26.93454791,-55.06563514,-26.93454791]},{"type":"Feature","id":"estructuras_operativas_y_defensivas_090102.8332","geometry":{"type":"Point","coordinates":[-67.50734267,-45.87755289]},"geometry_name":"geom","properties":{"gid":8332,"entidad":0,"objeto":"Cuartel de bomberos","fna":"Bomberos Voluntarios de Comodoro Rivadavia - Cuartel Central","gna":"Bomberos Voluntarios","nam":"de Comodoro Rivadavia - Cuartel Central","fdc":"OSM/Consejo Nacional de Bomberos","sag":"IGN"},"bbox":[-67.50734267,-45.87755289,-67.50734267,-45.87755289]},{"type":"Feature","id":"estructuras_operativas_y_defensivas_090102.8333","geometry":{"type":"Point","coordinates":[-72.25809293,-50.33899733]},"geometry_name":"geom","properties":{"gid":8333,"entidad":0,"objeto":"Cuartel de bomberos","fna":"Bomberos - Unidad 8ª","gna":"Bomberos","nam":"Unidad 8va.","fdc":"OSM/Street View","sag":"IGN"},"bbox":[-72.25809293,-50.33899733,-72.25809293,-50.33899733]},{"type":"Feature","id":"estructuras_operativas_y_defensivas_090102.8334","geometry":{"type":"Point","coordinates":[-68.32744557,-34.62108096]},"geometry_name":"geom","properties":{"gid":8334,"entidad":0,"objeto":"Cuartel de bomberos","fna":"Bomberos de la Policía de Mendoza - Delegacion II Zona Sur","gna":"Bomberos","nam":"de la Policía de Mendoza - Delegacion II Zona Sur","fdc":"OSM/Street View","sag":"IGN"},"bbox":[-68.32744557,-34.62108096,-68.32744557,-34.62108096]},{"type":"Feature","id":"estructuras_operativas_y_defensivas_090102.8335","geometry":{"type":"Point","coordinates":[-56.68809863,-36.68562475]},"geometry_name":"geom","properties":{"gid":8335,"entidad":0,"objeto":"Cuartel de bomberos","fna":"Bomberos Voluntarios de San Bernardo - Destacamento 1º","gna":"Bomberos Voluntarios","nam":"de San Bernardo - Destacamento 1º","fdc":"OSM/Street View","sag":"IGN"},"bbox":[-56.68809863,-36.68562475,-56.68809863,-36.68562475]},{"type":"Feature","id":"estructuras_operativas_y_defensivas_090102.8336","geometry":{"type":"Point","coordinates":[-58.28615622,-34.70032569]},"geometry_name":"geom","properties":{"gid":8336,"entidad":0,"objeto":"Cuartel de bomberos","fna":"Bomberos Voluntarios de Bernal - Destacamento Nº 2","gna":"Bomberos Voluntarios","nam":"de Bernal - Destacamento Nº 2","fdc":"OSM/Street View","sag":"IGN"},"bbox":[-58.28615622,-34.70032569,-58.28615622,-34.70032569]},{"type":"Feature","id":"estructuras_operativas_y_defensivas_090102.8337","geometry":{"type":"Point","coordinates":[-61.91892979,-32.73043246]},"geometry_name":"geom","properties":{"gid":8337,"entidad":0,"objeto":"Cuartel de bomberos","fna":"Bomberos Voluntarios de General Roca","gna":"Bomberos Voluntarios","nam":"de General Roca","fdc":"OSM/Consejo Nacional de Bomberos","sag":"IGN"},"bbox":[-61.91892979,-32.73043246,-61.91892979,-32.73043246]},{"type":"Feature","id":"estructuras_operativas_y_defensivas_090102.8338","geometry":{"type":"Point","coordinates":[-58.42253965,-34.79616732]},"geometry_name":"geom","properties":{"gid":8338,"entidad":0,"objeto":"Cuartel de bomberos","fna":"Bomberos Voluntarios de Lomas de Zamora - Destacamento Nº 3 Llavallol","gna":"Bomberos Voluntarios","nam":"de Lomas de Zamora - Destacamento Nº 3 Llavallol","fdc":"OSM/Street View","sag":"IGN"},"bbox":[-58.42253965,-34.79616732,-58.42253965,-34.79616732]},{"type":"Feature","id":"estructuras_operativas_y_defensivas_090102.8339","geometry":{"type":"Point","coordinates":[-67.7036333,-53.78626933]},"geometry_name":"geom","properties":{"gid":8339,"entidad":0,"objeto":"Cuartel de bomberos","fna":"Bomberos de la Policía de Tierra del Fuego - Delegación Río Grande","gna":"Bomberos","nam":"de la Policía de Tierra del Fuego - Delegación Río Grande","fdc":"OSM/Street View","sag":"IGN"},"bbox":[-67.7036333,-53.78626933,-67.7036333,-53.78626933]},{"type":"Feature","id":"estructuras_operativas_y_defensivas_090102.8340","geometry":{"type":"Point","coordinates":[-68.56116106,-33.0511619]},"geometry_name":"geom","properties":{"gid":8340,"entidad":0,"objeto":"Cuartel de bomberos","fna":"Bomberos Voluntarios de Palmira","gna":"Bomberos Voluntarios","nam":"de Palmira","fdc":"OSM/Consejo Nacional de Bomberos","sag":"IGN"},"bbox":[-68.56116106,-33.0511619,-68.56116106,-33.0511619]},{"type":"Feature","id":"estructuras_operativas_y_defensivas_090102.8341","geometry":{"type":"Point","coordinates":[-58.30674785,-34.79225357]},"geometry_name":"geom","properties":{"gid":8341,"entidad":0,"objeto":"Cuartel de bomberos","fna":"Bomberos Voluntarios de San Francisco Solano - Destacamento Nº 1 Osvaldo Monteverde","gna":"Bomberos Voluntarios","nam":"de San Francisco Solano - Destacamento Nº 1 Osvaldo Monteverde","fdc":"OSM/Street View","sag":"IGN"},"bbox":[-58.30674785,-34.79225357,-58.30674785,-34.79225357]},{"type":"Feature","id":"estructuras_operativas_y_defensivas_090102.8342","geometry":{"type":"Point","coordinates":[-60.95180098,-34.59070592]},"geometry_name":"geom","properties":{"gid":8342,"entidad":0,"objeto":"Cuartel de bomberos","fna":"Bomberos de la Policía de Buenos Aires - Destacamento Junín","gna":"Bomberos","nam":"de la Policía de Buenos Aires - Destacamento Junín","fdc":"OSM/Street View","sag":"IGN"},"bbox":[-60.95180098,-34.59070592,-60.95180098,-34.59070592]},{"type":"Feature","id":"estructuras_operativas_y_defensivas_090102.8343","geometry":{"type":"Point","coordinates":[-63.04678482,-31.66527279]},"geometry_name":"geom","properties":{"gid":8343,"entidad":0,"objeto":"Cuartel de bomberos","fna":"Bomberos Voluntarios de Sacanta","gna":"Bomberos Voluntarios","nam":"de Sacanta","fdc":"OSM/Street View","sag":"IGN"},"bbox":[-63.04678482,-31.66527279,-63.04678482,-31.66527279]},{"type":"Feature","id":"estructuras_operativas_y_defensivas_090102.8344","geometry":{"type":"Point","coordinates":[-58.40155835,-34.66766462]},"geometry_name":"geom","properties":{"gid":8344,"entidad":0,"objeto":"Cuartel de bomberos","fna":"Bomberos Voluntarios de Lanús Oeste - Destacamento Nº 1 Valentín Alsina","gna":"Bomberos Voluntarios","nam":"de Lanús Oeste - Destacamento Nº 1 Valentín Alsina","fdc":"OSM/Consejo Nacional de Bomberos","sag":"IGN"},"bbox":[-58.40155835,-34.66766462,-58.40155835,-34.66766462]},{"type":"Feature","id":"estructuras_operativas_y_defensivas_090102.8345","geometry":{"type":"Point","coordinates":[-67.69607095,-34.97892184]},"geometry_name":"geom","properties":{"gid":8345,"entidad":0,"objeto":"Cuartel de bomberos","fna":"Bomberos Voluntarios de General Alvear","gna":"Bomberos Voluntarios","nam":"de General Alvear","fdc":"OSM/Consejo Nacional de Bomberos","sag":"IGN"},"bbox":[-67.69607095,-34.97892184,-67.69607095,-34.97892184]},{"type":"Feature","id":"estructuras_operativas_y_defensivas_090102.8346","geometry":{"type":"Point","coordinates":[-65.49999988,-27.17192276]},"geometry_name":"geom","properties":{"gid":8346,"entidad":0,"objeto":"Cuartel de bomberos","fna":"Bomberos Voluntarios de Monteros","gna":"Bomberos Voluntarios","nam":"de Monteros","fdc":"OSM/Consejo Nacional de Bomberos","sag":"IGN"},"bbox":[-65.49999988,-27.17192276,-65.49999988,-27.17192276]},{"type":"Feature","id":"estructuras_operativas_y_defensivas_090102.8347","geometry":{"type":"Point","coordinates":[-63.69518956,-29.49918104]},"geometry_name":"geom","properties":{"gid":8347,"entidad":0,"objeto":"Cuartel de bomberos","fna":"Brigada de Incendios Forestales - Dirección General de Bosques y Fauna","gna":"Brigada de Incendios Forestales","nam":null,"fdc":"OSM/Street View","sag":"IGN"},"bbox":[-63.69518956,-29.49918104,-63.69518956,-29.49918104]},{"type":"Feature","id":"estructuras_operativas_y_defensivas_090102.8348","geometry":{"type":"Point","coordinates":[-62.10985773,-31.81955059]},"geometry_name":"geom","properties":{"gid":8348,"entidad":0,"objeto":"Cuartel de bomberos","fna":"Bomberos Voluntarios de Las Petacas","gna":"Bomberos Voluntarios","nam":"de Las Petacas","fdc":"OSM/Consejo Nacional de Bomberos","sag":"IGN"},"bbox":[-62.10985773,-31.81955059,-62.10985773,-31.81955059]},{"type":"Feature","id":"estructuras_operativas_y_defensivas_090102.8349","geometry":{"type":"Point","coordinates":[-61.40223443,-31.90906455]},"geometry_name":"geom","properties":{"gid":8349,"entidad":0,"objeto":"Cuartel de bomberos","fna":"Bomberos Voluntarios de Colonia Belgrano","gna":"Bomberos Voluntarios","nam":"de Colonia Belgrano","fdc":"OSM/Consejo Nacional de Bomberos","sag":"IGN"},"bbox":[-61.40223443,-31.90906455,-61.40223443,-31.90906455]},{"type":"Feature","id":"estructuras_operativas_y_defensivas_090102.8350","geometry":{"type":"Point","coordinates":[-64.50197899,-35.1515225]},"geometry_name":"geom","properties":{"gid":8350,"entidad":0,"objeto":"Cuartel de bomberos","fna":"Bomberos Voluntarios de Parera","gna":"Bomberos Voluntarios","nam":"de Parera","fdc":"OSM/Consejo Nacional de Bomberos","sag":"IGN"},"bbox":[-64.50197899,-35.1515225,-64.50197899,-35.1515225]},{"type":"Feature","id":"estructuras_operativas_y_defensivas_090102.8351","geometry":{"type":"Point","coordinates":[-54.96764078,-27.4760508]},"geometry_name":"geom","properties":{"gid":8351,"entidad":0,"objeto":"Cuartel de bomberos","fna":"Bomberos Voluntarios de Villa Bonita - Campo Ramón","gna":"Bomberos Voluntarios","nam":"de Villa Bonita - Campo Ramón","fdc":"OSM/Consejo Nacional de Bomberos/Street View","sag":"IGN"},"bbox":[-54.96764078,-27.4760508,-54.96764078,-27.4760508]},{"type":"Feature","id":"estructuras_operativas_y_defensivas_090102.8523","geometry":{"type":"Point","coordinates":[-66.340687,-33.2809915]},"geometry_name":"geom","properties":{"gid":8523,"entidad":0,"objeto":"Cuartel de bomberos","fna":"Cuartel Central 1º","gna":"Cuartel Central","nam":"1ª","fdc":"IGN/Policía Provincial","sag":"IGN"},"bbox":[-66.340687,-33.2809915,-66.340687,-33.2809915]},{"type":"Feature","id":"estructuras_operativas_y_defensivas_090102.8524","geometry":{"type":"Point","coordinates":[-66.27098251,-33.29726123]},"geometry_name":"geom","properties":{"gid":8524,"entidad":0,"objeto":"Cuartel de bomberos","fna":"Cuartel de Bomberos 4º Suboficial Mayor Correa Rubén Armando","gna":"Cuartel de Bomberos","nam":"4º Suboficial Mayor Correa Rubén Armando","fdc":"IGN/Policía Provincial","sag":"IGN"},"bbox":[-66.27098251,-33.29726123,-66.27098251,-33.29726123]},{"type":"Feature","id":"estructuras_operativas_y_defensivas_090102.8525","geometry":{"type":"Point","coordinates":[-65.62344444,-33.05602778]},"geometry_name":"geom","properties":{"gid":8525,"entidad":0,"objeto":"Cuartel de bomberos","fna":"Cuartel de Bomberos 6º","gna":"Cuartel de Bomberos","nam":"6º","fdc":"IGN/Policía Provincial","sag":"IGN"},"bbox":[-65.62344444,-33.05602778,-65.62344444,-33.05602778]},{"type":"Feature","id":"estructuras_operativas_y_defensivas_090102.9156","geometry":{"type":"Point","coordinates":[-58.58068191,-34.48696873]},"geometry_name":"geom","properties":{"gid":9156,"entidad":0,"objeto":"Cuartel de bomberos","fna":"Dirección Bomberos Delegación San Isidro","gna":"Dirección Bomberos","nam":"Delegación San Isidro","fdc":"Street View","sag":"IGN"},"bbox":[-58.58068191,-34.48696873,-58.58068191,-34.48696873]},{"type":"Feature","id":"estructuras_operativas_y_defensivas_090102.9164","geometry":{"type":"Point","coordinates":[-58.2463863,-25.13095308]},"geometry_name":"geom","properties":{"gid":9164,"entidad":0,"objeto":"Cuartel de bomberos","fna":"Cuerpo de Bomberos Laguna Blanca","gna":"Cuerpo de Bomberos","nam":"Laguna Blanca","fdc":"IGN/Policía Provincial","sag":"IGN"},"bbox":[-58.2463863,-25.13095308,-58.2463863,-25.13095308]},{"type":"Feature","id":"estructuras_operativas_y_defensivas_090102.9169","geometry":{"type":"Point","coordinates":[-60.58941093,-24.70637271]},"geometry_name":"geom","properties":{"gid":9169,"entidad":0,"objeto":"Cuartel de bomberos","fna":"Cuerpo de Bomberos Las Lomitas","gna":"Cuerpo de Bomberos","nam":"Las Lomitas","fdc":"IGN/Policía Provincial","sag":"IGN"},"bbox":[-60.58941093,-24.70637271,-60.58941093,-24.70637271]},{"type":"Feature","id":"estructuras_operativas_y_defensivas_090102.9190","geometry":{"type":"Point","coordinates":[-60.69648295,-32.88732664]},"geometry_name":"geom","properties":{"gid":9190,"entidad":0,"objeto":"Cuartel de bomberos","fna":"Destacamento Bomberos Zona Norte","gna":"Destacamento Bomberos","nam":"Zona Norte","fdc":"Street View/Policía Provincial","sag":"IGN"},"bbox":[-60.69648295,-32.88732664,-60.69648295,-32.88732664]},{"type":"Feature","id":"estructuras_operativas_y_defensivas_090102.9269","geometry":{"type":"Point","coordinates":[-56.70044656,-36.60501791]},"geometry_name":"geom","properties":{"gid":9269,"entidad":0,"objeto":"Cuartel de bomberos","fna":"Cuartel de Bomberos de Costa del Este","gna":"Cuartel de Bomberos","nam":"de Costa del Este","fdc":"Street View","sag":"IGN"},"bbox":[-56.70044656,-36.60501791,-56.70044656,-36.60501791]},{"type":"Feature","id":"estructuras_operativas_y_defensivas_090102.9664","geometry":{"type":"Point","coordinates":[-57.72599396,-25.28872589]},"geometry_name":"geom","properties":{"gid":9664,"entidad":0,"objeto":"Cuartel de bomberos","fna":"Destacamento Bomberos Clorinda","gna":"Destacamento Bomberos","nam":"Clorinda","fdc":"Street View/Policía Provincial","sag":"IGN"},"bbox":[-57.72599396,-25.28872589,-57.72599396,-25.28872589]},{"type":"Feature","id":"estructuras_operativas_y_defensivas_090102.9389","geometry":{"type":"Point","coordinates":[-58.60317562,-34.44663002]},"geometry_name":"geom","properties":{"gid":9389,"entidad":0,"objeto":"Cuartel de bomberos","fna":"Bomberos Voluntarios de Tigre Destacamento Nº 1 Ayudante de Primera Emilio Martínez","gna":"Bomberos Voluntarios","nam":"de Tigre Destacamento Nº 1 Ayudante de Primera Emilio Martínez","fdc":"Street View/Sitio web de la institución","sag":"IGN"},"bbox":[-58.60317562,-34.44663002,-58.60317562,-34.44663002]},{"type":"Feature","id":"estructuras_operativas_y_defensivas_090102.9392","geometry":{"type":"Point","coordinates":[-55.12077833,-27.48453671]},"geometry_name":"geom","properties":{"gid":9392,"entidad":0,"objeto":"Cuartel de bomberos","fna":"División Bomberos de la Policía de Misiones - Oberá","gna":"División Bomberos de la Policía","nam":"de Misiones - Oberá","fdc":"Street View/Policía Provincial","sag":"IGN"},"bbox":[-55.12077833,-27.48453671,-55.12077833,-27.48453671]},{"type":"Feature","id":"estructuras_operativas_y_defensivas_090102.9393","geometry":{"type":"Point","coordinates":[-55.02245632,-26.80235454]},"geometry_name":"geom","properties":{"gid":9393,"entidad":0,"objeto":"Cuartel de bomberos","fna":"División Bomberos de la Policía de Misiones - Puerto Rico","gna":"División Bomberos de la Policía","nam":"de Misiones - Puerto Rico","fdc":"Street View/Policía Provincial","sag":"IGN"},"bbox":[-55.02245632,-26.80235454,-55.02245632,-26.80235454]},{"type":"Feature","id":"estructuras_operativas_y_defensivas_090102.9394","geometry":{"type":"Point","coordinates":[-54.61618216,-26.01450657]},"geometry_name":"geom","properties":{"gid":9394,"entidad":0,"objeto":"Cuartel de bomberos","fna":"División Bomberos de la Policía de Misiones - Puerto Esperanza","gna":"División Bomberos de la Policía","nam":"de Misiones - Puerto Esperanza","fdc":"Street View/Policía Provincial","sag":"IGN"},"bbox":[-54.61618216,-26.01450657,-54.61618216,-26.01450657]},{"type":"Feature","id":"estructuras_operativas_y_defensivas_090102.9395","geometry":{"type":"Point","coordinates":[-55.75786283,-27.91228497]},"geometry_name":"geom","properties":{"gid":9395,"entidad":0,"objeto":"Cuartel de bomberos","fna":"División Bomberos de la Policía de Misiones - Apóstoles","gna":"División Bomberos de la Policía","nam":"de Misiones - Apóstoles","fdc":"IGN/Policía Provincial","sag":"IGN"},"bbox":[-55.75786283,-27.91228497,-55.75786283,-27.91228497]},{"type":"Feature","id":"estructuras_operativas_y_defensivas_090102.9396","geometry":{"type":"Point","coordinates":[-55.40533514,-27.14162846]},"geometry_name":"geom","properties":{"gid":9396,"entidad":0,"objeto":"Cuartel de bomberos","fna":"División Bomberos de la Policía de Misiones - Santo Pipó","gna":"División Bomberos de la Policía","nam":"de Misiones - Santo Pipó","fdc":"Street View/Policía Provincial","sag":"IGN"},"bbox":[-55.40533514,-27.14162846,-55.40533514,-27.14162846]},{"type":"Feature","id":"estructuras_operativas_y_defensivas_090102.9397","geometry":{"type":"Point","coordinates":[-55.58078558,-27.36991544]},"geometry_name":"geom","properties":{"gid":9397,"entidad":0,"objeto":"Cuartel de bomberos","fna":"División Bomberos de la Policía de Misiones - Santa Ana","gna":"División Bomberos de la Policía","nam":"de Misiones - Santa Ana","fdc":"Street View/Policía Provincial","sag":"IGN"},"bbox":[-55.58078558,-27.36991544,-55.58078558,-27.36991544]},{"type":"Feature","id":"estructuras_operativas_y_defensivas_090102.9398","geometry":{"type":"Point","coordinates":[-61.85273296,-23.89776294]},"geometry_name":"geom","properties":{"gid":9398,"entidad":0,"objeto":"Cuartel de bomberos","fna":"Cuerpo de Bomberos Ingeniero Guillermo N. Juárez","gna":"Cuerpo de Bomberos","nam":"Ingeniero Guillermo N. Juárez","fdc":"IGN/Policía Provincial","sag":"IGN"},"bbox":[-61.85273296,-23.89776294,-61.85273296,-23.89776294]},{"type":"Feature","id":"estructuras_operativas_y_defensivas_090102.9399","geometry":{"type":"Point","coordinates":[-58.15997147,-26.13909152]},"geometry_name":"geom","properties":{"gid":9399,"entidad":0,"objeto":"Cuartel de bomberos","fna":"Bomberos Voluntarios de Formosa - Cuartel Central Comandante Carlos Flores","gna":"Bomberos Voluntarios","nam":"de Formosa - Cuartel Central Comandante Carlos Flores","fdc":"Street View/Concejo Nacional de Bomberos","sag":"IGN"},"bbox":[-58.15997147,-26.13909152,-58.15997147,-26.13909152]},{"type":"Feature","id":"estructuras_operativas_y_defensivas_090102.9409","geometry":{"type":"Point","coordinates":[-58.37830803,-34.58262938]},"geometry_name":"geom","properties":{"gid":9409,"entidad":0,"objeto":"Cuartel de bomberos","fna":"Bomberos Voluntarios del Barrio Padre Mugica","gna":"Bomberos Voluntarios","nam":"del Barrio Padre Mugica","fdc":"Street View","sag":"IGN"},"bbox":[-58.37830803,-34.58262938,-58.37830803,-34.58262938]},{"type":"Feature","id":"estructuras_operativas_y_defensivas_090102.9413","geometry":{"type":"Point","coordinates":[-57.86575018,-51.69229201]},"geometry_name":"geom","properties":{"gid":9413,"entidad":0,"objeto":"Cuartel de bomberos","fna":null,"gna":null,"nam":null,"fdc":"Cartografía Antecedente","sag":"IGN"},"bbox":[-57.86575018,-51.69229201,-57.86575018,-51.69229201]},{"type":"Feature","id":"estructuras_operativas_y_defensivas_090102.9415","geometry":{"type":"Point","coordinates":[-64.58767633,-31.36138406]},"geometry_name":"geom","properties":{"gid":9415,"entidad":0,"objeto":"Cuartel de bomberos","fna":"Bomberos Voluntarios de Tanti","gna":"Bomberos Voluntarios","nam":"de Tanti","fdc":"IGN/Consejo Nacional de Bomberos Voluntarios","sag":"IGN"},"bbox":[-64.58767633,-31.36138406,-64.58767633,-31.36138406]},{"type":"Feature","id":"estructuras_operativas_y_defensivas_090102.9416","geometry":{"type":"Point","coordinates":[-63.43235822,-32.69606683]},"geometry_name":"geom","properties":{"gid":9416,"entidad":0,"objeto":"Cuartel de bomberos","fna":"Asociación Bomberos Voluntarios de Ticino - Cuartel 151 Aldo Aichino","gna":"Asociación Bomberos Voluntarios","nam":"de Ticino - Cuartel 151 Aldo Aichino","fdc":"IGN/Consejo Nacional de Bomberos Voluntarios","sag":"IGN"},"bbox":[-63.43235822,-32.69606683,-63.43235822,-32.69606683]},{"type":"Feature","id":"estructuras_operativas_y_defensivas_090102.9417","geometry":{"type":"Point","coordinates":[-63.34833371,-32.29012448]},"geometry_name":"geom","properties":{"gid":9417,"entidad":0,"objeto":"Cuartel de bomberos","fna":"Sociedad de Bomberos Voluntarios de Tío Pujio - Cuartel 91 Hugo A. Canaparo","gna":"Sociedad de Bomberos Voluntarios","nam":"de Tío Pujio - Cuartel 91 Hugo A. Canaparo","fdc":"IGN/Cuartel de Bomberos Voluntarios","sag":"IGN"},"bbox":[-63.34833371,-32.29012448,-63.34833371,-32.29012448]},{"type":"Feature","id":"estructuras_operativas_y_defensivas_090102.9418","geometry":{"type":"Point","coordinates":[-64.00276344,-31.55866105]},"geometry_name":"geom","properties":{"gid":9418,"entidad":0,"objeto":"Cuartel de bomberos","fna":"Bomberos Voluntarios de Toledo","gna":"Bomberos Voluntarios","nam":"de Toledo","fdc":"IGN/Consejo Nacional de Bomberos Voluntarios","sag":"IGN"},"bbox":[-64.00276344,-31.55866105,-64.00276344,-31.55866105]},{"type":"Feature","id":"estructuras_operativas_y_defensivas_090102.9419","geometry":{"type":"Point","coordinates":[-63.50763137,-33.02862162]},"geometry_name":"geom","properties":{"gid":9419,"entidad":0,"objeto":"Cuartel de bomberos","fna":"Bomberos Voluntarios de Ucacha","gna":"Bomberos Voluntarios","nam":"de Ucacha","fdc":"IGN/Consejo Nacional de Bomberos Voluntarios","sag":"IGN"},"bbox":[-63.50763137,-33.02862162,-63.50763137,-33.02862162]},{"type":"Feature","id":"estructuras_operativas_y_defensivas_090102.9420","geometry":{"type":"Point","coordinates":[-64.48450543,-31.11347385]},"geometry_name":"geom","properties":{"gid":9420,"entidad":0,"objeto":"Cuartel de bomberos","fna":"Bomberos Voluntarios de Valle Hermoso - Cuartel Virgen de Fátima","gna":"Bomberos Voluntarios","nam":"de Valle Hermoso - Cuartel Virgen de Fátima","fdc":"IGN/Consejo Nacional de Bomberos Voluntarios","sag":"IGN"},"bbox":[-64.48450543,-31.11347385,-64.48450543,-31.11347385]},{"type":"Feature","id":"estructuras_operativas_y_defensivas_090102.9421","geometry":{"type":"Point","coordinates":[-64.57658354,-32.18544107]},"geometry_name":"geom","properties":{"gid":9421,"entidad":0,"objeto":"Cuartel de bomberos","fna":"Bomberos Voluntarios de Villa Amancay","gna":"Bomberos Voluntarios","nam":"de Villa Amancay","fdc":"IGN/Consejo Nacional de Bomberos Voluntarios","sag":"IGN"},"bbox":[-64.57658354,-32.18544107,-64.57658354,-32.18544107]},{"type":"Feature","id":"estructuras_operativas_y_defensivas_090102.9422","geometry":{"type":"Point","coordinates":[-63.89295255,-32.1581688]},"geometry_name":"geom","properties":{"gid":9422,"entidad":0,"objeto":"Cuartel de bomberos","fna":"Bomberos Voluntarios de Villa Ascasubi","gna":"Bomberos Voluntarios","nam":"de Villa Ascasubi","fdc":"IGN/Consejo Nacional de Bomberos Voluntarios","sag":"IGN"},"bbox":[-63.89295255,-32.1581688,-63.89295255,-32.1581688]},{"type":"Feature","id":"estructuras_operativas_y_defensivas_090102.9423","geometry":{"type":"Point","coordinates":[-64.48156614,-31.411339]},"geometry_name":"geom","properties":{"gid":9423,"entidad":0,"objeto":"Cuartel de bomberos","fna":"Bomberos Voluntarios de Villa Carlos Paz","gna":"Bomberos Voluntarios","nam":"de Villa Carlos Paz","fdc":"IGN/Consejo Nacional de Bomberos Voluntarios","sag":"IGN"},"bbox":[-64.48156614,-31.411339,-64.48156614,-31.411339]},{"type":"Feature","id":"estructuras_operativas_y_defensivas_090102.9424","geometry":{"type":"Point","coordinates":[-65.05622577,-31.95361723]},"geometry_name":"geom","properties":{"gid":9424,"entidad":0,"objeto":"Cuartel de bomberos","fna":"Bomberos Voluntarios de Villa de las Rosas - Cuartel 108","gna":"Bomberos Voluntarios","nam":"de Villa de las Rosas - Cuartel 108","fdc":"IGN/Consejo Nacional de Bomberos Voluntarios","sag":"IGN"},"bbox":[-65.05622577,-31.95361723,-65.05622577,-31.95361723]},{"type":"Feature","id":"estructuras_operativas_y_defensivas_090102.9425","geometry":{"type":"Point","coordinates":[-64.99462955,-30.85650769]},"geometry_name":"geom","properties":{"gid":9425,"entidad":0,"objeto":"Cuartel de bomberos","fna":"Bomberos Voluntarios de Villa de Soto","gna":"Bomberos Voluntarios","nam":"de Villa de Soto","fdc":"IGN/Consejo Nacional de Bomberos Voluntarios","sag":"IGN"},"bbox":[-64.99462955,-30.85650769,-64.99462955,-30.85650769]},{"type":"Feature","id":"estructuras_operativas_y_defensivas_090102.9426","geometry":{"type":"Point","coordinates":[-64.50826188,-31.79416951]},"geometry_name":"geom","properties":{"gid":9426,"entidad":0,"objeto":"Cuartel de bomberos","fna":"Bomberos Voluntarios de Villa Ciudad América","gna":"Bomberos Voluntarios","nam":"de Villa Ciudad América","fdc":"IGN/Consejo Nacional de Bomberos Voluntarios","sag":"IGN"},"bbox":[-64.50826188,-31.79416951,-64.50826188,-31.79416951]},{"type":"Feature","id":"estructuras_operativas_y_defensivas_090102.9427","geometry":{"type":"Point","coordinates":[-64.45675905,-32.17788497]},"geometry_name":"geom","properties":{"gid":9427,"entidad":0,"objeto":"Cuartel de bomberos","fna":"Bomberos Voluntarios de Villa del Dique","gna":"Bomberos Voluntarios","nam":"de Villa del Dique","fdc":"IGN/Consejo Nacional de Bomberos Voluntarios","sag":"IGN"},"bbox":[-64.45675905,-32.17788497,-64.45675905,-32.17788497]},{"type":"Feature","id":"estructuras_operativas_y_defensivas_090102.9428","geometry":{"type":"Point","coordinates":[-63.53929075,-31.55362159]},"geometry_name":"geom","properties":{"gid":9428,"entidad":0,"objeto":"Cuartel de bomberos","fna":"Bomberos Voluntarios de Villa del Rosario","gna":"Bomberos Voluntarios","nam":"de Villa del Rosario","fdc":"IGN/Consejo Nacional de Bomberos Voluntarios","sag":"IGN"},"bbox":[-63.53929075,-31.55362159,-63.53929075,-31.55362159]},{"type":"Feature","id":"estructuras_operativas_y_defensivas_090102.9429","geometry":{"type":"Point","coordinates":[-65.17486253,-31.9494435]},"geometry_name":"geom","properties":{"gid":9429,"entidad":0,"objeto":"Cuartel de bomberos","fna":"Bomberos Voluntarios de Villa Dolores","gna":"Bomberos Voluntarios","nam":"de Villa Dolores","fdc":"IGN/Consejo Nacional de Bomberos Voluntarios","sag":"IGN"},"bbox":[-65.17486253,-31.9494435,-65.17486253,-31.9494435]},{"type":"Feature","id":"estructuras_operativas_y_defensivas_090102.9430","geometry":{"type":"Point","coordinates":[-64.56644969,-31.97919969]},"geometry_name":"geom","properties":{"gid":9430,"entidad":0,"objeto":"Cuartel de bomberos","fna":"Bomberos Voluntarios de Villa General Belgrano","gna":"Bomberos Voluntarios","nam":"de Villa General Belgrano","fdc":"IGN/Consejo Nacional de Bomberos Voluntarios","sag":"IGN"},"bbox":[-64.56644969,-31.97919969,-64.56644969,-31.97919969]},{"type":"Feature","id":"estructuras_operativas_y_defensivas_090102.9431","geometry":{"type":"Point","coordinates":[-63.24641973,-32.40768982]},"geometry_name":"geom","properties":{"gid":9431,"entidad":0,"objeto":"Cuartel de bomberos","fna":"Bomberos Voluntarios de Villa María","gna":"Bomberos Voluntarios","nam":"de Villa María","fdc":"IGN/Cuartel de Bomberos Voluntarios","sag":"IGN"},"bbox":[-63.24641973,-32.40768982,-63.24641973,-32.40768982]},{"type":"Feature","id":"estructuras_operativas_y_defensivas_090102.9432","geometry":{"type":"Point","coordinates":[-64.49873686,-31.05109899]},"geometry_name":"geom","properties":{"gid":9432,"entidad":0,"objeto":"Cuartel de bomberos","fna":"Bomberos Voluntarios de Villa Giardino","gna":"Bomberos Voluntarios","nam":"de Villa Giardino","fdc":"IGN/Consejo Nacional de Bomberos Voluntarios","sag":"IGN"},"bbox":[-64.49873686,-31.05109899,-64.49873686,-31.05109899]},{"type":"Feature","id":"estructuras_operativas_y_defensivas_090102.9433","geometry":{"type":"Point","coordinates":[-63.24424669,-32.44002025]},"geometry_name":"geom","properties":{"gid":9433,"entidad":0,"objeto":"Cuartel de bomberos","fna":"Bomberos Voluntarios de Villa Nueva","gna":"Bomberos Voluntarios","nam":"de Villa Nueva","fdc":"IGN/Consejo Nacional de Bomberos Voluntarios","sag":"IGN"},"bbox":[-63.24424669,-32.44002025,-63.24424669,-32.44002025]},{"type":"Feature","id":"estructuras_operativas_y_defensivas_090102.9434","geometry":{"type":"Point","coordinates":[-64.0633601,-30.70694723]},"geometry_name":"geom","properties":{"gid":9434,"entidad":0,"objeto":"Cuartel de bomberos","fna":"Bomberos Voluntarios de Villa del Totoral - Cuartel 105","gna":"Bomberos Voluntarios","nam":"de Villa del Totoral - Cuartel 105","fdc":"IGN/Consejo Nacional de Bomberos Voluntarios","sag":"IGN"},"bbox":[-64.0633601,-30.70694723,-64.0633601,-30.70694723]},{"type":"Feature","id":"estructuras_operativas_y_defensivas_090102.9435","geometry":{"type":"Point","coordinates":[-64.48936177,-32.18116832]},"geometry_name":"geom","properties":{"gid":9435,"entidad":0,"objeto":"Cuartel de bomberos","fna":"Bomberos Voluntarios de Villa Rumipal","gna":"Bomberos Voluntarios","nam":"de Villa Rumipal","fdc":"IGN/Consejo Nacional de Bomberos Voluntarios","sag":"IGN"},"bbox":[-64.48936177,-32.18116832,-64.48936177,-32.18116832]},{"type":"Feature","id":"estructuras_operativas_y_defensivas_090102.9436","geometry":{"type":"Point","coordinates":[-64.91598804,-34.34835568]},"geometry_name":"geom","properties":{"gid":9436,"entidad":0,"objeto":"Cuartel de bomberos","fna":"Bomberos Voluntarios de Villa Valeria","gna":"Bomberos Voluntarios","nam":"de Villa Valeria","fdc":"IGN/Consejo Nacional de Bomberos Voluntarios","sag":"IGN"},"bbox":[-64.91598804,-34.34835568,-64.91598804,-34.34835568]},{"type":"Feature","id":"estructuras_operativas_y_defensivas_090102.9437","geometry":{"type":"Point","coordinates":[-64.19864162,-31.4147858]},"geometry_name":"geom","properties":{"gid":9437,"entidad":0,"objeto":"Cuartel de bomberos","fna":"Dirección de Bomberos de la Policía de Córdoba - Cuartel I Alberdi","gna":"Dirección de Bomberos de la Policía","nam":"de Córdoba - Cuartel I Alberdi","fdc":"IGN","sag":"IGN"},"bbox":[-64.19864162,-31.4147858,-64.19864162,-31.4147858]},{"type":"Feature","id":"estructuras_operativas_y_defensivas_090102.9438","geometry":{"type":"Point","coordinates":[-60.17119429,-35.43865891]},"geometry_name":"geom","properties":{"gid":9438,"entidad":0,"objeto":"Cuartel de bomberos","fna":"Bomberos Voluntarios de 25 de Mayo","gna":"Bomberos Voluntarios","nam":"de 25 de Mayo","fdc":"IGN/Consejo Nacional de Bomberos Voluntarios","sag":"IGN"},"bbox":[-60.17119429,-35.43865891,-60.17119429,-35.43865891]},{"type":"Feature","id":"estructuras_operativas_y_defensivas_090102.9439","geometry":{"type":"Point","coordinates":[-58.54210475,-34.63452493]},"geometry_name":"geom","properties":{"gid":9439,"entidad":0,"objeto":"Cuartel de bomberos","fna":"Bomberos Voluntarios de 3 de Febrero - Cuartel Central","gna":"Bomberos Voluntarios","nam":"de 3 de Febrero - Cuartel Central","fdc":"IGN/Consejo Nacional de Bomberos Voluntarios","sag":"IGN"},"bbox":[-58.54210475,-34.63452493,-58.54210475,-34.63452493]},{"type":"Feature","id":"estructuras_operativas_y_defensivas_090102.9440","geometry":{"type":"Point","coordinates":[-58.56007265,-34.59727917]},"geometry_name":"geom","properties":{"gid":9440,"entidad":0,"objeto":"Cuartel de bomberos","fna":"Cuerpo de Bomberos Voluntarios de 3 de Febrero - Destacamento 2 Caseros","gna":"Cuerpo de Bomberos Voluntarios","nam":"de 3 de Febrero - Destacamento 2 Caseros","fdc":"IGN/Consejo Nacional de Bomberos Voluntarios","sag":"IGN"},"bbox":[-58.56007265,-34.59727917,-58.56007265,-34.59727917]},{"type":"Feature","id":"estructuras_operativas_y_defensivas_090102.9441","geometry":{"type":"Point","coordinates":[-62.54556415,-36.27926231]},"geometry_name":"geom","properties":{"gid":9441,"entidad":0,"objeto":"Cuartel de bomberos","fna":"Bomberos Voluntarios de 30 de Agosto","gna":"Bomberos Voluntarios","nam":"de 30 de Agosto","fdc":"IGN/Consejo Nacional de Bomberos Voluntarios","sag":"IGN"},"bbox":[-62.54556415,-36.27926231,-62.54556415,-36.27926231]},{"type":"Feature","id":"estructuras_operativas_y_defensivas_090102.9442","geometry":{"type":"Point","coordinates":[-60.27900745,-35.03080323]},"geometry_name":"geom","properties":{"gid":9442,"entidad":0,"objeto":"Cuartel de bomberos","fna":"Bomberos Voluntarios de Alberti","gna":"Bomberos Voluntarios","nam":"de Alberti","fdc":"IGN/Consejo Nacional de Bomberos Voluntarios","sag":"IGN"},"bbox":[-60.27900745,-35.03080323,-60.27900745,-35.03080323]},{"type":"Feature","id":"estructuras_operativas_y_defensivas_090102.9443","geometry":{"type":"Point","coordinates":[-63.13951261,-38.89541908]},"geometry_name":"geom","properties":{"gid":9443,"entidad":0,"objeto":"Cuartel de bomberos","fna":"Bomberos Voluntarios de Juan Cousté","gna":"Bomberos Voluntarios","nam":"de Juan Cousté","fdc":"IGN/Consejo Nacional de Bomberos Voluntarios","sag":"IGN"},"bbox":[-63.13951261,-38.89541908,-63.13951261,-38.89541908]},{"type":"Feature","id":"estructuras_operativas_y_defensivas_090102.9444","geometry":{"type":"Point","coordinates":[-58.38515983,-34.80700708]},"geometry_name":"geom","properties":{"gid":9444,"entidad":0,"objeto":"Cuartel de bomberos","fna":"Bomberos Voluntarios de Almirante Brown - Cuartel Central Adrogué General D. José de San Martín","gna":"Bomberos Voluntarios","nam":"de Almirante Brown - Cuartel Central Adrogué General D. José de San Martín","fdc":"IGN/Consejo Nacional de Bomberos Voluntarios","sag":"IGN"},"bbox":[-58.38515983,-34.80700708,-58.38515983,-34.80700708]},{"type":"Feature","id":"estructuras_operativas_y_defensivas_090102.9445","geometry":{"type":"Point","coordinates":[-58.34077616,-34.80708441]},"geometry_name":"geom","properties":{"gid":9445,"entidad":0,"objeto":"Cuartel de bomberos","fna":"Bomberos Voluntarios de Almirante Brown - Destacamento 2 ARA Crucero General Belgrano","gna":"Bomberos Voluntarios","nam":"de Almirante Brown - Destacamento 2 ARA Crucero General Belgrano","fdc":"IGN/Consejo Nacional de Bomberos Voluntarios","sag":"IGN"},"bbox":[-58.34077616,-34.80708441,-58.34077616,-34.80708441]},{"type":"Feature","id":"estructuras_operativas_y_defensivas_090102.9446","geometry":{"type":"Point","coordinates":[-58.41366586,-34.84173813]},"geometry_name":"geom","properties":{"gid":9446,"entidad":0,"objeto":"Cuartel de bomberos","fna":"Bomberos Voluntarios de Almirante Brown - Destacamento 3 Parque Industrial Burzaco","gna":"Bomberos Voluntarios","nam":"de Almirante Brown - Destacamento 3 Parque Industrial Burzaco","fdc":"IGN/Consejo Nacional de Bomberos Voluntarios","sag":"IGN"},"bbox":[-58.41366586,-34.84173813,-58.41366586,-34.84173813]},{"type":"Feature","id":"estructuras_operativas_y_defensivas_090102.9447","geometry":{"type":"Point","coordinates":[-58.38977782,-34.86050502]},"geometry_name":"geom","properties":{"gid":9447,"entidad":0,"objeto":"Cuartel de bomberos","fna":"Bomberos Voluntarios de Almirante Brown - Destacamento Longchamps General Martín Miguel de Güemes","gna":"Bomberos Voluntarios","nam":"de Almirante Brown - Destacamento Longchamps General Martín Miguel de Güemes","fdc":"IGN/Consejo Nacional de Bomberos Voluntarios","sag":"IGN"},"bbox":[-58.38977782,-34.86050502,-58.38977782,-34.86050502]},{"type":"Feature","id":"estructuras_operativas_y_defensivas_090102.9448","geometry":{"type":"Point","coordinates":[-61.77774279,-34.98463676]},"geometry_name":"geom","properties":{"gid":9448,"entidad":0,"objeto":"Cuartel de bomberos","fna":"Bomberos Voluntarios de Arenaza","gna":"Bomberos Voluntarios","nam":"de Arenaza","fdc":"IGN/Consejo Nacional de Bomberos Voluntarios","sag":"IGN"},"bbox":[-61.77774279,-34.98463676,-61.77774279,-34.98463676]},{"type":"Feature","id":"estructuras_operativas_y_defensivas_090102.9449","geometry":{"type":"Point","coordinates":[-60.10906044,-34.06821494]},"geometry_name":"geom","properties":{"gid":9449,"entidad":0,"objeto":"Cuartel de bomberos","fna":"Bomberos Voluntarios de Arrecifes","gna":"Bomberos Voluntarios","nam":"de Arrecifes","fdc":"IGN/Consejo Nacional de Bomberos Voluntarios","sag":"IGN"},"bbox":[-60.10906044,-34.06821494,-60.10906044,-34.06821494]},{"type":"Feature","id":"estructuras_operativas_y_defensivas_090102.9450","geometry":{"type":"Point","coordinates":[-60.40333706,-34.09948052]},"geometry_name":"geom","properties":{"gid":9450,"entidad":0,"objeto":"Cuartel de bomberos","fna":"Bomberos Voluntarios de Arroyo Dulce","gna":"Bomberos Voluntarios","nam":"de Arroyo Dulce","fdc":"IGN/Consejo Nacional de Bomberos Voluntarios","sag":"IGN"},"bbox":[-60.40333706,-34.09948052,-60.40333706,-34.09948052]},{"type":"Feature","id":"estructuras_operativas_y_defensivas_090102.9451","geometry":{"type":"Point","coordinates":[-58.36257175,-34.66126518]},"geometry_name":"geom","properties":{"gid":9451,"entidad":0,"objeto":"Cuartel de bomberos","fna":"Bomberos Voluntarios de Avellaneda","gna":"Bomberos Voluntarios","nam":"de Avellaneda","fdc":"IGN/Consejo Nacional de Bomberos Voluntarios","sag":"IGN"},"bbox":[-58.36257175,-34.66126518,-58.36257175,-34.66126518]},{"type":"Feature","id":"estructuras_operativas_y_defensivas_090102.9452","geometry":{"type":"Point","coordinates":[-58.48713728,-37.15088855]},"geometry_name":"geom","properties":{"gid":9452,"entidad":0,"objeto":"Cuartel de bomberos","fna":"Bomberos Voluntarios de Ayacucho","gna":"Bomberos Voluntarios","nam":"de Ayacucho","fdc":"IGN/Consejo Nacional de Bomberos Voluntarios","sag":"IGN"},"bbox":[-58.48713728,-37.15088855,-58.48713728,-37.15088855]},{"type":"Feature","id":"estructuras_operativas_y_defensivas_090102.9453","geometry":{"type":"Point","coordinates":[-58.26302203,-37.83975824]},"geometry_name":"geom","properties":{"gid":9453,"entidad":0,"objeto":"Cuartel de bomberos","fna":"Sociedad de Bomberos Voluntarios de Balcarce","gna":"Sociedad de Bomberos Voluntarios","nam":"de Balcarce","fdc":"IGN/Consejo Nacional de Bomberos Voluntarios","sag":"IGN"},"bbox":[-58.26302203,-37.83975824,-58.26302203,-37.83975824]},{"type":"Feature","id":"estructuras_operativas_y_defensivas_090102.9454","geometry":{"type":"Point","coordinates":[-63.37797651,-35.0149102]},"geometry_name":"geom","properties":{"gid":9454,"entidad":0,"objeto":"Cuartel de bomberos","fna":"Bomberos Voluntarios de Banderaló","gna":"Bomberos Voluntarios","nam":"de Banderaló","fdc":"IGN/Consejo Nacional de Bomberos Voluntarios","sag":"IGN"},"bbox":[-63.37797651,-35.0149102,-63.37797651,-35.0149102]},{"type":"Feature","id":"estructuras_operativas_y_defensivas_090102.9455","geometry":{"type":"Point","coordinates":[-59.51033338,-33.80992239]},"geometry_name":"geom","properties":{"gid":9455,"entidad":0,"objeto":"Cuartel de bomberos","fna":"Bomberos Voluntarios de Baradero","gna":"Bomberos Voluntarios","nam":"de Baradero","fdc":"IGN/Consejo Nacional de Bomberos Voluntarios","sag":"IGN"},"bbox":[-59.51033338,-33.80992239,-59.51033338,-33.80992239]},{"type":"Feature","id":"estructuras_operativas_y_defensivas_090102.9456","geometry":{"type":"Point","coordinates":[-58.68932391,-34.40922933]},"geometry_name":"geom","properties":{"gid":9456,"entidad":0,"objeto":"Cuartel de bomberos","fna":"Sociedad Bomberos Voluntarios de Benavídez","gna":"Sociedad de Bomberos Voluntarios","nam":"de Benavídez","fdc":"IGN/Consejo Nacional de Bomberos Voluntarios","sag":"IGN"},"bbox":[-58.68932391,-34.40922933,-58.68932391,-34.40922933]},{"type":"Feature","id":"estructuras_operativas_y_defensivas_090102.9457","geometry":{"type":"Point","coordinates":[-58.21181873,-34.76358729]},"geometry_name":"geom","properties":{"gid":9457,"entidad":0,"objeto":"Cuartel de bomberos","fna":"Bomberos Voluntarios de Berazategui - Cuartel 36","gna":"Bomberos Voluntarios","nam":"de Berazategui - Cuartel 36","fdc":"IGN/Consejo Nacional de Bomberos Voluntarios","sag":"IGN"},"bbox":[-58.21181873,-34.76358729,-58.21181873,-34.76358729]},{"type":"Feature","id":"estructuras_operativas_y_defensivas_090102.9458","geometry":{"type":"Point","coordinates":[-57.88867412,-34.87015969]},"geometry_name":"geom","properties":{"gid":9458,"entidad":0,"objeto":"Cuartel de bomberos","fna":"Bomberos Voluntarios de Berisso","gna":"Bomberos Voluntarios","nam":"de Berisso","fdc":"IGN/Consejo Nacional de Bomberos Voluntarios","sag":"IGN"},"bbox":[-57.88867412,-34.87015969,-57.88867412,-34.87015969]},{"type":"Feature","id":"estructuras_operativas_y_defensivas_090102.9459","geometry":{"type":"Point","coordinates":[-58.29192276,-34.71924181]},"geometry_name":"geom","properties":{"gid":9459,"entidad":0,"objeto":"Cuartel de bomberos","fna":"Bomberos Voluntarios de Bernal - Cuartel Central","gna":"Bomberos Voluntarios","nam":"de Bernal - Cuartel Central","fdc":"IGN/Consejo Nacional de Bomberos Voluntarios","sag":"IGN"},"bbox":[-58.29192276,-34.71924181,-58.29192276,-34.71924181]},{"type":"Feature","id":"estructuras_operativas_y_defensivas_090102.9460","geometry":{"type":"Point","coordinates":[-61.11423047,-36.22706366]},"geometry_name":"geom","properties":{"gid":9460,"entidad":0,"objeto":"Cuartel de bomberos","fna":"Bomberos Voluntarios de San Carlos de Bolívar","gna":"Bomberos Voluntarios","nam":"de San Carlos de Bolívar","fdc":"IGN/Consejo Nacional de Bomberos Voluntarios","sag":"IGN"},"bbox":[-61.11423047,-36.22706366,-61.11423047,-36.22706366]},{"type":"Feature","id":"estructuras_operativas_y_defensivas_090102.9461","geometry":{"type":"Point","coordinates":[-63.04179802,-37.80472352]},"geometry_name":"geom","properties":{"gid":9461,"entidad":0,"objeto":"Cuartel de bomberos","fna":"Bomberos Voluntarios de Bordenave","gna":"Bomberos Voluntarios","nam":"de Bordenave","fdc":"IGN/Consejo Nacional de Bomberos Voluntarios","sag":"IGN"},"bbox":[-63.04179802,-37.80472352,-63.04179802,-37.80472352]},{"type":"Feature","id":"estructuras_operativas_y_defensivas_090102.9462","geometry":{"type":"Point","coordinates":[-60.49180865,-35.11903464]},"geometry_name":"geom","properties":{"gid":9462,"entidad":0,"objeto":"Cuartel de bomberos","fna":"Bomberos Voluntarios de Bragado","gna":"Bomberos Voluntarios","nam":"de Bragado","fdc":"IGN/Consejo Nacional de Bomberos Voluntarios","sag":"IGN"},"bbox":[-60.49180865,-35.11903464,-60.49180865,-35.11903464]},{"type":"Feature","id":"estructuras_operativas_y_defensivas_090102.9463","geometry":{"type":"Point","coordinates":[-61.89234985,-38.48278989]},"geometry_name":"geom","properties":{"gid":9463,"entidad":0,"objeto":"Cuartel de bomberos","fna":"Bomberos Voluntarios de Cabildo","gna":"Bomberos Voluntarios","nam":"de Cabildo","fdc":"IGN/Consejo Nacional de Bomberos Voluntarios","sag":"IGN"},"bbox":[-61.89234985,-38.48278989,-61.89234985,-38.48278989]},{"type":"Feature","id":"estructuras_operativas_y_defensivas_090102.9464","geometry":{"type":"Point","coordinates":[-58.95608964,-34.16385654]},"geometry_name":"geom","properties":{"gid":9464,"entidad":0,"objeto":"Cuartel de bomberos","fna":"Bomberos Voluntarios de Campana","gna":"Bomberos Voluntarios","nam":"de Campana","fdc":"IGN/Consejo Nacional de Bomberos Voluntarios","sag":"IGN"},"bbox":[-58.95608964,-34.16385654,-58.95608964,-34.16385654]},{"type":"Feature","id":"estructuras_operativas_y_defensivas_090102.9465","geometry":{"type":"Point","coordinates":[-58.75889449,-35.05336613]},"geometry_name":"geom","properties":{"gid":9465,"entidad":0,"objeto":"Cuartel de bomberos","fna":"Asociación Bomberos Voluntarios de Cañuelas","gna":"Asociación Bomberos Voluntarios","nam":"de Cañuelas","fdc":"IGN/Consejo Nacional de Bomberos Voluntarios","sag":"IGN"},"bbox":[-58.75889449,-35.05336613,-58.75889449,-35.05336613]},{"type":"Feature","id":"estructuras_operativas_y_defensivas_090102.9466","geometry":{"type":"Point","coordinates":[-59.79574439,-34.17201185]},"geometry_name":"geom","properties":{"gid":9466,"entidad":0,"objeto":"Cuartel de bomberos","fna":"Bomberos Voluntarios de Capitán Sarmiento","gna":"Bomberos Voluntarios","nam":"de Capitán Sarmiento","fdc":"IGN/Consejo Nacional de Bomberos Voluntarios","sag":"IGN"},"bbox":[-59.79574439,-34.17201185,-59.79574439,-34.17201185]},{"type":"Feature","id":"estructuras_operativas_y_defensivas_090102.9467","geometry":{"type":"Point","coordinates":[-62.76437336,-37.18159984]},"geometry_name":"geom","properties":{"gid":9467,"entidad":0,"objeto":"Cuartel de bomberos","fna":"Bomberos Voluntarios de Carhué","gna":"Bomberos Voluntarios","nam":"de Carhué","fdc":"IGN/Consejo Nacional de Bomberos Voluntarios","sag":"IGN"},"bbox":[-62.76437336,-37.18159984,-62.76437336,-37.18159984]},{"type":"Feature","id":"estructuras_operativas_y_defensivas_090102.9468","geometry":{"type":"Point","coordinates":[-62.4188739,-35.39010898]},"geometry_name":"geom","properties":{"gid":9468,"entidad":0,"objeto":"Cuartel de bomberos","fna":"Bomberos Voluntarios de Carlos Tejedor","gna":"Bomberos Voluntarios","nam":"de Carlos Tejedor","fdc":"IGN/Consejo Nacional de Bomberos Voluntarios","sag":"IGN"},"bbox":[-62.4188739,-35.39010898,-62.4188739,-35.39010898]},{"type":"Feature","id":"estructuras_operativas_y_defensivas_090102.9469","geometry":{"type":"Point","coordinates":[-59.82350997,-34.3739214]},"geometry_name":"geom","properties":{"gid":9469,"entidad":0,"objeto":"Cuartel de bomberos","fna":"Bomberos Voluntarios de Carmen de Areco","gna":"Bomberos Voluntarios","nam":"de Carmen de Areco","fdc":"IGN/Consejo Nacional de Bomberos Voluntarios","sag":"IGN"},"bbox":[-59.82350997,-34.3739214,-59.82350997,-34.3739214]},{"type":"Feature","id":"estructuras_operativas_y_defensivas_090102.9470","geometry":{"type":"Point","coordinates":[-62.98018829,-40.79465746]},"geometry_name":"geom","properties":{"gid":9470,"entidad":0,"objeto":"Cuartel de bomberos","fna":"Bomberos Voluntarios de Carmen de Patagones","gna":"Bomberos Voluntarios","nam":"de Carmen de Patagones","fdc":"IGN/Consejo Nacional de Bomberos Voluntarios","sag":"IGN"},"bbox":[-62.98018829,-40.79465746,-62.98018829,-40.79465746]},{"type":"Feature","id":"estructuras_operativas_y_defensivas_090102.9471","geometry":{"type":"Point","coordinates":[-62.50684905,-36.76014721]},"geometry_name":"geom","properties":{"gid":9471,"entidad":0,"objeto":"Cuartel de bomberos","fna":"Bomberos Voluntarios de Casbas","gna":"Bomberos Voluntarios","nam":"de Casbas","fdc":"IGN/Consejo Nacional de Bomberos Voluntarios","sag":"IGN"},"bbox":[-62.50684905,-36.76014721,-62.50684905,-36.76014721]},{"type":"Feature","id":"estructuras_operativas_y_defensivas_090102.9472","geometry":{"type":"Point","coordinates":[-57.80670487,-36.09260863]},"geometry_name":"geom","properties":{"gid":9472,"entidad":0,"objeto":"Cuartel de bomberos","fna":"Bomberos Voluntarios de Castelli","gna":"Bomberos Voluntarios","nam":"de Castelli","fdc":"IGN/Consejo Nacional de Bomberos Voluntarios","sag":"IGN"},"bbox":[-57.80670487,-36.09260863,-57.80670487,-36.09260863]},{"type":"Feature","id":"estructuras_operativas_y_defensivas_090102.9473","geometry":{"type":"Point","coordinates":[-58.17596,-34.88255521]},"geometry_name":"geom","properties":{"gid":9473,"entidad":0,"objeto":"Cuartel de bomberos","fna":"Bomberos Voluntarios de Centro Agrícola El Pato","gna":"Bomberos Voluntarios","nam":"de Centro Agrícola El Pato","fdc":"IGN/Consejo Nacional de Bomberos Voluntarios","sag":"IGN"},"bbox":[-58.17596,-34.88255521,-58.17596,-34.88255521]},{"type":"Feature","id":"estructuras_operativas_y_defensivas_090102.9474","geometry":{"type":"Point","coordinates":[-60.46384747,-34.64060636]},"geometry_name":"geom","properties":{"gid":9474,"entidad":0,"objeto":"Cuartel de bomberos","fna":"Bomberos Voluntarios de Chacabuco","gna":"Bomberos Voluntarios","nam":"de Chacabuco","fdc":"IGN/Consejo Nacional de Bomberos Voluntarios","sag":"IGN"},"bbox":[-60.46384747,-34.64060636,-60.46384747,-34.64060636]},{"type":"Feature","id":"estructuras_operativas_y_defensivas_090102.9475","geometry":{"type":"Point","coordinates":[-58.01628935,-35.57593877]},"geometry_name":"geom","properties":{"gid":9475,"entidad":0,"objeto":"Cuartel de bomberos","fna":"Bomberos Voluntarios de Chascomús","gna":"Bomberos Voluntarios","nam":"de Chascomús","fdc":"IGN/Consejo Nacional de Bomberos Voluntarios","sag":"IGN"},"bbox":[-58.01628935,-35.57593877,-58.01628935,-35.57593877]},{"type":"Feature","id":"estructuras_operativas_y_defensivas_090102.9476","geometry":{"type":"Point","coordinates":[-60.01816132,-34.89290237]},"geometry_name":"geom","properties":{"gid":9476,"entidad":0,"objeto":"Cuartel de bomberos","fna":"Sociedad Bomberos Voluntarios de Chivilcoy","gna":"Sociedad de Bomberos Voluntarios","nam":"de Chivilcoy","fdc":"IGN/Consejo Nacional de Bomberos Voluntarios","sag":"IGN"},"bbox":[-60.01816132,-34.89290237,-60.01816132,-34.89290237]},{"type":"Feature","id":"estructuras_operativas_y_defensivas_090102.9477","geometry":{"type":"Point","coordinates":[-60.0656858,-38.85464786]},"geometry_name":"geom","properties":{"gid":9477,"entidad":0,"objeto":"Cuartel de bomberos","fna":"Bomberos Voluntarios de Claromecó","gna":"Bomberos Voluntarios","nam":"de Claromecó","fdc":"IGN/Consejo Nacional de Bomberos Voluntarios","sag":"IGN"},"bbox":[-60.0656858,-38.85464786,-60.0656858,-38.85464786]},{"type":"Feature","id":"estructuras_operativas_y_defensivas_090102.9478","geometry":{"type":"Point","coordinates":[-61.09714637,-33.89766204]},"geometry_name":"geom","properties":{"gid":9478,"entidad":0,"objeto":"Cuartel de bomberos","fna":"Bomberos Voluntarios de Colón","gna":"Bomberos Voluntarios","nam":"de Colón","fdc":"IGN/Consejo Nacional de Bomberos Voluntarios","sag":"IGN"},"bbox":[-61.09714637,-33.89766204,-61.09714637,-33.89766204]},{"type":"Feature","id":"estructuras_operativas_y_defensivas_090102.9479","geometry":{"type":"Point","coordinates":[-62.72721704,-35.43701883]},"geometry_name":"geom","properties":{"gid":9479,"entidad":0,"objeto":"Cuartel de bomberos","fna":"Bomberos Voluntarios de Colonia Seré","gna":"Bomberos Voluntarios","nam":"de Colonia Seré","fdc":"IGN/Consejo Nacional de Bomberos Voluntarios","sag":"IGN"},"bbox":[-62.72721704,-35.43701883,-62.72721704,-35.43701883]},{"type":"Feature","id":"estructuras_operativas_y_defensivas_090102.9480","geometry":{"type":"Point","coordinates":[-58.24172234,-35.17293738]},"geometry_name":"geom","properties":{"gid":9480,"entidad":0,"objeto":"Cuartel de bomberos","fna":"Bomberos Voluntarios de Coronel Brandsen","gna":"Bomberos Voluntarios","nam":"de Coronel Brandsen","fdc":"IGN/Consejo Nacional de Bomberos Voluntarios","sag":"IGN"},"bbox":[-58.24172234,-35.17293738,-58.24172234,-35.17293738]},{"type":"Feature","id":"estructuras_operativas_y_defensivas_090102.9481","geometry":{"type":"Point","coordinates":[-61.28604947,-38.71891051]},"geometry_name":"geom","properties":{"gid":9481,"entidad":0,"objeto":"Cuartel de bomberos","fna":"Bomberos Voluntarios de Coronel Dorrego","gna":"Bomberos Voluntarios","nam":"de Coronel Dorrego","fdc":"IGN/Consejo Nacional de Bomberos Voluntarios","sag":"IGN"},"bbox":[-61.28604947,-38.71891051,-61.28604947,-38.71891051]},{"type":"Feature","id":"estructuras_operativas_y_defensivas_090102.9482","geometry":{"type":"Point","coordinates":[-61.35718483,-37.98507602]},"geometry_name":"geom","properties":{"gid":9482,"entidad":0,"objeto":"Cuartel de bomberos","fna":"Bomberos Voluntarios de Coronel Pringles","gna":"Bomberos Voluntarios","nam":"de Coronel Pringles","fdc":"IGN/Consejo Nacional de Bomberos Voluntarios","sag":"IGN"},"bbox":[-61.35718483,-37.98507602,-61.35718483,-37.98507602]},{"type":"Feature","id":"estructuras_operativas_y_defensivas_090102.9483","geometry":{"type":"Point","coordinates":[-61.93151316,-37.45917252]},"geometry_name":"geom","properties":{"gid":9483,"entidad":0,"objeto":"Cuartel de bomberos","fna":"Bomberos Voluntarios de Coronel Suárez","gna":"Bomberos Voluntarios","nam":"de Coronel Suárez","fdc":"IGN/Consejo Nacional de Bomberos Voluntarios","sag":"IGN"},"bbox":[-61.93151316,-37.45917252,-61.93151316,-37.45917252]},{"type":"Feature","id":"estructuras_operativas_y_defensivas_090102.9484","geometry":{"type":"Point","coordinates":[-61.74219339,-36.59898624]},"geometry_name":"geom","properties":{"gid":9484,"entidad":0,"objeto":"Cuartel de bomberos","fna":"Bomberos Voluntarios de Daireaux","gna":"Bomberos Voluntarios","nam":"de Daireaux","fdc":"IGN/Consejo Nacional de Bomberos Voluntarios","sag":"IGN"},"bbox":[-61.74219339,-36.59898624,-61.74219339,-36.59898624]},{"type":"Feature","id":"estructuras_operativas_y_defensivas_090102.9485","geometry":{"type":"Point","coordinates":[-63.15399143,-37.6889661]},"geometry_name":"geom","properties":{"gid":9485,"entidad":0,"objeto":"Cuartel de bomberos","fna":"Bomberos Voluntarios de Darregueira","gna":"Bomberos Voluntarios","nam":"de Darregueira","fdc":"IGN/Consejo Nacional de Bomberos Voluntarios","sag":"IGN"},"bbox":[-63.15399143,-37.6889661,-63.15399143,-37.6889661]},{"type":"Feature","id":"estructuras_operativas_y_defensivas_090102.9486","geometry":{"type":"Point","coordinates":[-59.51520434,-35.50668775]},"geometry_name":"geom","properties":{"gid":9486,"entidad":0,"objeto":"Cuartel de bomberos","fna":"Bomberos Voluntarios de Del Carril","gna":"Bomberos Voluntarios","nam":"de Del Carril","fdc":"IGN/Consejo Nacional de Bomberos Voluntarios","sag":"IGN"},"bbox":[-59.51520434,-35.50668775,-59.51520434,-35.50668775]},{"type":"Feature","id":"estructuras_operativas_y_defensivas_090102.9487","geometry":{"type":"Point","coordinates":[-58.79300252,-34.45559999]},"geometry_name":"geom","properties":{"gid":9487,"entidad":0,"objeto":"Cuartel de bomberos","fna":"Bomberos Voluntarios de Del Viso","gna":"Bomberos Voluntarios","nam":"de Del Viso","fdc":"IGN/Consejo Nacional de Bomberos Voluntarios","sag":"IGN"},"bbox":[-58.79300252,-34.45559999,-58.79300252,-34.45559999]},{"type":"Feature","id":"estructuras_operativas_y_defensivas_090102.9488","geometry":{"type":"Point","coordinates":[-58.34558997,-34.6528237]},"geometry_name":"geom","properties":{"gid":9488,"entidad":0,"objeto":"Cuartel de bomberos","fna":"Bomberos Voluntarios de Dock Sud","gna":"Bomberos Voluntarios","nam":"de Dock Sud","fdc":"IGN/Consejo Nacional de Bomberos Voluntarios","sag":"IGN"},"bbox":[-58.34558997,-34.6528237,-58.34558997,-34.6528237]},{"type":"Feature","id":"estructuras_operativas_y_defensivas_090102.9489","geometry":{"type":"Point","coordinates":[-58.35390211,-34.6427383]},"geometry_name":"geom","properties":{"gid":9489,"entidad":0,"objeto":"Cuartel de bomberos","fna":"Bomberos Voluntarios de Avellaneda - Destacamento 1 Isla Maciel","gna":"Bomberos Voluntarios","nam":"de Avellaneda - Destacamento 1 Isla Maciel","fdc":"IGN/Consejo Nacional de Bomberos Voluntarios","sag":"IGN"},"bbox":[-58.35390211,-34.6427383,-58.35390211,-34.6427383]},{"type":"Feature","id":"estructuras_operativas_y_defensivas_090102.9490","geometry":{"type":"Point","coordinates":[-58.33223425,-34.69527117]},"geometry_name":"geom","properties":{"gid":9490,"entidad":0,"objeto":"Cuartel de bomberos","fna":"Bomberos Voluntarios de Domínico Wilde - Cuartel Central","gna":"Bomberos Voluntarios","nam":"de Domínico Wilde - Cuartel Central","fdc":"IGN/Consejo Nacional de Bomberos Voluntarios","sag":"IGN"},"bbox":[-58.33223425,-34.69527117,-58.33223425,-34.69527117]},{"type":"Feature","id":"estructuras_operativas_y_defensivas_090102.9491","geometry":{"type":"Point","coordinates":[-58.31696385,-34.70685798]},"geometry_name":"geom","properties":{"gid":9491,"entidad":0,"objeto":"Cuartel de bomberos","fna":"Bomberos Voluntarios de Domínico Wilde - Descatamento 1","gna":"Bomberos Voluntarios","nam":"de Domínico Wilde - Descatamento 1","fdc":"IGN/Consejo Nacional de Bomberos Voluntarios","sag":"IGN"},"bbox":[-58.31696385,-34.70685798,-58.31696385,-34.70685798]},{"type":"Feature","id":"estructuras_operativas_y_defensivas_090102.9492","geometry":{"type":"Point","coordinates":[-58.62053041,-34.48317832]},"geometry_name":"geom","properties":{"gid":9492,"entidad":0,"objeto":"Cuartel de bomberos","fna":"Bomberos Voluntarios de Don Torcuato - Cuartel Central","gna":"Bomberos Voluntarios","nam":"de Don Torcuato - Cuartel Central","fdc":"IGN/Consejo Nacional de Bomberos Voluntarios","sag":"IGN"},"bbox":[-58.62053041,-34.48317832,-58.62053041,-34.48317832]},{"type":"Feature","id":"estructuras_operativas_y_defensivas_090102.9493","geometry":{"type":"Point","coordinates":[-60.70817068,-35.64838704]},"geometry_name":"geom","properties":{"gid":9493,"entidad":0,"objeto":"Cuartel de bomberos","fna":"Bomberos Voluntarios de Dudignac","gna":"Bomberos Voluntarios","nam":"de Dudignac","fdc":"IGN/Consejo Nacional de Bomberos Voluntarios","sag":"IGN"},"bbox":[-60.70817068,-35.64838704,-60.70817068,-35.64838704]},{"type":"Feature","id":"estructuras_operativas_y_defensivas_090102.9494","geometry":{"type":"Point","coordinates":[-58.37393544,-34.67886826]},"geometry_name":"geom","properties":{"gid":9494,"entidad":0,"objeto":"Cuartel de bomberos","fna":"Bomberos Voluntarios de Echenagucia - Gerli - Piñeyro","gna":"Bomberos Voluntarios","nam":"de Echenagucia - Gerli - Piñeyro","fdc":"IGN/Consejo Nacional de Bomberos Voluntarios","sag":"IGN"},"bbox":[-58.37393544,-34.67886826,-58.37393544,-34.67886826]},{"type":"Feature","id":"estructuras_operativas_y_defensivas_090102.9495","geometry":{"type":"Point","coordinates":[-58.38275455,-34.67720128]},"geometry_name":"geom","properties":{"gid":9495,"entidad":0,"objeto":"Cuartel de bomberos","fna":"Bomberos Voluntarios de Echenagucia - Gerli - Destacamento 1","gna":"Bomberos Voluntarios","nam":"de Echenagucia - Gerli - Destacamento 1","fdc":"IGN/Consejo Nacional de Bomberos Voluntarios","sag":"IGN"},"bbox":[-58.38275455,-34.67720128,-58.38275455,-34.67720128]},{"type":"Feature","id":"estructuras_operativas_y_defensivas_090102.9496","geometry":{"type":"Point","coordinates":[-63.19457246,-34.78189246]},"geometry_name":"geom","properties":{"gid":9496,"entidad":0,"objeto":"Cuartel de bomberos","fna":"Bomberos Voluntarios de Emilio V. Bunge","gna":"Bomberos Voluntarios","nam":"de Emilio V. Bunge","fdc":"IGN/Consejo Nacional de Bomberos Voluntarios","sag":"IGN"},"bbox":[-63.19457246,-34.78189246,-63.19457246,-34.78189246]},{"type":"Feature","id":"estructuras_operativas_y_defensivas_090102.9497","geometry":{"type":"Point","coordinates":[-57.90528119,-34.86159523]},"geometry_name":"geom","properties":{"gid":9497,"entidad":0,"objeto":"Cuartel de bomberos","fna":"Sociedad Bomberos Voluntarios de Ensenada","gna":"Sociedad de Bomberos Voluntarios","nam":"de Ensenada","fdc":"IGN/Consejo Nacional de Bomberos Voluntarios","sag":"IGN"},"bbox":[-57.90528119,-34.86159523,-57.90528119,-34.86159523]},{"type":"Feature","id":"estructuras_operativas_y_defensivas_090102.9498","geometry":{"type":"Point","coordinates":[-58.79742401,-34.34762417]},"geometry_name":"geom","properties":{"gid":9498,"entidad":0,"objeto":"Cuartel de bomberos","fna":"Bomberos Voluntarios de Escobar","gna":"Bomberos Voluntarios","nam":"de Escobar","fdc":"IGN/Consejo Nacional de Bomberos Voluntarios","sag":"IGN"},"bbox":[-58.79742401,-34.34762417,-58.79742401,-34.34762417]},{"type":"Feature","id":"estructuras_operativas_y_defensivas_090102.9499","geometry":{"type":"Point","coordinates":[-62.43704916,-37.36231471]},"geometry_name":"geom","properties":{"gid":9499,"entidad":0,"objeto":"Cuartel de bomberos","fna":"Bomberos Voluntarios de Espartillar","gna":"Bomberos Voluntarios","nam":"de Espartillar","fdc":"IGN/Consejo Nacional de Bomberos Voluntarios","sag":"IGN"},"bbox":[-62.43704916,-37.36231471,-62.43704916,-37.36231471]},{"type":"Feature","id":"estructuras_operativas_y_defensivas_090102.9500","geometry":{"type":"Point","coordinates":[-58.46839882,-34.81882982]},"geometry_name":"geom","properties":{"gid":9500,"entidad":0,"objeto":"Cuartel de bomberos","fna":"Bomberos Voluntarios de Esteban Echeverría","gna":"Bomberos Voluntarios","nam":"de Esteban Echeverría","fdc":"IGN/Consejo Nacional de Bomberos Voluntarios","sag":"IGN"},"bbox":[-58.46839882,-34.81882982,-58.46839882,-34.81882982]},{"type":"Feature","id":"estructuras_operativas_y_defensivas_090102.9501","geometry":{"type":"Point","coordinates":[-59.09834,-34.29106713]},"geometry_name":"geom","properties":{"gid":9501,"entidad":0,"objeto":"Cuartel de bomberos","fna":"Bomberos Voluntarios de Exaltación de la Cruz","gna":"Bomberos Voluntarios","nam":"de Exaltación de la Cruz","fdc":"IGN/Consejo Nacional de Bomberos Voluntarios","sag":"IGN"},"bbox":[-59.09834,-34.29106713,-59.09834,-34.29106713]},{"type":"Feature","id":"estructuras_operativas_y_defensivas_090102.9502","geometry":{"type":"Point","coordinates":[-58.51534291,-34.85475453]},"geometry_name":"geom","properties":{"gid":9502,"entidad":0,"objeto":"Cuartel de bomberos","fna":"Sociedad de Bomberos Voluntarios de Ezeiza","gna":"Sociedad de Bomberos Voluntarios","nam":"de Ezeiza","fdc":"IGN/Consejo Nacional de Bomberos Voluntarios","sag":"IGN"},"bbox":[-58.51534291,-34.85475453,-58.51534291,-34.85475453]},{"type":"Feature","id":"estructuras_operativas_y_defensivas_090102.9503","geometry":{"type":"Point","coordinates":[-58.28010507,-34.80126141]},"geometry_name":"geom","properties":{"gid":9503,"entidad":0,"objeto":"Cuartel de bomberos","fna":"Bomberos Voluntarios de Florencio Varela","gna":"Bomberos Voluntarios","nam":"de Florencio Varela","fdc":"IGN/Consejo Nacional de Bomberos Voluntarios","sag":"IGN"},"bbox":[-58.28010507,-34.80126141,-58.28010507,-34.80126141]},{"type":"Feature","id":"estructuras_operativas_y_defensivas_090102.9504","geometry":{"type":"Point","coordinates":[-60.10094661,-34.33678693]},"geometry_name":"geom","properties":{"gid":9504,"entidad":0,"objeto":"Cuartel de bomberos","fna":"Bomberos Voluntarios de Gahan","gna":"Bomberos Voluntarios","nam":"de Gahan","fdc":"IGN/Consejo Nacional de Bomberos Voluntarios","sag":"IGN"},"bbox":[-60.10094661,-34.33678693,-60.10094661,-34.33678693]},{"type":"Feature","id":"estructuras_operativas_y_defensivas_090102.9505","geometry":{"type":"Point","coordinates":[-58.74250657,-34.41807931]},"geometry_name":"geom","properties":{"gid":9505,"entidad":0,"objeto":"Cuartel de bomberos","fna":"Bomberos Voluntarios de Garín","gna":"Bomberos Voluntarios","nam":"de Garín","fdc":"IGN/Consejo Nacional de Bomberos Voluntarios","sag":"IGN"},"bbox":[-58.74250657,-34.41807931,-58.74250657,-34.41807931]},{"type":"Feature","id":"estructuras_operativas_y_defensivas_090102.9506","geometry":{"type":"Point","coordinates":[-60.01468473,-36.02287681]},"geometry_name":"geom","properties":{"gid":9506,"entidad":0,"objeto":"Cuartel de bomberos","fna":"Bomberos Voluntarios de General Alvear","gna":"Bomberos Voluntarios","nam":"de General Alvear","fdc":"IGN/Consejo Nacional de Bomberos Voluntarios","sag":"IGN"},"bbox":[-60.01468473,-36.02287681,-60.01468473,-36.02287681]},{"type":"Feature","id":"estructuras_operativas_y_defensivas_090102.9507","geometry":{"type":"Point","coordinates":[-58.49689263,-35.7704228]},"geometry_name":"geom","properties":{"gid":9507,"entidad":0,"objeto":"Cuartel de bomberos","fna":"Bomberos Voluntarios de General Belgrano","gna":"Bomberos Voluntarios","nam":"de General Belgrano","fdc":"IGN/Consejo Nacional de Bomberos Voluntarios","sag":"IGN"},"bbox":[-58.49689263,-35.7704228,-58.49689263,-35.7704228]},{"type":"Feature","id":"estructuras_operativas_y_defensivas_090102.9508","geometry":{"type":"Point","coordinates":[-62.39126448,-38.71821563]},"geometry_name":"geom","properties":{"gid":9508,"entidad":0,"objeto":"Cuartel de bomberos","fna":"Bomberos Voluntarios de General Daniel Cerri","gna":"Bomberos Voluntarios","nam":"de General Daniel Cerri","fdc":"IGN/Consejo Nacional de Bomberos Voluntarios","sag":"IGN"},"bbox":[-62.39126448,-38.71821563,-62.39126448,-38.71821563]},{"type":"Feature","id":"estructuras_operativas_y_defensivas_090102.9509","geometry":{"type":"Point","coordinates":[-61.26473537,-37.248819]},"geometry_name":"geom","properties":{"gid":9509,"entidad":0,"objeto":"Cuartel de bomberos","fna":"Bomberos Voluntarios de General La Madrid","gna":"Bomberos Voluntarios","nam":"de General La Madrid","fdc":"IGN/Consejo Nacional de Bomberos Voluntarios","sag":"IGN"},"bbox":[-61.26473537,-37.248819,-61.26473537,-37.248819]},{"type":"Feature","id":"estructuras_operativas_y_defensivas_090102.9510","geometry":{"type":"Point","coordinates":[-58.94736691,-34.93015113]},"geometry_name":"geom","properties":{"gid":9510,"entidad":0,"objeto":"Cuartel de bomberos","fna":"Bomberos Voluntarios de General Las Heras","gna":"Bomberos Voluntarios","nam":"de General Las Heras","fdc":"IGN/Consejo Nacional de Bomberos Voluntarios","sag":"IGN"},"bbox":[-58.94736691,-34.93015113,-58.94736691,-34.93015113]},{"type":"Feature","id":"estructuras_operativas_y_defensivas_090102.9511","geometry":{"type":"Point","coordinates":[-56.94237658,-36.40876625]},"geometry_name":"geom","properties":{"gid":9511,"entidad":0,"objeto":"Cuartel de bomberos","fna":"Bomberos Voluntarios de General Lavalle","gna":"Bomberos Voluntarios","nam":"de General Lavalle","fdc":"IGN/Consejo Nacional de Bomberos Voluntarios","sag":"IGN"},"bbox":[-56.94237658,-36.40876625,-56.94237658,-36.40876625]},{"type":"Feature","id":"estructuras_operativas_y_defensivas_090102.9512","geometry":{"type":"Point","coordinates":[-57.13460548,-36.99510706]},"geometry_name":"geom","properties":{"gid":9512,"entidad":0,"objeto":"Cuartel de bomberos","fna":"Asociación Bomberos Voluntarios de General Madariaga","gna":"Asociación Bomberos Voluntarios","nam":"de General Madariaga","fdc":"IGN/Consejo Nacional de Bomberos Voluntarios","sag":"IGN"},"bbox":[-57.13460548,-36.99510706,-57.13460548,-36.99510706]},{"type":"Feature","id":"estructuras_operativas_y_defensivas_090102.9513","geometry":{"type":"Point","coordinates":[-58.62956024,-34.45807025]},"geometry_name":"geom","properties":{"gid":9513,"entidad":0,"objeto":"Cuartel de bomberos","fna":"Bomberos Voluntarios de General Pacheco","gna":"Bomberos Voluntarios","nam":"de General Pacheco","fdc":"Street View/Consejo Nacional de Bomberos Voluntarios","sag":"IGN"},"bbox":[-58.62956024,-34.45807025,-58.62956024,-34.45807025]},{"type":"Feature","id":"estructuras_operativas_y_defensivas_090102.9514","geometry":{"type":"Point","coordinates":[-58.31769349,-35.51683617]},"geometry_name":"geom","properties":{"gid":9514,"entidad":0,"objeto":"Cuartel de bomberos","fna":"Bomberos Voluntarios de General Paz","gna":"Bomberos Voluntarios","nam":"de General Paz","fdc":"IGN/Consejo Nacional de Bomberos Voluntarios","sag":"IGN"},"bbox":[-58.31769349,-35.51683617,-58.31769349,-35.51683617]},{"type":"Feature","id":"estructuras_operativas_y_defensivas_090102.9515","geometry":{"type":"Point","coordinates":[-61.89048138,-34.7681661]},"geometry_name":"geom","properties":{"gid":9515,"entidad":0,"objeto":"Cuartel de bomberos","fna":"Bomberos Voluntarios de General Pinto","gna":"Bomberos Voluntarios","nam":"de General Pinto","fdc":"IGN/Consejo Nacional de Bomberos Voluntarios","sag":"IGN"},"bbox":[-61.89048138,-34.7681661,-61.89048138,-34.7681661]},{"type":"Feature","id":"estructuras_operativas_y_defensivas_090102.9516","geometry":{"type":"Point","coordinates":[-57.77669283,-37.27339698]},"geometry_name":"geom","properties":{"gid":9516,"entidad":0,"objeto":"Cuartel de bomberos","fna":"Bomberos Voluntarios de General Pirán","gna":"Bomberos Voluntarios","nam":"de General Pirán","fdc":"IGN/Consejo Nacional de Bomberos Voluntarios","sag":"IGN"},"bbox":[-57.77669283,-37.27339698,-57.77669283,-37.27339698]},{"type":"Feature","id":"estructuras_operativas_y_defensivas_090102.9517","geometry":{"type":"Point","coordinates":[-58.95217659,-34.60496013]},"geometry_name":"geom","properties":{"gid":9517,"entidad":0,"objeto":"Cuartel de bomberos","fna":"Bomberos Voluntarios de General Rodríguez - Cuartel Comandante Mayor Paulino Hernández","gna":"Bomberos Voluntarios","nam":"de General Rodríguez - Cuartel Comandante Mayor Paulino Hernández","fdc":"IGN/Consejo Nacional de Bomberos Voluntarios","sag":"IGN"},"bbox":[-58.95217659,-34.60496013,-58.95217659,-34.60496013]},{"type":"Feature","id":"estructuras_operativas_y_defensivas_090102.9518","geometry":{"type":"Point","coordinates":[-58.54167395,-34.57923457]},"geometry_name":"geom","properties":{"gid":9518,"entidad":0,"objeto":"Cuartel de bomberos","fna":"Cuerpo de Bomberos Voluntarios de General San Martín","gna":"Cuerpo de Bomberos Voluntarios","nam":"de General San Martín","fdc":"IGN/Consejo Nacional de Bomberos Voluntarios","sag":"IGN"},"bbox":[-58.54167395,-34.57923457,-58.54167395,-34.57923457]},{"type":"Feature","id":"estructuras_operativas_y_defensivas_090102.9519","geometry":{"type":"Point","coordinates":[-58.7124284,-34.5416777]},"geometry_name":"geom","properties":{"gid":9519,"entidad":0,"objeto":"Cuartel de bomberos","fna":"Bomberos Voluntarios de General Sarmiento - San Miguel","gna":"Bomberos Voluntarios","nam":"de General Sarmiento - San Miguel","fdc":"IGN/Consejo Nacional de Bomberos Voluntarios","sag":"IGN"},"bbox":[-58.7124284,-34.5416777,-58.7124284,-34.5416777]},{"type":"Feature","id":"estructuras_operativas_y_defensivas_090102.9520","geometry":{"type":"Point","coordinates":[-63.01078114,-35.0354852]},"geometry_name":"geom","properties":{"gid":9520,"entidad":0,"objeto":"Cuartel de bomberos","fna":"Bomberos Voluntarios de General Villegas","gna":"Bomberos Voluntarios","nam":"de General Villegas","fdc":"IGN/Consejo Nacional de Bomberos Voluntarios","sag":"IGN"},"bbox":[-63.01078114,-35.0354852,-63.01078114,-35.0354852]},{"type":"Feature","id":"estructuras_operativas_y_defensivas_090102.9521","geometry":{"type":"Point","coordinates":[-58.38730678,-34.89064687]},"geometry_name":"geom","properties":{"gid":9521,"entidad":0,"objeto":"Cuartel de bomberos","fna":"Bomberos Voluntarios de Glew","gna":"Bomberos Voluntarios","nam":"de Glew","fdc":"IGN/Consejo Nacional de Bomberos Voluntarios","sag":"IGN"},"bbox":[-58.38730678,-34.89064687,-58.38730678,-34.89064687]},{"type":"Feature","id":"estructuras_operativas_y_defensivas_090102.9522","geometry":{"type":"Point","coordinates":[-63.38423031,-35.55432026]},"geometry_name":"geom","properties":{"gid":9522,"entidad":0,"objeto":"Cuartel de bomberos","fna":"Bomberos Voluntarios de González Moreno","gna":"Bomberos Voluntarios","nam":"de González Moreno","fdc":"IGN/Consejo Nacional de Bomberos Voluntarios","sag":"IGN"},"bbox":[-63.38423031,-35.55432026,-63.38423031,-35.55432026]},{"type":"Feature","id":"estructuras_operativas_y_defensivas_090102.9523","geometry":{"type":"Point","coordinates":[-62.42215091,-37.0126331]},"geometry_name":"geom","properties":{"gid":9523,"entidad":0,"objeto":"Cuartel de bomberos","fna":"Bomberos Voluntarios de Guaminí","gna":"Bomberos Voluntarios","nam":"de Guaminí","fdc":"IGN/Consejo Nacional de Bomberos Voluntarios","sag":"IGN"},"bbox":[-62.42215091,-37.0126331,-62.42215091,-37.0126331]},{"type":"Feature","id":"estructuras_operativas_y_defensivas_090102.9524","geometry":{"type":"Point","coordinates":[-58.38254245,-34.91941716]},"geometry_name":"geom","properties":{"gid":9524,"entidad":0,"objeto":"Cuartel de bomberos","fna":"Bomberos Voluntarios de Guernica","gna":"Bomberos Voluntarios","nam":"de Guernica","fdc":"IGN/Consejo Nacional de Bomberos Voluntarios","sag":"IGN"},"bbox":[-58.38254245,-34.91941716,-58.38254245,-34.91941716]},{"type":"Feature","id":"estructuras_operativas_y_defensivas_090102.9525","geometry":{"type":"Point","coordinates":[-58.1584512,-34.7895863]},"geometry_name":"geom","properties":{"gid":9525,"entidad":0,"objeto":"Cuartel de bomberos","fna":"Cuerpo de Bomberos Voluntarios de Guillermo Enrique Hudson","gna":"Cuerpo de Bomberos Voluntarios","nam":"de Guillermo Enrique Hudson","fdc":"IGN/Consejo Nacional de Bomberos Voluntarios","sag":"IGN"},"bbox":[-58.1584512,-34.7895863,-58.1584512,-34.7895863]},{"type":"Feature","id":"estructuras_operativas_y_defensivas_090102.9526","geometry":{"type":"Point","coordinates":[-61.93789661,-37.06306055]},"geometry_name":"geom","properties":{"gid":9526,"entidad":0,"objeto":"Cuartel de bomberos","fna":"Bomberos Voluntarios de Huanguelén","gna":"Bomberos Voluntarios","nam":"de Huanguelén","fdc":"IGN/Consejo Nacional de Bomberos Voluntarios","sag":"IGN"},"bbox":[-61.93789661,-37.06306055,-61.93789661,-37.06306055]},{"type":"Feature","id":"estructuras_operativas_y_defensivas_090102.9527","geometry":{"type":"Point","coordinates":[-58.63657171,-34.58227866]},"geometry_name":"geom","properties":{"gid":9527,"entidad":0,"objeto":"Cuartel de bomberos","fna":"Bomberos Voluntarios de Hurlingham","gna":"Bomberos Voluntarios","nam":"de Hurlingham","fdc":"IGN/Consejo Nacional de Bomberos Voluntarios","sag":"IGN"},"bbox":[-58.63657171,-34.58227866,-58.63657171,-34.58227866]},{"type":"Feature","id":"estructuras_operativas_y_defensivas_090102.9528","geometry":{"type":"Point","coordinates":[-58.62830747,-34.63037738]},"geometry_name":"geom","properties":{"gid":9528,"entidad":0,"objeto":"Cuartel de bomberos","fna":"Bomberos Voluntarios de Hurlingham","gna":"Bomberos Voluntarios","nam":"de Hurlingham","fdc":"IGN/Consejo Nacional de Bomberos Voluntarios","sag":"IGN"},"bbox":[-58.62830747,-34.63037738,-58.62830747,-34.63037738]},{"type":"Feature","id":"estructuras_operativas_y_defensivas_090102.9529","geometry":{"type":"Point","coordinates":[-60.5397278,-34.3989857]},"geometry_name":"geom","properties":{"gid":9529,"entidad":0,"objeto":"Cuartel de bomberos","fna":"Bomberos Voluntarios de Inés Indart","gna":"Bomberos Voluntarios","nam":"de Inés Indart","fdc":"IGN/Consejo Nacional de Bomberos Voluntarios","sag":"IGN"},"bbox":[-60.5397278,-34.3989857,-60.5397278,-34.3989857]},{"type":"Feature","id":"estructuras_operativas_y_defensivas_090102.9530","geometry":{"type":"Point","coordinates":[-58.7406449,-34.39290632]},"geometry_name":"geom","properties":{"gid":9530,"entidad":0,"objeto":"Cuartel de bomberos","fna":"Bomberos Voluntarios de Ingeniero Maschwitz","gna":"Bomberos Voluntarios","nam":"de Ingeniero Maschwitz","fdc":"IGN/Consejo Nacional de Bomberos Voluntarios","sag":"IGN"},"bbox":[-58.7406449,-34.39290632,-58.7406449,-34.39290632]},{"type":"Feature","id":"estructuras_operativas_y_defensivas_090102.9531","geometry":{"type":"Point","coordinates":[-62.26488781,-38.73979832]},"geometry_name":"geom","properties":{"gid":9531,"entidad":0,"objeto":"Cuartel de bomberos","fna":"Bomberos Voluntarios de Ingeniero White - Destacamento Villa Ressia","gna":"Bomberos Voluntarios","nam":"de Ingeniero White - Destacamento Villa Ressia","fdc":"IGN/Consejo Nacional de Bomberos Voluntarios","sag":"IGN"},"bbox":[-62.26488781,-38.73979832,-62.26488781,-38.73979832]},{"type":"Feature","id":"estructuras_operativas_y_defensivas_090102.9532","geometry":{"type":"Point","coordinates":[-62.26756841,-38.78304683]},"geometry_name":"geom","properties":{"gid":9532,"entidad":0,"objeto":"Cuartel de bomberos","fna":"Bomberos Voluntarios de Ingeniero White","gna":"Bomberos Voluntarios","nam":"de Ingeniero White","fdc":"IGN/Consejo Nacional de Bomberos Voluntarios","sag":"IGN"},"bbox":[-62.26756841,-38.78304683,-62.26756841,-38.78304683]},{"type":"Feature","id":"estructuras_operativas_y_defensivas_090102.9533","geometry":{"type":"Point","coordinates":[-58.70754891,-34.61525997]},"geometry_name":"geom","properties":{"gid":9533,"entidad":0,"objeto":"Cuartel de bomberos","fna":"Bomberos Voluntarios de Ituzaingó","gna":"Bomberos Voluntarios","nam":"de Ituzaingó","fdc":"IGN/Consejo Nacional de Bomberos Voluntarios","sag":"IGN"},"bbox":[-58.70754891,-34.61525997,-58.70754891,-34.61525997]},{"type":"Feature","id":"estructuras_operativas_y_defensivas_090102.9534","geometry":{"type":"Point","coordinates":[-58.7398426,-34.51507526]},"geometry_name":"geom","properties":{"gid":9534,"entidad":0,"objeto":"Cuartel de bomberos","fna":"Bomberos Voluntarios de José C. Paz","gna":"Bomberos Voluntarios","nam":"de José C. Paz","fdc":"IGN/Consejo Nacional de Bomberos Voluntarios","sag":"IGN"},"bbox":[-58.7398426,-34.51507526,-58.7398426,-34.51507526]},{"type":"Feature","id":"estructuras_operativas_y_defensivas_090102.9535","geometry":{"type":"Point","coordinates":[-58.18870405,-34.83253787]},"geometry_name":"geom","properties":{"gid":9535,"entidad":0,"objeto":"Cuartel de bomberos","fna":"Bomberos Voluntarios de Juan María Gutiérrez - Cuartel 247","gna":"Bomberos Voluntarios","nam":"de Juan María Gutiérrez - Cuartel 247","fdc":"IGN/Consejo Nacional de Bomberos Voluntarios","sag":"IGN"},"bbox":[-58.18870405,-34.83253787,-58.18870405,-34.83253787]},{"type":"Feature","id":"estructuras_operativas_y_defensivas_090102.9536","geometry":{"type":"Point","coordinates":[-59.20188987,-38.28023074]},"geometry_name":"geom","properties":{"gid":9536,"entidad":0,"objeto":"Cuartel de bomberos","fna":"Bomberos Voluntarios de La Dulce","gna":"Bomberos Voluntarios","nam":"de La Dulce","fdc":"IGN/Consejo Nacional de Bomberos Voluntarios","sag":"IGN"},"bbox":[-59.20188987,-38.28023074,-59.20188987,-38.28023074]},{"type":"Feature","id":"estructuras_operativas_y_defensivas_090102.9537","geometry":{"type":"Point","coordinates":[-58.38099123,-34.6987002]},"geometry_name":"geom","properties":{"gid":9537,"entidad":0,"objeto":"Cuartel de bomberos","fna":"Sociedad Bomberos Voluntarios de Lanús - Cuartel Central","gna":"Sociedad de Bomberos Voluntarios","nam":"de Lanús - Cuartel Central","fdc":"IGN/Consejo Nacional de Bomberos Voluntarios","sag":"IGN"},"bbox":[-58.38099123,-34.6987002,-58.38099123,-34.6987002]},{"type":"Feature","id":"estructuras_operativas_y_defensivas_090102.9538","geometry":{"type":"Point","coordinates":[-58.40357889,-34.70104737]},"geometry_name":"geom","properties":{"gid":9538,"entidad":0,"objeto":"Cuartel de bomberos","fna":"Asociación Bomberos Voluntarios de Lanús Oeste - Cuartel Central Subcomandante Eduardo Conesa","gna":"Asociación Bomberos Voluntarios","nam":"de Lanús Oeste - Cuartel Central Subcomandante Eduardo Conesa","fdc":"IGN/Consejo Nacional de Bomberos Voluntarios","sag":"IGN"},"bbox":[-58.40357889,-34.70104737,-58.40357889,-34.70104737]},{"type":"Feature","id":"estructuras_operativas_y_defensivas_090102.9539","geometry":{"type":"Point","coordinates":[-60.80430561,-37.54301045]},"geometry_name":"geom","properties":{"gid":9539,"entidad":0,"objeto":"Cuartel de bomberos","fna":"Bomberos Voluntarios de Laprida","gna":"Bomberos Voluntarios","nam":"de Laprida","fdc":"IGN/Consejo Nacional de Bomberos Voluntarios","sag":"IGN"},"bbox":[-60.80430561,-37.54301045,-60.80430561,-37.54301045]},{"type":"Feature","id":"estructuras_operativas_y_defensivas_090102.9540","geometry":{"type":"Point","coordinates":[-59.10058008,-36.01928391]},"geometry_name":"geom","properties":{"gid":9540,"entidad":0,"objeto":"Cuartel de bomberos","fna":"Bomberos Voluntarios de Las Flores","gna":"Bomberos Voluntarios","nam":"de Las Flores","fdc":"IGN/Consejo Nacional de Bomberos Voluntarios","sag":"IGN"},"bbox":[-59.10058008,-36.01928391,-59.10058008,-36.01928391]},{"type":"Feature","id":"estructuras_operativas_y_defensivas_090102.9541","geometry":{"type":"Point","coordinates":[-57.89493674,-35.87841151]},"geometry_name":"geom","properties":{"gid":9541,"entidad":0,"objeto":"Cuartel de bomberos","fna":"Bomberos Voluntarios de Lezama","gna":"Bomberos Voluntarios","nam":"de Lezama","fdc":"IGN/Consejo Nacional de Bomberos Voluntarios","sag":"IGN"},"bbox":[-57.89493674,-35.87841151,-57.89493674,-35.87841151]},{"type":"Feature","id":"estructuras_operativas_y_defensivas_090102.9542","geometry":{"type":"Point","coordinates":[-61.53484085,-34.86924395]},"geometry_name":"geom","properties":{"gid":9542,"entidad":0,"objeto":"Cuartel de bomberos","fna":"Bomberos Voluntarios de Lincoln","gna":"Bomberos Voluntarios","nam":"de Lincoln","fdc":"IGN/Consejo Nacional de Bomberos Voluntarios","sag":"IGN"},"bbox":[-61.53484085,-34.86924395,-61.53484085,-34.86924395]},{"type":"Feature","id":"estructuras_operativas_y_defensivas_090102.9543","geometry":{"type":"Point","coordinates":[-59.09881695,-35.18766693]},"geometry_name":"geom","properties":{"gid":9543,"entidad":0,"objeto":"Cuartel de bomberos","fna":"Cuerpo de Bomberos Voluntarios de Lobos","gna":"Cuerpo de Bomberos Voluntarios","nam":"de Lobos","fdc":"IGN/Consejo Nacional de Bomberos Voluntarios","sag":"IGN"},"bbox":[-59.09881695,-35.18766693,-59.09881695,-35.18766693]},{"type":"Feature","id":"estructuras_operativas_y_defensivas_090102.9544","geometry":{"type":"Point","coordinates":[-58.40525719,-34.76053449]},"geometry_name":"geom","properties":{"gid":9544,"entidad":0,"objeto":"Cuartel de bomberos","fna":"Bomberos Voluntarios de Lomas de Zamora","gna":"Bomberos Voluntarios","nam":"de Lomas de Zamora","fdc":"IGN/Consejo Nacional de Bomberos Voluntarios","sag":"IGN"},"bbox":[-58.40525719,-34.76053449,-58.40525719,-34.76053449]},{"type":"Feature","id":"estructuras_operativas_y_defensivas_090102.9545","geometry":{"type":"Point","coordinates":[-58.38984227,-34.74299006]},"geometry_name":"geom","properties":{"gid":9545,"entidad":0,"objeto":"Cuartel de bomberos","fna":"Bomberos Voluntarios de Lomas de Zamora - Destacamento 1 Banfield","gna":"Bomberos Voluntarios","nam":"de Lomas de Zamora - Destacamento 1 Banfield","fdc":"IGN/Consejo Nacional de Bomberos Voluntarios","sag":"IGN"},"bbox":[-58.38984227,-34.74299006,-58.38984227,-34.74299006]},{"type":"Feature","id":"estructuras_operativas_y_defensivas_090102.9546","geometry":{"type":"Point","coordinates":[-58.98881787,-34.32764193]},"geometry_name":"geom","properties":{"gid":9546,"entidad":0,"objeto":"Cuartel de bomberos","fna":"Bomberos Voluntarios de Los Cardales","gna":"Bomberos Voluntarios","nam":"de Los Cardales","fdc":"IGN/Consejo Nacional de Bomberos Voluntarios","sag":"IGN"},"bbox":[-58.98881787,-34.32764193,-58.98881787,-34.32764193]},{"type":"Feature","id":"estructuras_operativas_y_defensivas_090102.9547","geometry":{"type":"Point","coordinates":[-61.03650568,-34.99890505]},"geometry_name":"geom","properties":{"gid":9547,"entidad":0,"objeto":"Cuartel de bomberos","fna":"Bomberos Voluntarios de Los Toldos","gna":"Bomberos Voluntarios","nam":"de Los Toldos","fdc":"IGN/Consejo Nacional de Bomberos Voluntarios","sag":"IGN"},"bbox":[-61.03650568,-34.99890505,-61.03650568,-34.99890505]},{"type":"Feature","id":"estructuras_operativas_y_defensivas_090102.9548","geometry":{"type":"Point","coordinates":[-59.11805032,-34.56804181]},"geometry_name":"geom","properties":{"gid":9548,"entidad":0,"objeto":"Cuartel de bomberos","fna":"Bomberos Voluntarios de Luján","gna":"Bomberos Voluntarios","nam":"de Luján","fdc":"IGN/Consejo Nacional de Bomberos Voluntarios","sag":"IGN"},"bbox":[-59.11805032,-34.56804181,-59.11805032,-34.56804181]},{"type":"Feature","id":"estructuras_operativas_y_defensivas_090102.9549","geometry":{"type":"Point","coordinates":[-57.51666577,-35.08198089]},"geometry_name":"geom","properties":{"gid":9549,"entidad":0,"objeto":"Cuartel de bomberos","fna":"Bomberos Voluntarios de Magdalena","gna":"Bomberos Voluntarios","nam":"de Magdalena","fdc":"IGN/Consejo Nacional de Bomberos Voluntarios","sag":"IGN"},"bbox":[-57.51666577,-35.08198089,-57.51666577,-35.08198089]},{"type":"Feature","id":"estructuras_operativas_y_defensivas_090102.9550","geometry":{"type":"Point","coordinates":[-57.88615988,-36.86327281]},"geometry_name":"geom","properties":{"gid":9550,"entidad":0,"objeto":"Cuartel de bomberos","fna":"Bomberos Voluntarios de Maipú","gna":"Bomberos Voluntarios","nam":"de Maipú","fdc":"IGN/Consejo Nacional de Bomberos Voluntarios","sag":"IGN"},"bbox":[-57.88615988,-36.86327281,-57.88615988,-36.86327281]},{"type":"Feature","id":"estructuras_operativas_y_defensivas_090102.9551","geometry":{"type":"Point","coordinates":[-58.69466403,-34.49656001]},"geometry_name":"geom","properties":{"gid":9551,"entidad":0,"objeto":"Cuartel de bomberos","fna":"Bomberos Voluntarios de Malvinas Argentinas","gna":"Bomberos Voluntarios","nam":"de Malvinas Argentinas","fdc":"IGN/Consejo Nacional de Bomberos Voluntarios","sag":"IGN"},"bbox":[-58.69466403,-34.49656001,-58.69466403,-34.49656001]},{"type":"Feature","id":"estructuras_operativas_y_defensivas_090102.9552","geometry":{"type":"Point","coordinates":[-58.72895972,-34.49559716]},"geometry_name":"geom","properties":{"gid":9552,"entidad":0,"objeto":"Cuartel de bomberos","fna":"Bomberos Voluntarios de Malvinas Argentinas - Cuartel 2","gna":"Bomberos Voluntarios","nam":"de Malvinas Argentinas - Cuartel 2","fdc":"IGN/Consejo Nacional de Bomberos Voluntarios","sag":"IGN"},"bbox":[-58.72895972,-34.49559716,-58.72895972,-34.49559716]},{"type":"Feature","id":"estructuras_operativas_y_defensivas_090102.9553","geometry":{"type":"Point","coordinates":[-58.77076222,-34.40903329]},"geometry_name":"geom","properties":{"gid":9553,"entidad":0,"objeto":"Cuartel de bomberos","fna":"Bomberos Voluntarios de Maquinista Savio","gna":"Bomberos Voluntarios","nam":"de Maquinista Savio","fdc":"IGN/Consejo Nacional de Bomberos Voluntarios","sag":"IGN"},"bbox":[-58.77076222,-34.40903329,-58.77076222,-34.40903329]},{"type":"Feature","id":"estructuras_operativas_y_defensivas_090102.9554","geometry":{"type":"Point","coordinates":[-57.43439428,-37.74182703]},"geometry_name":"geom","properties":{"gid":9554,"entidad":0,"objeto":"Cuartel de bomberos","fna":"Asociación Bomberos Voluntarios de la Costa Norte","gna":"Asociación Bomberos Voluntarios","nam":"de la Costa Norte","fdc":"IGN/Consejo Nacional de Bomberos Voluntarios","sag":"IGN"},"bbox":[-57.43439428,-37.74182703,-57.43439428,-37.74182703]},{"type":"Feature","id":"estructuras_operativas_y_defensivas_090102.9555","geometry":{"type":"Point","coordinates":[-57.72326917,-37.44746136]},"geometry_name":"geom","properties":{"gid":9555,"entidad":0,"objeto":"Cuartel de bomberos","fna":"Sociedad de Bomberos Voluntarios de Coronel Vidal","gna":"Sociedad de Bomberos Voluntarios","nam":"de Coronel Vidal","fdc":"IGN/Consejo Nacional de Bomberos Voluntarios","sag":"IGN"},"bbox":[-57.72326917,-37.44746136,-57.72326917,-37.44746136]},{"type":"Feature","id":"estructuras_operativas_y_defensivas_090102.9556","geometry":{"type":"Point","coordinates":[-58.83595623,-34.78141763]},"geometry_name":"geom","properties":{"gid":9556,"entidad":0,"objeto":"Cuartel de bomberos","fna":"Bomberos Voluntarios de Marcos Paz","gna":"Bomberos Voluntarios","nam":"de Marcos Paz","fdc":"IGN/Consejo Nacional de Bomberos Voluntarios","sag":"IGN"},"bbox":[-58.83595623,-34.78141763,-58.83595623,-34.78141763]},{"type":"Feature","id":"estructuras_operativas_y_defensivas_090102.9557","geometry":{"type":"Point","coordinates":[-58.79234051,-34.72737449]},"geometry_name":"geom","properties":{"gid":9557,"entidad":0,"objeto":"Cuartel de bomberos","fna":"Bomberos Voluntarios de Mariano Acosta","gna":"Bomberos Voluntarios","nam":"de Mariano Acosta","fdc":"IGN/Consejo Nacional de Bomberos Voluntarios","sag":"IGN"},"bbox":[-58.79234051,-34.72737449,-58.79234051,-34.72737449]},{"type":"Feature","id":"estructuras_operativas_y_defensivas_090102.9558","geometry":{"type":"Point","coordinates":[-58.56167996,-34.64687238]},"geometry_name":"geom","properties":{"gid":9558,"entidad":0,"objeto":"Cuartel de bomberos","fna":"Bomberos Voluntarios de Matanza","gna":"Bomberos Voluntarios","nam":"de Matanza","fdc":"IGN/Consejo Nacional de Bomberos Voluntarios","sag":"IGN"},"bbox":[-58.56167996,-34.64687238,-58.56167996,-34.64687238]},{"type":"Feature","id":"estructuras_operativas_y_defensivas_090102.9559","geometry":{"type":"Point","coordinates":[-58.23136888,-38.14482622]},"geometry_name":"geom","properties":{"gid":9559,"entidad":0,"objeto":"Cuartel de bomberos","fna":"Bomberos Voluntarios de Mechongué","gna":"Bomberos Voluntarios","nam":"de Mechongué","fdc":"IGN/Consejo Nacional de Bomberos Voluntarios","sag":"IGN"},"bbox":[-58.23136888,-38.14482622,-58.23136888,-38.14482622]},{"type":"Feature","id":"estructuras_operativas_y_defensivas_090102.9560","geometry":{"type":"Point","coordinates":[-62.69098798,-38.82980422]},"geometry_name":"geom","properties":{"gid":9560,"entidad":0,"objeto":"Cuartel de bomberos","fna":"Bomberos Voluntarios de Médanos","gna":"Bomberos Voluntarios","nam":"de Médanos","fdc":"IGN/Consejo Nacional de Bomberos Voluntarios","sag":"IGN"},"bbox":[-62.69098798,-38.82980422,-62.69098798,-38.82980422]},{"type":"Feature","id":"estructuras_operativas_y_defensivas_090102.9561","geometry":{"type":"Point","coordinates":[-59.42608985,-34.65297635]},"geometry_name":"geom","properties":{"gid":9561,"entidad":0,"objeto":"Cuartel de bomberos","fna":"Bomberos Voluntarios de Mercedes","gna":"Bomberos Voluntarios","nam":"de Mercedes","fdc":"IGN/Consejo Nacional de Bomberos Voluntarios","sag":"IGN"},"bbox":[-59.42608985,-34.65297635,-59.42608985,-34.65297635]},{"type":"Feature","id":"estructuras_operativas_y_defensivas_090102.9562","geometry":{"type":"Point","coordinates":[-58.69236106,-34.67594417]},"geometry_name":"geom","properties":{"gid":9562,"entidad":0,"objeto":"Cuartel de bomberos","fna":"Bomberos Voluntarios de Merlo - Cuartel Central","gna":"Bomberos Voluntarios","nam":"de Merlo - Cuartel Central","fdc":"IGN/Consejo Nacional de Bomberos Voluntarios","sag":"IGN"},"bbox":[-58.69236106,-34.67594417,-58.69236106,-34.67594417]},{"type":"Feature","id":"estructuras_operativas_y_defensivas_090102.9563","geometry":{"type":"Point","coordinates":[-58.70237021,-34.74895845]},"geometry_name":"geom","properties":{"gid":9563,"entidad":0,"objeto":"Cuartel de bomberos","fna":"Bomberos Voluntarios de Merlo - Destacamento 2","gna":"Bomberos Voluntarios","nam":"de Merlo - Destacamento 2","fdc":"IGN/Consejo Nacional de Bomberos Voluntarios","sag":"IGN"},"bbox":[-58.70237021,-34.74895845,-58.70237021,-34.74895845]},{"type":"Feature","id":"estructuras_operativas_y_defensivas_090102.9564","geometry":{"type":"Point","coordinates":[-58.73474605,-34.65790288]},"geometry_name":"geom","properties":{"gid":9564,"entidad":0,"objeto":"Cuartel de bomberos","fna":"Bomberos Voluntarios de Merlo - Destacamento 3","gna":"Bomberos Voluntarios","nam":"de Merlo - Destacamento 3","fdc":"IGN/Consejo Nacional de Bomberos Voluntarios","sag":"IGN"},"bbox":[-58.73474605,-34.65790288,-58.73474605,-34.65790288]},{"type":"Feature","id":"estructuras_operativas_y_defensivas_090102.9565","geometry":{"type":"Point","coordinates":[-62.00438644,-36.23001713]},"geometry_name":"geom","properties":{"gid":9565,"entidad":0,"objeto":"Cuartel de bomberos","fna":"Bomberos Voluntarios de Mones Cazón","gna":"Bomberos Voluntarios","nam":"de Mones Cazón","fdc":"IGN/Consejo Nacional de Bomberos Voluntarios","sag":"IGN"},"bbox":[-62.00438644,-36.23001713,-62.00438644,-36.23001713]},{"type":"Feature","id":"estructuras_operativas_y_defensivas_090102.9566","geometry":{"type":"Point","coordinates":[-61.2922667,-38.97893663]},"geometry_name":"geom","properties":{"gid":9566,"entidad":0,"objeto":"Cuartel de bomberos","fna":"Sociedad Bomberos Voluntarios de Monte Hermoso","gna":"Sociedad de Bomberos Voluntarios","nam":"de Monte Hermoso","fdc":"IGN/Consejo Nacional de Bomberos Voluntarios","sag":"IGN"},"bbox":[-61.2922667,-38.97893663,-61.2922667,-38.97893663]},{"type":"Feature","id":"estructuras_operativas_y_defensivas_090102.9567","geometry":{"type":"Point","coordinates":[-59.77372524,-35.08984692]},"geometry_name":"geom","properties":{"gid":9567,"entidad":0,"objeto":"Cuartel de bomberos","fna":"Bomberos Voluntarios de Moquehuá","gna":"Bomberos Voluntarios","nam":"de Moquehuá","fdc":"IGN/Consejo Nacional de Bomberos Voluntarios","sag":"IGN"},"bbox":[-59.77372524,-35.08984692,-59.77372524,-35.08984692]},{"type":"Feature","id":"estructuras_operativas_y_defensivas_090102.9568","geometry":{"type":"Point","coordinates":[-58.79697568,-34.65008942]},"geometry_name":"geom","properties":{"gid":9568,"entidad":0,"objeto":"Cuartel de bomberos","fna":"Bomberos Voluntarios de Moreno - Cuartel Central","gna":"Bomberos Voluntarios","nam":"de Moreno - Cuartel Central","fdc":"IGN/Consejo Nacional de Bomberos Voluntarios","sag":"IGN"},"bbox":[-58.79697568,-34.65008942,-58.79697568,-34.65008942]},{"type":"Feature","id":"estructuras_operativas_y_defensivas_090102.9569","geometry":{"type":"Point","coordinates":[-58.62774186,-34.66100839]},"geometry_name":"geom","properties":{"gid":9569,"entidad":0,"objeto":"Cuartel de bomberos","fna":"Bomberos Voluntarios de Morón - Cuartel Central","gna":"Bomberos Voluntarios","nam":"de Morón - Cuartel Central","fdc":"IGN/Consejo Nacional de Bomberos Voluntarios","sag":"IGN"},"bbox":[-58.62774186,-34.66100839,-58.62774186,-34.66100839]},{"type":"Feature","id":"estructuras_operativas_y_defensivas_090102.9570","geometry":{"type":"Point","coordinates":[-58.62126412,-34.64428588]},"geometry_name":"geom","properties":{"gid":9570,"entidad":0,"objeto":"Cuartel de bomberos","fna":"Bomberos Voluntarios de Morón","gna":"Bomberos Voluntarios","nam":"de Morón","fdc":"IGN/Consejo Nacional de Bomberos Voluntarios","sag":"IGN"},"bbox":[-58.62126412,-34.64428588,-58.62126412,-34.64428588]},{"type":"Feature","id":"estructuras_operativas_y_defensivas_090102.9571","geometry":{"type":"Point","coordinates":[-59.27583107,-35.00742044]},"geometry_name":"geom","properties":{"gid":9571,"entidad":0,"objeto":"Cuartel de bomberos","fna":"Bomberos Voluntarios de Navarro","gna":"Bomberos Voluntarios","nam":"de Navarro","fdc":"IGN/Consejo Nacional de Bomberos Voluntarios","sag":"IGN"},"bbox":[-59.27583107,-35.00742044,-59.27583107,-35.00742044]},{"type":"Feature","id":"estructuras_operativas_y_defensivas_090102.9572","geometry":{"type":"Point","coordinates":[-59.7739972,-35.26912893]},"geometry_name":"geom","properties":{"gid":9572,"entidad":0,"objeto":"Cuartel de bomberos","fna":"Bomberos Voluntarios de Norberto de la Riestra","gna":"Bomberos Voluntarios","nam":"de Norberto de la Riestra","fdc":"IGN/Consejo Nacional de Bomberos Voluntarios","sag":"IGN"},"bbox":[-59.7739972,-35.26912893,-59.7739972,-35.26912893]},{"type":"Feature","id":"estructuras_operativas_y_defensivas_090102.9573","geometry":{"type":"Point","coordinates":[-60.31403272,-36.89308361]},"geometry_name":"geom","properties":{"gid":9573,"entidad":0,"objeto":"Cuartel de bomberos","fna":"Bomberos Voluntarios de Olavarría","gna":"Bomberos Voluntarios","nam":"de Olavarría","fdc":"IGN/Consejo Nacional de Bomberos Voluntarios","sag":"IGN"},"bbox":[-60.31403272,-36.89308361,-60.31403272,-36.89308361]},{"type":"Feature","id":"estructuras_operativas_y_defensivas_090102.9574","geometry":{"type":"Point","coordinates":[-59.63227302,-35.26604834]},"geometry_name":"geom","properties":{"gid":9574,"entidad":0,"objeto":"Cuartel de bomberos","fna":"Bomberos Voluntarios de Pedernales","gna":"Bomberos Voluntarios","nam":"de Pedernales","fdc":"IGN/Consejo Nacional de Bomberos Voluntarios","sag":"IGN"},"bbox":[-59.63227302,-35.26604834,-59.63227302,-35.26604834]},{"type":"Feature","id":"estructuras_operativas_y_defensivas_090102.9575","geometry":{"type":"Point","coordinates":[-62.68391415,-39.5050248]},"geometry_name":"geom","properties":{"gid":9575,"entidad":0,"objeto":"Cuartel de bomberos","fna":"Asociación Bomberos Voluntarios de Pedro Luro","gna":"Asociación Bomberos Voluntarios","nam":"de Pedro Luro","fdc":"IGN/Consejo Nacional de Bomberos Voluntarios","sag":"IGN"},"bbox":[-62.68391415,-39.5050248,-62.68391415,-39.5050248]},{"type":"Feature","id":"estructuras_operativas_y_defensivas_090102.9576","geometry":{"type":"Point","coordinates":[-61.90014934,-35.81335818]},"geometry_name":"geom","properties":{"gid":9576,"entidad":0,"objeto":"Cuartel de bomberos","fna":"Bomberos Voluntarios de Pehuajó","gna":"Bomberos Voluntarios","nam":"de Pehuajó","fdc":"IGN/Consejo Nacional de Bomberos Voluntarios","sag":"IGN"},"bbox":[-61.90014934,-35.81335818,-61.90014934,-35.81335818]},{"type":"Feature","id":"estructuras_operativas_y_defensivas_090102.9577","geometry":{"type":"Point","coordinates":[-61.55687542,-38.99841275]},"geometry_name":"geom","properties":{"gid":9577,"entidad":0,"objeto":"Cuartel de bomberos","fna":"Asociación Bomberos Voluntarios de Balneario Pehuen - Co","gna":"Asociación Bomberos Voluntarios","nam":"de Balneario Pehuen - Co","fdc":"IGN/Consejo Nacional de Bomberos Voluntarios","sag":"IGN"},"bbox":[-61.55687542,-38.99841275,-61.55687542,-38.99841275]},{"type":"Feature","id":"estructuras_operativas_y_defensivas_090102.9578","geometry":{"type":"Point","coordinates":[-60.58229117,-33.89690045]},"geometry_name":"geom","properties":{"gid":9578,"entidad":0,"objeto":"Cuartel de bomberos","fna":"Bomberos Voluntarios de Pergamino","gna":"Bomberos Voluntarios","nam":"de Pergamino","fdc":"IGN/Consejo Nacional de Bomberos Voluntarios","sag":"IGN"},"bbox":[-60.58229117,-33.89690045,-60.58229117,-33.89690045]},{"type":"Feature","id":"estructuras_operativas_y_defensivas_090102.9579","geometry":{"type":"Point","coordinates":[-62.98908895,-34.77015122]},"geometry_name":"geom","properties":{"gid":9579,"entidad":0,"objeto":"Cuartel de bomberos","fna":"Bomberos Voluntarios de Piedritas","gna":"Bomberos Voluntarios","nam":"de Piedritas","fdc":"IGN/Consejo Nacional de Bomberos Voluntarios","sag":"IGN"},"bbox":[-62.98908895,-34.77015122,-62.98908895,-34.77015122]},{"type":"Feature","id":"estructuras_operativas_y_defensivas_090102.9580","geometry":{"type":"Point","coordinates":[-62.40715787,-37.6068614]},"geometry_name":"geom","properties":{"gid":9580,"entidad":0,"objeto":"Cuartel de bomberos","fna":"Bomberos Voluntarios de Pigüé","gna":"Bomberos Voluntarios","nam":"de Pigüé","fdc":"IGN/Consejo Nacional de Bomberos Voluntarios","sag":"IGN"},"bbox":[-62.40715787,-37.6068614,-62.40715787,-37.6068614]},{"type":"Feature","id":"estructuras_operativas_y_defensivas_090102.9581","geometry":{"type":"Point","coordinates":[-58.13913045,-36.0049345]},"geometry_name":"geom","properties":{"gid":9581,"entidad":0,"objeto":"Cuartel de bomberos","fna":"Bomberos Voluntarios de Pila","gna":"Bomberos Voluntarios","nam":"de Pila","fdc":"IGN/Consejo Nacional de Bomberos Voluntarios","sag":"IGN"},"bbox":[-58.13913045,-36.0049345,-58.13913045,-36.0049345]},{"type":"Feature","id":"estructuras_operativas_y_defensivas_090102.9582","geometry":{"type":"Point","coordinates":[-58.92407282,-34.45690829]},"geometry_name":"geom","properties":{"gid":9582,"entidad":0,"objeto":"Cuartel de bomberos","fna":"Bomberos Voluntarios de Pilar - Cuartel Central","gna":"Bomberos Voluntarios","nam":"de Pilar - Cuartel Central","fdc":"IGN/Consejo Nacional de Bomberos Voluntarios","sag":"IGN"},"bbox":[-58.92407282,-34.45690829,-58.92407282,-34.45690829]},{"type":"Feature","id":"estructuras_operativas_y_defensivas_090102.9583","geometry":{"type":"Point","coordinates":[-56.86252276,-37.10711497]},"geometry_name":"geom","properties":{"gid":9583,"entidad":0,"objeto":"Cuartel de bomberos","fna":"Asociación Bomberos Voluntarios de Pinamar","gna":"Asociación Bomberos Voluntarios","nam":"de Pinamar","fdc":"IGN/Consejo Nacional de Bomberos Voluntarios","sag":"IGN"},"bbox":[-56.86252276,-37.10711497,-56.86252276,-37.10711497]},{"type":"Feature","id":"estructuras_operativas_y_defensivas_090102.9584","geometry":{"type":"Point","coordinates":[-58.83945346,-34.49585289]},"geometry_name":"geom","properties":{"gid":9584,"entidad":0,"objeto":"Cuartel de bomberos","fna":"Bomberos Voluntarios de Presidente Derqui","gna":"Bomberos Voluntarios","nam":"de Presidente Derqui","fdc":"IGN/Consejo Nacional de Bomberos Voluntarios","sag":"IGN"},"bbox":[-58.83945346,-34.49585289,-58.83945346,-34.49585289]},{"type":"Feature","id":"estructuras_operativas_y_defensivas_090102.9585","geometry":{"type":"Point","coordinates":[-62.77110409,-37.54365709]},"geometry_name":"geom","properties":{"gid":9585,"entidad":0,"objeto":"Cuartel de bomberos","fna":"Bomberos Voluntarios de Puán","gna":"Bomberos Voluntarios","nam":"de Puán","fdc":"IGN/Consejo Nacional de Bomberos Voluntarios","sag":"IGN"},"bbox":[-62.77110409,-37.54365709,-62.77110409,-37.54365709]},{"type":"Feature","id":"estructuras_operativas_y_defensivas_090102.9586","geometry":{"type":"Point","coordinates":[-62.07568311,-38.8788495]},"geometry_name":"geom","properties":{"gid":9586,"entidad":0,"objeto":"Cuartel de bomberos","fna":"Asociación Bomberos Voluntarios de Punta Alta","gna":"Asociación Bomberos Voluntarios","nam":"de Punta Alta","fdc":"IGN/Consejo Nacional de Bomberos Voluntarios","sag":"IGN"},"bbox":[-62.07568311,-38.8788495,-62.07568311,-38.8788495]},{"type":"Feature","id":"estructuras_operativas_y_defensivas_090102.9587","geometry":{"type":"Point","coordinates":[-58.25408586,-34.73028754]},"geometry_name":"geom","properties":{"gid":9587,"entidad":0,"objeto":"Cuartel de bomberos","fna":"Sociedad Bomberos Voluntarios de Quilmes","gna":"Sociedad de Bomberos Voluntarios","nam":"de Quilmes","fdc":"IGN/Consejo Nacional de Bomberos Voluntarios","sag":"IGN"},"bbox":[-58.25408586,-34.73028754,-58.25408586,-34.73028754]},{"type":"Feature","id":"estructuras_operativas_y_defensivas_090102.9588","geometry":{"type":"Point","coordinates":[-60.05627582,-33.50504252]},"geometry_name":"geom","properties":{"gid":9588,"entidad":0,"objeto":"Cuartel de bomberos","fna":"Bomberos Voluntarios de Ramallo","gna":"Bomberos Voluntarios","nam":"de Ramallo","fdc":"IGN/Consejo Nacional de Bomberos Voluntarios","sag":"IGN"},"bbox":[-60.05627582,-33.50504252,-60.05627582,-33.50504252]},{"type":"Feature","id":"estructuras_operativas_y_defensivas_090102.9589","geometry":{"type":"Point","coordinates":[-62.97507209,-35.4911342]},"geometry_name":"geom","properties":{"gid":9589,"entidad":0,"objeto":"Cuartel de bomberos","fna":"Bomberos Voluntarios de Rivadavia","gna":"Bomberos Voluntarios","nam":"de Rivadavia","fdc":"IGN/Consejo Nacional de Bomberos Voluntarios","sag":"IGN"},"bbox":[-62.97507209,-35.4911342,-62.97507209,-35.4911342]},{"type":"Feature","id":"estructuras_operativas_y_defensivas_090102.9590","geometry":{"type":"Point","coordinates":[-61.97158503,-35.14193795]},"geometry_name":"geom","properties":{"gid":9590,"entidad":0,"objeto":"Cuartel de bomberos","fna":"Bomberos Voluntarios de Roberts","gna":"Bomberos Voluntarios","nam":"de Roberts","fdc":"IGN/Consejo Nacional de Bomberos Voluntarios","sag":"IGN"},"bbox":[-61.97158503,-35.14193795,-61.97158503,-35.14193795]},{"type":"Feature","id":"estructuras_operativas_y_defensivas_090102.9591","geometry":{"type":"Point","coordinates":[-59.33162766,-35.39981151]},"geometry_name":"geom","properties":{"gid":9591,"entidad":0,"objeto":"Cuartel de bomberos","fna":"Bomberos Voluntarios de Roque Pérez","gna":"Bomberos Voluntarios","nam":"de Roque Pérez","fdc":"IGN/Consejo Nacional de Bomberos Voluntarios","sag":"IGN"},"bbox":[-59.33162766,-35.39981151,-59.33162766,-35.39981151]},{"type":"Feature","id":"estructuras_operativas_y_defensivas_090102.9592","geometry":{"type":"Point","coordinates":[-62.35481094,-37.76333486]},"geometry_name":"geom","properties":{"gid":9592,"entidad":0,"objeto":"Cuartel de bomberos","fna":"Bomberos Voluntarios de Saavedra","gna":"Bomberos Voluntarios","nam":"de Saavedra","fdc":"IGN/Consejo Nacional de Bomberos Voluntarios","sag":"IGN"},"bbox":[-62.35481094,-37.76333486,-62.35481094,-37.76333486]},{"type":"Feature","id":"estructuras_operativas_y_defensivas_090102.9593","geometry":{"type":"Point","coordinates":[-59.77702133,-35.63555807]},"geometry_name":"geom","properties":{"gid":9593,"entidad":0,"objeto":"Cuartel de bomberos","fna":"Bomberos Voluntarios de Saladillo - Cuartel Comandante Pedro J. Greco","gna":"Bomberos Voluntarios","nam":"de Saladillo - Cuartel Comandante Pedro J. Greco","fdc":"IGN/Consejo Nacional de Bomberos Voluntarios","sag":"IGN"},"bbox":[-59.77702133,-35.63555807,-59.77702133,-35.63555807]},{"type":"Feature","id":"estructuras_operativas_y_defensivas_090102.9594","geometry":{"type":"Point","coordinates":[-62.96124719,-36.74946422]},"geometry_name":"geom","properties":{"gid":9594,"entidad":0,"objeto":"Cuartel de bomberos","fna":"Bomberos Voluntarios de Salliqueló","gna":"Bomberos Voluntarios","nam":"de Salliqueló","fdc":"IGN/Consejo Nacional de Bomberos Voluntarios","sag":"IGN"},"bbox":[-62.96124719,-36.74946422,-62.96124719,-36.74946422]},{"type":"Feature","id":"estructuras_operativas_y_defensivas_090102.9595","geometry":{"type":"Point","coordinates":[-60.25499912,-34.29250137]},"geometry_name":"geom","properties":{"gid":9595,"entidad":0,"objeto":"Cuartel de bomberos","fna":"Cuerpo de Bomberos Voluntarios de Salto","gna":"Cuerpo de Bomberos Voluntarios","nam":"de Salto","fdc":"IGN/Consejo Nacional de Bomberos Voluntarios","sag":"IGN"},"bbox":[-60.25499912,-34.29250137,-60.25499912,-34.29250137]},{"type":"Feature","id":"estructuras_operativas_y_defensivas_090102.9596","geometry":{"type":"Point","coordinates":[-59.44627632,-34.43813769]},"geometry_name":"geom","properties":{"gid":9596,"entidad":0,"objeto":"Cuartel de bomberos","fna":"Bomberos Voluntarios de San Andrés de Giles","gna":"Bomberos Voluntarios","nam":"de San Andrés de Giles","fdc":"IGN/Consejo Nacional de Bomberos Voluntarios","sag":"IGN"},"bbox":[-59.44627632,-34.43813769,-59.44627632,-34.43813769]},{"type":"Feature","id":"estructuras_operativas_y_defensivas_090102.9597","geometry":{"type":"Point","coordinates":[-59.47450247,-34.24991911]},"geometry_name":"geom","properties":{"gid":9597,"entidad":0,"objeto":"Cuartel de bomberos","fna":"Bomberos Voluntarios de San Antonio de Areco","gna":"Bomberos Voluntarios","nam":"de San Antonio de Areco","fdc":"IGN/Consejo Nacional de Bomberos Voluntarios","sag":"IGN"},"bbox":[-59.47450247,-34.24991911,-59.47450247,-34.24991911]},{"type":"Feature","id":"estructuras_operativas_y_defensivas_090102.9598","geometry":{"type":"Point","coordinates":[-56.72672498,-36.35776407]},"geometry_name":"geom","properties":{"gid":9598,"entidad":0,"objeto":"Cuartel de bomberos","fna":"Bomberos Voluntarios de San Clemente del Tuyú","gna":"Bomberos Voluntarios","nam":"de San Clemente del Tuyú","fdc":"IGN/Consejo Nacional de Bomberos Voluntarios","sag":"IGN"},"bbox":[-56.72672498,-36.35776407,-56.72672498,-36.35776407]},{"type":"Feature","id":"estructuras_operativas_y_defensivas_090102.9599","geometry":{"type":"Point","coordinates":[-58.57527858,-34.45527042]},"geometry_name":"geom","properties":{"gid":9599,"entidad":0,"objeto":"Cuartel de bomberos","fna":"Bomberos Voluntarios de San Fernando - Cuartel Central","gna":"Bomberos Voluntarios","nam":"de San Fernand  Cuartel Central","fdc":"IGN/Consejo Nacional de Bomberos Voluntarios","sag":"IGN"},"bbox":[-58.57527858,-34.45527042,-58.57527858,-34.45527042]},{"type":"Feature","id":"estructuras_operativas_y_defensivas_090102.9600","geometry":{"type":"Point","coordinates":[-58.56471024,-34.43458927]},"geometry_name":"geom","properties":{"gid":9600,"entidad":0,"objeto":"Cuartel de bomberos","fna":"Cuartel de Bomberos Voluntarios de 30 de Abril","gna":"Cuartel de Bomberos Voluntarios","nam":"de 30 de Abril","fdc":"IGN/Consejo Nacional de Bomberos Voluntarios","sag":"IGN"},"bbox":[-58.56471024,-34.43458927,-58.56471024,-34.43458927]},{"type":"Feature","id":"estructuras_operativas_y_defensivas_090102.9601","geometry":{"type":"Point","coordinates":[-60.01233734,-38.6925748]},"geometry_name":"geom","properties":{"gid":9601,"entidad":0,"objeto":"Cuartel de bomberos","fna":"Bomberos Voluntarios de San Francisco de Bellocq","gna":"Bomberos Voluntarios","nam":"de San Francisco de Bellocq","fdc":"IGN/Consejo Nacional de Bomberos Voluntarios","sag":"IGN"},"bbox":[-60.01233734,-38.6925748,-60.01233734,-38.6925748]},{"type":"Feature","id":"estructuras_operativas_y_defensivas_090102.9602","geometry":{"type":"Point","coordinates":[-58.30798556,-34.77847302]},"geometry_name":"geom","properties":{"gid":9602,"entidad":0,"objeto":"Cuartel de bomberos","fna":"Bomberos Voluntarios de San Francisco Solano","gna":"Bomberos Voluntarios","nam":"de San Francisco Solano","fdc":"IGN/Consejo Nacional de Bomberos Voluntarios","sag":"IGN"},"bbox":[-58.30798556,-34.77847302,-58.30798556,-34.77847302]},{"type":"Feature","id":"estructuras_operativas_y_defensivas_090102.9603","geometry":{"type":"Point","coordinates":[-58.50773967,-34.47896574]},"geometry_name":"geom","properties":{"gid":9603,"entidad":0,"objeto":"Cuartel de bomberos","fna":"Bomberos Voluntarios de San Isidro","gna":"Bomberos Voluntarios","nam":"de San Isidro","fdc":"IGN/Consejo Nacional de Bomberos Voluntarios","sag":"IGN"},"bbox":[-58.50773967,-34.47896574,-58.50773967,-34.47896574]},{"type":"Feature","id":"estructuras_operativas_y_defensivas_090102.9604","geometry":{"type":"Point","coordinates":[-58.80554518,-35.43993718]},"geometry_name":"geom","properties":{"gid":9604,"entidad":0,"objeto":"Cuartel de bomberos","fna":"Bomberos Voluntarios de San Miguel del Monte","gna":"Bomberos Voluntarios","nam":"de San Miguel del Monte","fdc":"IGN/Consejo Nacional de Bomberos Voluntarios","sag":"IGN"},"bbox":[-58.80554518,-35.43993718,-58.80554518,-35.43993718]},{"type":"Feature","id":"estructuras_operativas_y_defensivas_090102.9605","geometry":{"type":"Point","coordinates":[-59.67233945,-33.68339569]},"geometry_name":"geom","properties":{"gid":9605,"entidad":0,"objeto":"Cuartel de bomberos","fna":"Bomberos Voluntarios de San Pedro","gna":"Bomberos Voluntarios","nam":"de San Pedro","fdc":"IGN/Consejo Nacional de Bomberos Voluntarios","sag":"IGN"},"bbox":[-59.67233945,-33.68339569,-59.67233945,-33.68339569]},{"type":"Feature","id":"estructuras_operativas_y_defensivas_090102.9606","geometry":{"type":"Point","coordinates":[-58.38157788,-34.98825012]},"geometry_name":"geom","properties":{"gid":9606,"entidad":0,"objeto":"Cuartel de bomberos","fna":"Asociación Bomberos Voluntarios de San Vicente - Destacamento 1 Alejandro Korn","gna":"Asociación Bomberos Voluntarios","nam":"de San Vicente - Destacamento 1 Alejandro Korn","fdc":"IGN/Consejo Nacional de Bomberos Voluntarios","sag":"IGN"},"bbox":[-58.38157788,-34.98825012,-58.38157788,-34.98825012]},{"type":"Feature","id":"estructuras_operativas_y_defensivas_090102.9607","geometry":{"type":"Point","coordinates":[-57.50777329,-37.83358925]},"geometry_name":"geom","properties":{"gid":9607,"entidad":0,"objeto":"Cuartel de bomberos","fna":"Bomberos Voluntarios de Santa Clara del Mar","gna":"Bomberos Voluntarios","nam":"de Santa Clara del Mar","fdc":"IGN/Consejo Nacional de Bomberos Voluntarios","sag":"IGN"},"bbox":[-57.50777329,-37.83358925,-57.50777329,-37.83358925]},{"type":"Feature","id":"estructuras_operativas_y_defensivas_090102.9608","geometry":{"type":"Point","coordinates":[-59.87515482,-33.87764777]},"geometry_name":"geom","properties":{"gid":9608,"entidad":0,"objeto":"Cuartel de bomberos","fna":"Bomberos Voluntarios de Santa Lucía","gna":"Bomberos Voluntarios","nam":"de Santa Lucía","fdc":"IGN/Consejo Nacional de Bomberos Voluntarios","sag":"IGN"},"bbox":[-59.87515482,-33.87764777,-59.87515482,-33.87764777]},{"type":"Feature","id":"estructuras_operativas_y_defensivas_090102.9609","geometry":{"type":"Point","coordinates":[-56.69978455,-36.53221578]},"geometry_name":"geom","properties":{"gid":9609,"entidad":0,"objeto":"Cuartel de bomberos","fna":"Bomberos Voluntarios de Santa Teresita","gna":"Bomberos Voluntarios","nam":"de Santa Teresita","fdc":"IGN/Consejo Nacional de Bomberos Voluntarios","sag":"IGN"},"bbox":[-56.69978455,-36.53221578,-56.69978455,-36.53221578]},{"type":"Feature","id":"estructuras_operativas_y_defensivas_090102.9610","geometry":{"type":"Point","coordinates":[-58.35030933,-34.68395523]},"geometry_name":"geom","properties":{"gid":9610,"entidad":0,"objeto":"Cuartel de bomberos","fna":"Bomberos Voluntarios de Sarandí","gna":"Bomberos Voluntarios","nam":"de Sarandí","fdc":"IGN/Consejo Nacional de Bomberos Voluntarios","sag":"IGN"},"bbox":[-58.35030933,-34.68395523,-58.35030933,-34.68395523]},{"type":"Feature","id":"estructuras_operativas_y_defensivas_090102.9611","geometry":{"type":"Point","coordinates":[-61.79406487,-38.13681534]},"geometry_name":"geom","properties":{"gid":9611,"entidad":0,"objeto":"Cuartel de bomberos","fna":"Bomberos Voluntarios de Sierra de la Ventana","gna":"Bomberos Voluntarios","nam":"de Sierra de la Ventana","fdc":"IGN/Consejo Nacional de Bomberos Voluntarios","sag":"IGN"},"bbox":[-61.79406487,-38.13681534,-61.79406487,-38.13681534]},{"type":"Feature","id":"estructuras_operativas_y_defensivas_090102.9612","geometry":{"type":"Point","coordinates":[-57.77547549,-37.94072462]},"geometry_name":"geom","properties":{"gid":9612,"entidad":0,"objeto":"Cuartel de bomberos","fna":"Bomberos Voluntarios de Sierra de los Padres","gna":"Bomberos Voluntarios","nam":"de Sierra de los Padres","fdc":"IGN/Consejo Nacional de Bomberos Voluntarios","sag":"IGN"},"bbox":[-57.77547549,-37.94072462,-57.77547549,-37.94072462]},{"type":"Feature","id":"estructuras_operativas_y_defensivas_090102.9613","geometry":{"type":"Point","coordinates":[-62.61856037,-40.18343085]},"geometry_name":"geom","properties":{"gid":9613,"entidad":0,"objeto":"Cuartel de bomberos","fna":"Bomberos Voluntarios de Stroeder","gna":"Bomberos Voluntarios","nam":"de Stroeder","fdc":"IGN/Consejo Nacional de Bomberos Voluntarios","sag":"IGN"},"bbox":[-62.61856037,-40.18343085,-62.61856037,-40.18343085]},{"type":"Feature","id":"estructuras_operativas_y_defensivas_090102.9614","geometry":{"type":"Point","coordinates":[-59.68785706,-34.76812292]},"geometry_name":"geom","properties":{"gid":9614,"entidad":0,"objeto":"Cuartel de bomberos","fna":"Bomberos Voluntarios de Suipacha","gna":"Bomberos Voluntarios","nam":"de Suipacha","fdc":"IGN/Consejo Nacional de Bomberos Voluntarios","sag":"IGN"},"bbox":[-59.68785706,-34.76812292,-59.68785706,-34.76812292]},{"type":"Feature","id":"estructuras_operativas_y_defensivas_090102.9615","geometry":{"type":"Point","coordinates":[-60.02351746,-36.35450778]},"geometry_name":"geom","properties":{"gid":9615,"entidad":0,"objeto":"Cuartel de bomberos","fna":"Bomberos Voluntarios de Tapalqué","gna":"Bomberos Voluntarios","nam":"de Tapalqué","fdc":"IGN/Consejo Nacional de Bomberos Voluntarios","sag":"IGN"},"bbox":[-60.02351746,-36.35450778,-60.02351746,-36.35450778]},{"type":"Feature","id":"estructuras_operativas_y_defensivas_090102.9616","geometry":{"type":"Point","coordinates":[-58.57568945,-34.42589923]},"geometry_name":"geom","properties":{"gid":9616,"entidad":0,"objeto":"Cuartel de bomberos","fna":"Bomberos Voluntarios de Tigre - Cuartel Central","gna":"Bomberos Voluntarios","nam":"de Tigre - Cuartel Central","fdc":"IGN/Consejo Nacional de Bomberos Voluntarios","sag":"IGN"},"bbox":[-58.57568945,-34.42589923,-58.57568945,-34.42589923]},{"type":"Feature","id":"estructuras_operativas_y_defensivas_090102.9617","geometry":{"type":"Point","coordinates":[-62.2200893,-38.10090868]},"geometry_name":"geom","properties":{"gid":9617,"entidad":0,"objeto":"Cuartel de bomberos","fna":"Bomberos Voluntarios de Tornquist","gna":"Bomberos Voluntarios","nam":"de Tornquist","fdc":"IGN/Consejo Nacional de Bomberos Voluntarios","sag":"IGN"},"bbox":[-62.2200893,-38.10090868,-62.2200893,-38.10090868]},{"type":"Feature","id":"estructuras_operativas_y_defensivas_090102.9618","geometry":{"type":"Point","coordinates":[-58.75659233,-34.4711966]},"geometry_name":"geom","properties":{"gid":9618,"entidad":0,"objeto":"Cuartel de bomberos","fna":"Bomberos Voluntarios de Tortuguitas - Cuartel Central","gna":"Bomberos Voluntarios","nam":"de Tortuguitas - Cuartel Central","fdc":"IGN/Consejo Nacional de Bomberos Voluntarios","sag":"IGN"},"bbox":[-58.75659233,-34.4711966,-58.75659233,-34.4711966]},{"type":"Feature","id":"estructuras_operativas_y_defensivas_090102.9619","geometry":{"type":"Point","coordinates":[-62.73629023,-35.97745286]},"geometry_name":"geom","properties":{"gid":9619,"entidad":0,"objeto":"Cuartel de bomberos","fna":"Bomberos Voluntarios de Trenque Lauquen","gna":"Bomberos Voluntarios","nam":"de Trenque Lauquen","fdc":"IGN/Consejo Nacional de Bomberos Voluntarios","sag":"IGN"},"bbox":[-62.73629023,-35.97745286,-62.73629023,-35.97745286]},{"type":"Feature","id":"estructuras_operativas_y_defensivas_090102.9620","geometry":{"type":"Point","coordinates":[-60.27694283,-38.37116388]},"geometry_name":"geom","properties":{"gid":9620,"entidad":0,"objeto":"Cuartel de bomberos","fna":"Bomberos Voluntarios de Tres Arroyos","gna":"Bomberos Voluntarios","nam":"de Tres Arroyos","fdc":"IGN/Consejo Nacional de Bomberos Voluntarios","sag":"IGN"},"bbox":[-60.27694283,-38.37116388,-60.27694283,-38.37116388]},{"type":"Feature","id":"estructuras_operativas_y_defensivas_090102.9621","geometry":{"type":"Point","coordinates":[-58.56614863,-34.89201478]},"geometry_name":"geom","properties":{"gid":9621,"entidad":0,"objeto":"Cuartel de bomberos","fna":"Bomberos Voluntarios de Tristán Suárez","gna":"Bomberos Voluntarios","nam":"de Tristán Suárez","fdc":"IGN/Consejo Nacional de Bomberos Voluntarios","sag":"IGN"},"bbox":[-58.56614863,-34.89201478,-58.56614863,-34.89201478]},{"type":"Feature","id":"estructuras_operativas_y_defensivas_090102.9622","geometry":{"type":"Point","coordinates":[-61.53990057,-34.49782836]},"geometry_name":"geom","properties":{"gid":9622,"entidad":0,"objeto":"Cuartel de bomberos","fna":"Bomberos Voluntarios de Vedia","gna":"Bomberos Voluntarios","nam":"de Vedia","fdc":"IGN/Consejo Nacional de Bomberos Voluntarios","sag":"IGN"},"bbox":[-61.53990057,-34.49782836,-61.53990057,-34.49782836]},{"type":"Feature","id":"estructuras_operativas_y_defensivas_090102.9623","geometry":{"type":"Point","coordinates":[-57.33503803,-35.39054265]},"geometry_name":"geom","properties":{"gid":9623,"entidad":0,"objeto":"Cuartel de bomberos","fna":"Bomberos Voluntarios de Verónica","gna":"Bomberos Voluntarios","nam":"de Verónica","fdc":"IGN/Consejo Nacional de Bomberos Voluntarios","sag":"IGN"},"bbox":[-57.33503803,-35.39054265,-57.33503803,-35.39054265]},{"type":"Feature","id":"estructuras_operativas_y_defensivas_090102.9624","geometry":{"type":"Point","coordinates":[-58.48426229,-34.52219777]},"geometry_name":"geom","properties":{"gid":9624,"entidad":0,"objeto":"Cuartel de bomberos","fna":"Bomberos Voluntarios de Vicente López - Cuartel Central","gna":"Bomberos Voluntarios","nam":"de Vicente López - Cuartel Central","fdc":"IGN/Consejo Nacional de Bomberos Voluntarios","sag":"IGN"},"bbox":[-58.48426229,-34.52219777,-58.48426229,-34.52219777]},{"type":"Feature","id":"estructuras_operativas_y_defensivas_090102.9625","geometry":{"type":"Point","coordinates":[-58.56211169,-34.54189801]},"geometry_name":"geom","properties":{"gid":9625,"entidad":0,"objeto":"Cuartel de bomberos","fna":"Bomberos Voluntarios de Villa Ballester","gna":"Bomberos Voluntarios","nam":"de Villa Ballester","fdc":"IGN/Consejo Nacional de Bomberos Voluntarios","sag":"IGN"},"bbox":[-58.56211169,-34.54189801,-58.56211169,-34.54189801]},{"type":"Feature","id":"estructuras_operativas_y_defensivas_090102.9626","geometry":{"type":"Point","coordinates":[-56.96994521,-37.2527509]},"geometry_name":"geom","properties":{"gid":9626,"entidad":0,"objeto":"Cuartel de bomberos","fna":"Bomberos Voluntarios de Villa Gesell","gna":"Bomberos Voluntarios","nam":"de Villa Gesell","fdc":"IGN/Consejo Nacional de Bomberos Voluntarios","sag":"IGN"},"bbox":[-56.96994521,-37.2527509,-56.96994521,-37.2527509]},{"type":"Feature","id":"estructuras_operativas_y_defensivas_090102.9627","geometry":{"type":"Point","coordinates":[-58.29489293,-34.77043817]},"geometry_name":"geom","properties":{"gid":9627,"entidad":0,"objeto":"Cuartel de bomberos","fna":"Asociación Bomberos Voluntarios de Villa La Florida","gna":"Asociación Bomberos Voluntarios","nam":"de Villa La Florida","fdc":"IGN/Consejo Nacional de Bomberos Voluntarios","sag":"IGN"},"bbox":[-58.29489293,-34.77043817,-58.29489293,-34.77043817]},{"type":"Feature","id":"estructuras_operativas_y_defensivas_090102.9628","geometry":{"type":"Point","coordinates":[-59.65057331,-35.07500345]},"geometry_name":"geom","properties":{"gid":9628,"entidad":0,"objeto":"Cuartel de bomberos","fna":"Bomberos Voluntarios de Villa Moll","gna":"Bomberos Voluntarios","nam":"de Villa Moll","fdc":"IGN/Consejo Nacional de Bomberos Voluntarios","sag":"IGN"},"bbox":[-59.65057331,-35.07500345,-59.65057331,-35.07500345]},{"type":"Feature","id":"estructuras_operativas_y_defensivas_090102.9629","geometry":{"type":"Point","coordinates":[-61.9288711,-38.07982899]},"geometry_name":"geom","properties":{"gid":9629,"entidad":0,"objeto":"Cuartel de bomberos","fna":"Bomberos Voluntarios de Villa Ventana","gna":"Bomberos Voluntarios","nam":"de Villa Ventana","fdc":"IGN/Consejo Nacional de Bomberos Voluntarios","sag":"IGN"},"bbox":[-61.9288711,-38.07982899,-61.9288711,-38.07982899]},{"type":"Feature","id":"estructuras_operativas_y_defensivas_090102.9630","geometry":{"type":"Point","coordinates":[-62.62145979,-39.91484797]},"geometry_name":"geom","properties":{"gid":9630,"entidad":0,"objeto":"Cuartel de bomberos","fna":"Bomberos Voluntarios de Villalonga","gna":"Bomberos Voluntarios","nam":"de Villalonga","fdc":"IGN/Consejo Nacional de Bomberos Voluntarios","sag":"IGN"},"bbox":[-62.62145979,-39.91484797,-62.62145979,-39.91484797]},{"type":"Feature","id":"estructuras_operativas_y_defensivas_090102.9631","geometry":{"type":"Point","coordinates":[-59.02832577,-34.09757914]},"geometry_name":"geom","properties":{"gid":9631,"entidad":0,"objeto":"Cuartel de bomberos","fna":"Bomberos Voluntarios de Zárate","gna":"Bomberos Voluntarios","nam":"de Zárate","fdc":"IGN/Consejo Nacional de Bomberos Voluntarios","sag":"IGN"},"bbox":[-59.02832577,-34.09757914,-59.02832577,-34.09757914]},{"type":"Feature","id":"estructuras_operativas_y_defensivas_090102.9632","geometry":{"type":"Point","coordinates":[-58.43596007,-34.57727441]},"geometry_name":"geom","properties":{"gid":9632,"entidad":0,"objeto":"Cuartel de bomberos","fna":"Destacamento Palermo","gna":"Destacamento","nam":"Palermo","fdc":"Buenos Aires Data","sag":"IGN"},"bbox":[-58.43596007,-34.57727441,-58.43596007,-34.57727441]},{"type":"Feature","id":"estructuras_operativas_y_defensivas_090102.9633","geometry":{"type":"Point","coordinates":[-58.48645812,-34.64551849]},"geometry_name":"geom","properties":{"gid":9633,"entidad":0,"objeto":"Cuartel de bomberos","fna":"Destacamento Vélez Sarfield","gna":"Destacamento","nam":"Vélez Sarfield","fdc":"Buenos Aires Data","sag":"IGN"},"bbox":[-58.48645812,-34.64551849,-58.48645812,-34.64551849]},{"type":"Feature","id":"estructuras_operativas_y_defensivas_090102.9634","geometry":{"type":"Point","coordinates":[-58.43534567,-34.63037648]},"geometry_name":"geom","properties":{"gid":9634,"entidad":0,"objeto":"Cuartel de bomberos","fna":"Grupo Especial de Rescate Caballito","gna":"Grupo Especial de Rescate","nam":"Caballito","fdc":"Buenos Aires Data","sag":"IGN"},"bbox":[-58.43534567,-34.63037648,-58.43534567,-34.63037648]},{"type":"Feature","id":"estructuras_operativas_y_defensivas_090102.9635","geometry":{"type":"Point","coordinates":[-58.47913586,-34.55337507]},"geometry_name":"geom","properties":{"gid":9635,"entidad":0,"objeto":"Cuartel de bomberos","fna":"Grupo Especial de Rescate Saavedra","gna":"Grupo Especial de Rescate","nam":"Saavedra","fdc":"Buenos Aires Data","sag":"IGN"},"bbox":[-58.47913586,-34.55337507,-58.47913586,-34.55337507]},{"type":"Feature","id":"estructuras_operativas_y_defensivas_090102.9636","geometry":{"type":"Point","coordinates":[-58.38815048,-34.61327963]},"geometry_name":"geom","properties":{"gid":9636,"entidad":0,"objeto":"Cuartel de bomberos","fna":"Superintendencia Federal de Bomberos","gna":"Superintendencia Federal","nam":"de Bomberos","fdc":"Buenos Aires Data","sag":"IGN"},"bbox":[-58.38815048,-34.61327963,-58.38815048,-34.61327963]},{"type":"Feature","id":"estructuras_operativas_y_defensivas_090102.9637","geometry":{"type":"Point","coordinates":[-58.40305525,-34.63645726]},"geometry_name":"geom","properties":{"gid":9637,"entidad":0,"objeto":"Cuartel de bomberos","fna":"Estación II Patricios","gna":"Estación","nam":"II Patricios","fdc":"Buenos Aires Data","sag":"IGN"},"bbox":[-58.40305525,-34.63645726,-58.40305525,-34.63645726]},{"type":"Feature","id":"estructuras_operativas_y_defensivas_090102.9638","geometry":{"type":"Point","coordinates":[-58.4163988,-34.65845095]},"geometry_name":"geom","properties":{"gid":9638,"entidad":0,"objeto":"Cuartel de bomberos","fna":"Destacamento Nueva Pompeya","gna":"Destacamento","nam":"Nueva Pompeya","fdc":"Buenos Aires Data","sag":"IGN"},"bbox":[-58.4163988,-34.65845095,-58.4163988,-34.65845095]},{"type":"Feature","id":"estructuras_operativas_y_defensivas_090102.9639","geometry":{"type":"Point","coordinates":[-58.36731664,-34.63722463]},"geometry_name":"geom","properties":{"gid":9639,"entidad":0,"objeto":"Cuartel de bomberos","fna":"Estación III Barracas","gna":"Estación","nam":"III Barracas","fdc":"Buenos Aires Data","sag":"IGN"},"bbox":[-58.36731664,-34.63722463,-58.36731664,-34.63722463]},{"type":"Feature","id":"estructuras_operativas_y_defensivas_090102.9640","geometry":{"type":"Point","coordinates":[-58.40253263,-34.59000669]},"geometry_name":"geom","properties":{"gid":9640,"entidad":0,"objeto":"Cuartel de bomberos","fna":"Estación IV Recoleta","gna":"Estación","nam":"IV Recoleta","fdc":"Buenos Aires Data","sag":"IGN"},"bbox":[-58.40253263,-34.59000669,-58.40253263,-34.59000669]},{"type":"Feature","id":"estructuras_operativas_y_defensivas_090102.9641","geometry":{"type":"Point","coordinates":[-58.4570516,-34.560052]},"geometry_name":"geom","properties":{"gid":9641,"entidad":0,"objeto":"Cuartel de bomberos","fna":"Estación V Belgrano","gna":"Estación","nam":"V Belgrano","fdc":"Buenos Aires Data","sag":"IGN"},"bbox":[-58.4570516,-34.560052,-58.4570516,-34.560052]},{"type":"Feature","id":"estructuras_operativas_y_defensivas_090102.9642","geometry":{"type":"Point","coordinates":[-58.48977451,-34.57896323]},"geometry_name":"geom","properties":{"gid":9642,"entidad":0,"objeto":"Cuartel de bomberos","fna":"Destacamento Urquiza","gna":"Destacamento","nam":"Urquiza","fdc":"Buenos Aires Data","sag":"IGN"},"bbox":[-58.48977451,-34.57896323,-58.48977451,-34.57896323]},{"type":"Feature","id":"estructuras_operativas_y_defensivas_090102.9643","geometry":{"type":"Point","coordinates":[-58.4405322,-34.59862035]},"geometry_name":"geom","properties":{"gid":9643,"entidad":0,"objeto":"Cuartel de bomberos","fna":"Estación VI Villa Crespo","gna":"Estación","nam":"VI Villa Crespo","fdc":"Buenos Aires Data","sag":"IGN"},"bbox":[-58.4405322,-34.59862035,-58.4405322,-34.59862035]},{"type":"Feature","id":"estructuras_operativas_y_defensivas_090102.9644","geometry":{"type":"Point","coordinates":[-58.46012957,-34.62920512]},"geometry_name":"geom","properties":{"gid":9644,"entidad":0,"objeto":"Cuartel de bomberos","fna":"Estación VII Flores","gna":"Estación","nam":"VII Flores","fdc":"Buenos Aires Data","sag":"IGN"},"bbox":[-58.46012957,-34.62920512,-58.46012957,-34.62920512]},{"type":"Feature","id":"estructuras_operativas_y_defensivas_090102.9645","geometry":{"type":"Point","coordinates":[-58.49565168,-34.66597203]},"geometry_name":"geom","properties":{"gid":9645,"entidad":0,"objeto":"Cuartel de bomberos","fna":"Estación VIII Nueva Chicago","gna":"Estación","nam":"VIII Nueva Chicago","fdc":"IGN/IDE CABA","sag":"IGN"},"bbox":[-58.49565168,-34.66597203,-58.49565168,-34.66597203]},{"type":"Feature","id":"estructuras_operativas_y_defensivas_090102.9646","geometry":{"type":"Point","coordinates":[-58.52406607,-34.62936324]},"geometry_name":"geom","properties":{"gid":9646,"entidad":0,"objeto":"Cuartel de bomberos","fna":"Estación IX Versailles","gna":"Estación","nam":"IX Versailles","fdc":"Buenos Aires Data","sag":"IGN"},"bbox":[-58.52406607,-34.62936324,-58.52406607,-34.62936324]},{"type":"Feature","id":"estructuras_operativas_y_defensivas_090102.9647","geometry":{"type":"Point","coordinates":[-58.51548973,-34.59828112]},"geometry_name":"geom","properties":{"gid":9647,"entidad":0,"objeto":"Cuartel de bomberos","fna":"Destacamento Villa Devoto","gna":"Destacamento","nam":"Villa Devoto","fdc":"IGN/IDE CABA","sag":"IGN"},"bbox":[-58.51548973,-34.59828112,-58.51548973,-34.59828112]},{"type":"Feature","id":"estructuras_operativas_y_defensivas_090102.9648","geometry":{"type":"Point","coordinates":[-58.35680284,-34.63804149]},"geometry_name":"geom","properties":{"gid":9648,"entidad":0,"objeto":"Cuartel de bomberos","fna":"Destacamento La Boca","gna":"Destacamento","nam":"La Boca","fdc":"Buenos Aires Data","sag":"IGN"},"bbox":[-58.35680284,-34.63804149,-58.35680284,-34.63804149]},{"type":"Feature","id":"estructuras_operativas_y_defensivas_090102.9649","geometry":{"type":"Point","coordinates":[-58.46973088,-34.68343233]},"geometry_name":"geom","properties":{"gid":9649,"entidad":0,"objeto":"Cuartel de bomberos","fna":"Estación X Lugano","gna":"Estación","nam":"X Lugano","fdc":"Buenos Aires Data","sag":"IGN"},"bbox":[-58.46973088,-34.68343233,-58.46973088,-34.68343233]},{"type":"Feature","id":"estructuras_operativas_y_defensivas_090102.9650","geometry":{"type":"Point","coordinates":[-58.40800826,-34.60798482]},"geometry_name":"geom","properties":{"gid":9650,"entidad":0,"objeto":"Cuartel de bomberos","fna":"Destacamento Once","gna":"Destacamento","nam":"Once","fdc":"Buenos Aires Data","sag":"IGN"},"bbox":[-58.40800826,-34.60798482,-58.40800826,-34.60798482]},{"type":"Feature","id":"estructuras_operativas_y_defensivas_090102.9651","geometry":{"type":"Point","coordinates":[-58.48679783,-34.67245878]},"geometry_name":"geom","properties":{"gid":9651,"entidad":0,"objeto":"Cuartel de bomberos","fna":"Estación XI Albariño","gna":"Estación","nam":"Cuartel XI Albariño","fdc":"IGN/IDE CABA","sag":"IGN"},"bbox":[-58.48679783,-34.67245878,-58.48679783,-34.67245878]},{"type":"Feature","id":"estructuras_operativas_y_defensivas_090102.9652","geometry":{"type":"Point","coordinates":[-58.3698705,-34.62228456]},"geometry_name":"geom","properties":{"gid":9652,"entidad":0,"objeto":"Cuartel de bomberos","fna":"Bomberos Voluntarios de San Telmo - Puerto Madero","gna":"Bomberos Voluntarios","nam":"de San Telmo - Puerto Madero","fdc":"IGN/IDE CABA","sag":"IGN"},"bbox":[-58.3698705,-34.62228456,-58.3698705,-34.62228456]},{"type":"Feature","id":"estructuras_operativas_y_defensivas_090102.9653","geometry":{"type":"Point","coordinates":[-58.36052297,-34.64426195]},"geometry_name":"geom","properties":{"gid":9653,"entidad":0,"objeto":"Cuartel de bomberos","fna":"Bomberos Voluntarios Vuelta de Rocha","gna":"Bomberos Voluntarios","nam":"Vuelta de Rocha","fdc":"Buenos Aires Data","sag":"IGN"},"bbox":[-58.36052297,-34.64426195,-58.36052297,-34.64426195]},{"type":"Feature","id":"estructuras_operativas_y_defensivas_090102.9654","geometry":{"type":"Point","coordinates":[-58.36179604,-34.63526709]},"geometry_name":"geom","properties":{"gid":9654,"entidad":0,"objeto":"Cuartel de bomberos","fna":"Bomberos Voluntarios de La Boca","gna":"Bomberos Voluntarios","nam":"de La Boca","fdc":"Buenos Aires Data","sag":"IGN"},"bbox":[-58.36179604,-34.63526709,-58.36179604,-34.63526709]},{"type":"Feature","id":"estructuras_operativas_y_defensivas_090102.9655","geometry":{"type":"Point","coordinates":[-58.44107272,-34.66501623]},"geometry_name":"geom","properties":{"gid":9655,"entidad":0,"objeto":"Cuartel de bomberos","fna":"Bomberos Voluntarios Villa Soldati","gna":"Bomberos Voluntarios","nam":"Villa Soldati","fdc":"IGN/IDE CABA","sag":"IGN"},"bbox":[-58.44107272,-34.66501623,-58.44107272,-34.66501623]},{"type":"Feature","id":"estructuras_operativas_y_defensivas_090102.9656","geometry":{"type":"Point","coordinates":[-58.50521672,-34.63997433]},"geometry_name":"geom","properties":{"gid":9656,"entidad":0,"objeto":"Cuartel de bomberos","fna":"Destacamento Liniers","gna":"Destacamento","nam":"Liniers","fdc":"Buenos Aires Data","sag":"IGN"},"bbox":[-58.50521672,-34.63997433,-58.50521672,-34.63997433]},{"type":"Feature","id":"estructuras_operativas_y_defensivas_090102.9657","geometry":{"type":"Point","coordinates":[-58.45270825,-34.59220637]},"geometry_name":"geom","properties":{"gid":9657,"entidad":0,"objeto":"Cuartel de bomberos","fna":"Destacamento Chacarita","gna":"Destacamento","nam":"Chacarita","fdc":"Buenos Aires Data","sag":"IGN"},"bbox":[-58.45270825,-34.59220637,-58.45270825,-34.59220637]},{"type":"Feature","id":"estructuras_operativas_y_defensivas_090102.9658","geometry":{"type":"Point","coordinates":[-65.20156452,-26.8160609]},"geometry_name":"geom","properties":{"gid":9658,"entidad":0,"objeto":"Cuartel de bomberos","fna":"Dirección General de Bomberos de la Policía de Tucumán","gna":"Dirección General de Bomberos de la Policía","nam":"de Tucumán","fdc":"IGN","sag":"IGN"},"bbox":[-65.20156452,-26.8160609,-65.20156452,-26.8160609]},{"type":"Feature","id":"estructuras_operativas_y_defensivas_090102.9659","geometry":{"type":"Point","coordinates":[-65.69729296,-26.85065039]},"geometry_name":"geom","properties":{"gid":9659,"entidad":0,"objeto":"Cuartel de bomberos","fna":"Bomberos Voluntarios Tafí del Valle - Cuartel Suboficial Zenón Leonardo Lazarte","gna":"Bomberos Voluntarios","nam":"Tafí del Valle - Cuartel Suboficial Zenón Leonardo Lazarte","fdc":"IGN/Consejo Nacional de Bomberos Voluntarios","sag":"IGN"},"bbox":[-65.69729296,-26.85065039,-65.69729296,-26.85065039]},{"type":"Feature","id":"estructuras_operativas_y_defensivas_090102.9660","geometry":{"type":"Point","coordinates":[-65.26470321,-24.44232058]},"geometry_name":"geom","properties":{"gid":9660,"entidad":0,"objeto":"Cuartel de bomberos","fna":"Cuartel IX Bomberos Lacustre","gna":"Cuartel","nam":"IX Bomberos Lacustre","fdc":"IGN","sag":"IGN"},"bbox":[-65.26470321,-24.44232058,-65.26470321,-24.44232058]},{"type":"Feature","id":"estructuras_operativas_y_defensivas_090102.9661","geometry":{"type":"Point","coordinates":[-68.31451554,-54.8049563]},"geometry_name":"geom","properties":{"gid":9661,"entidad":0,"objeto":"Cuartel de bomberos","fna":"Bomberos Voluntarios Ushuaia","gna":"Bomberos Voluntarios","nam":"Ushuaia","fdc":"IGN/Consejo Nacional de Bomberos Voluntarios","sag":"IGN"},"bbox":[-68.31451554,-54.8049563,-68.31451554,-54.8049563]},{"type":"Feature","id":"estructuras_operativas_y_defensivas_090102.9662","geometry":{"type":"Point","coordinates":[-65.4874086,-43.29018206]},"geometry_name":"geom","properties":{"gid":9662,"entidad":0,"objeto":"Cuartel de bomberos","fna":"Asociación Bomberos Voluntarios de Gaiman","gna":"Asociación Bomberos Voluntarios","nam":"de Gaiman","fdc":"IGN/Consejo Nacional de Bomberos Voluntarios","sag":"IGN"},"bbox":[-65.4874086,-43.29018206,-65.4874086,-43.29018206]},{"type":"Feature","id":"estructuras_operativas_y_defensivas_090102.9663","geometry":{"type":"Point","coordinates":[-60.73550076,-34.2006347]},"geometry_name":"geom","properties":{"gid":9663,"entidad":0,"objeto":"Cuartel de bomberos","fna":"Bomberos Voluntarios de Rojas","gna":"Bomberos Voluntarios","nam":"de Rojas","fdc":"IGN/Consejo Nacional de Bomberos Voluntarios","sag":"IGN"},"bbox":[-60.73550076,-34.2006347,-60.73550076,-34.2006347]},{"type":"Feature","id":"estructuras_operativas_y_defensivas_090102.9665","geometry":{"type":"Point","coordinates":[-58.3505583,-34.62773893]},"geometry_name":"geom","properties":{"gid":9665,"entidad":0,"objeto":"Cuartel de bomberos","fna":"Superintendencia Federal de Bomberos - Cuartel Isla Demarchi","gna":"Superintendencia Federal de Bomberos","nam":"Cuartel Isla Demarchi","fdc":"IGN","sag":"IGN"},"bbox":[-58.3505583,-34.62773893,-58.3505583,-34.62773893]},{"type":"Feature","id":"estructuras_operativas_y_defensivas_090102.9666","geometry":{"type":"Point","coordinates":[-60.72540441,-32.93936985]},"geometry_name":"geom","properties":{"gid":9666,"entidad":0,"objeto":"Cuartel de bomberos","fna":"Agrupación Bomberos Zapadores","gna":"Agrupación Bomberos","nam":"Zapadores","fdc":"IGN/IDE Santa Fe","sag":"IGN"},"bbox":[-60.72540441,-32.93936985,-60.72540441,-32.93936985]},{"type":"Feature","id":"estructuras_operativas_y_defensivas_090102.9667","geometry":{"type":"Point","coordinates":[-60.72909736,-31.58232908]},"geometry_name":"geom","properties":{"gid":9667,"entidad":0,"objeto":"Cuartel de bomberos","fna":"Bomberos Zapadores de Santa Fe U.R. I","gna":"Bomberos Zapadores","nam":"de Santa Fe U.R. I","fdc":"IGN/IDE Santa Fe","sag":"IGN"},"bbox":[-60.72909736,-31.58232908,-60.72909736,-31.58232908]},{"type":"Feature","id":"estructuras_operativas_y_defensivas_090102.9668","geometry":{"type":"Point","coordinates":[-61.50867906,-31.24758594]},"geometry_name":"geom","properties":{"gid":9668,"entidad":0,"objeto":"Cuartel de bomberos","fna":"Asociación Bomberos Voluntarios de Rafaela","gna":"Asociación Bomberos Voluntarios","nam":"de Rafaela","fdc":"IGN/IDE Santa Fe","sag":"IGN"},"bbox":[-61.50867906,-31.24758594,-61.50867906,-31.24758594]},{"type":"Feature","id":"estructuras_operativas_y_defensivas_090102.10731","geometry":{"type":"Point","coordinates":[-68.51283139,-31.42038109]},"geometry_name":"geom","properties":{"gid":10731,"entidad":0,"objeto":"Cuartel de bomberos","fna":"Bomberos Voluntarios de Albardón","gna":"Bomberos Voluntarios","nam":"de Albardón","fdc":"IGN/Consejo Nacional de Bomberos Voluntarios","sag":"IGN"},"bbox":[-68.51283139,-31.42038109,-68.51283139,-31.42038109]},{"type":"Feature","id":"estructuras_operativas_y_defensivas_090102.10732","geometry":{"type":"Point","coordinates":[-69.47164178,-31.64346017]},"geometry_name":"geom","properties":{"gid":10732,"entidad":0,"objeto":"Cuartel de bomberos","fna":"Bomberos Voluntarios de Barreal","gna":"Bomberos Voluntarios","nam":"de Barreal","fdc":"IGN01","sag":"IGN"},"bbox":[-69.47164178,-31.64346017,-69.47164178,-31.64346017]},{"type":"Feature","id":"estructuras_operativas_y_defensivas_090102.10733","geometry":{"type":"Point","coordinates":[-68.46750338,-31.5343626]},"geometry_name":"geom","properties":{"gid":10733,"entidad":0,"objeto":"Cuartel de bomberos","fna":"Bomberos Voluntarios de Santa Lucía","gna":"Bomberos Voluntarios","nam":"de Santa Lucía","fdc":"IGN01","sag":"IGN"},"bbox":[-68.46750338,-31.5343626,-68.46750338,-31.5343626]},{"type":"Feature","id":"estructuras_operativas_y_defensivas_090102.10813","geometry":{"type":"Point","coordinates":[-68.74095095,-30.24623754]},"geometry_name":"geom","properties":{"gid":10813,"entidad":0,"objeto":"Cuartel de bomberos","fna":"Bomberos Voluntarios de San José de Jachal","gna":"Bomberos Voluntarios","nam":"de San José de Jachal","fdc":"Street View","sag":"IGN"},"bbox":[-68.74095095,-30.24623754,-68.74095095,-30.24623754]},{"type":"Feature","id":"estructuras_operativas_y_defensivas_090102.10824","geometry":{"type":"Point","coordinates":[-68.27487612,-31.65530803]},"geometry_name":"geom","properties":{"gid":10824,"entidad":0,"objeto":"Cuartel de bomberos","fna":"Bomberos Voluntarios de Caucete","gna":"Bomberos Voluntarios","nam":"de Caucete","fdc":"Street View/Consejo Nacional de Bomberos Voluntarios","sag":"IGN"},"bbox":[-68.27487612,-31.65530803,-68.27487612,-31.65530803]},{"type":"Feature","id":"estructuras_operativas_y_defensivas_090102.10825","geometry":{"type":"Point","coordinates":[-68.55841067,-31.51078262]},"geometry_name":"geom","properties":{"gid":10825,"entidad":0,"objeto":"Cuartel de bomberos","fna":"Bomberos Voluntarios Cuartel Juan Edulio Cuello","gna":"Bomberos Voluntarios","nam":"Cuartel Juan Edulio Cuello","fdc":"Street View/Consejo Nacional de Bomberos Voluntarios","sag":"IGN"},"bbox":[-68.55841067,-31.51078262,-68.55841067,-31.51078262]},{"type":"Feature","id":"estructuras_operativas_y_defensivas_090102.10826","geometry":{"type":"Point","coordinates":[-68.5271875,-31.52291542]},"geometry_name":"geom","properties":{"gid":10826,"entidad":0,"objeto":"Cuartel de bomberos","fna":"Bomberos Voluntarios Departamento Capital","gna":"Bomberos Voluntarios","nam":"Departamento Capital","fdc":"Street View/Consejo Nacional de Bomberos Voluntarios","sag":"IGN"},"bbox":[-68.5271875,-31.52291542,-68.5271875,-31.52291542]},{"type":"Feature","id":"estructuras_operativas_y_defensivas_090102.10827","geometry":{"type":"Point","coordinates":[-68.52847256,-31.57358783]},"geometry_name":"geom","properties":{"gid":10827,"entidad":0,"objeto":"Cuartel de bomberos","fna":"Destacamento Nº 1 de Bomberos","gna":"Destacamento","nam":"Destacamento","fdc":"Street View","sag":"IGN"},"bbox":[-68.52847256,-31.57358783,-68.52847256,-31.57358783]},{"type":"Feature","id":"estructuras_operativas_y_defensivas_090102.10852","geometry":{"type":"Point","coordinates":[-67.46910216,-30.63477363]},"geometry_name":"geom","properties":{"gid":10852,"entidad":0,"objeto":"Cuartel de bomberos","fna":"Bomberos Voluntarios de Valle Fertil","gna":"Bomberos Voluntarios","nam":"de Valle Fértil","fdc":"Street View/Consejo Nacional de Bomberos Voluntarios","sag":"IGN"},"bbox":[-67.46910216,-30.63477363,-67.46910216,-30.63477363]},{"type":"Feature","id":"estructuras_operativas_y_defensivas_090102.10853","geometry":{"type":"Point","coordinates":[-68.57100012,-31.65142431]},"geometry_name":"geom","properties":{"gid":10853,"entidad":0,"objeto":"Cuartel de bomberos","fna":"Bomberos Voluntarios de Pocito","gna":"Bomberos Voluntarios","nam":"de Pocito","fdc":"IGN","sag":"IGN"},"bbox":[-68.57100012,-31.65142431,-68.57100012,-31.65142431]},{"type":"Feature","id":"estructuras_operativas_y_defensivas_090102.10854","geometry":{"type":"Point","coordinates":[-68.41558201,-31.49021483]},"geometry_name":"geom","properties":{"gid":10854,"entidad":0,"objeto":"Cuartel de bomberos","fna":"Destacamento de Bomberos de San Martín","gna":"Destacamento de Bomberos","nam":"de San Martín","fdc":"Street View","sag":"IGN"},"bbox":[-68.41558201,-31.49021483,-68.41558201,-31.49021483]},{"type":"Feature","id":"estructuras_operativas_y_defensivas_090102.10855","geometry":{"type":"Point","coordinates":[-68.73303821,-31.54490253]},"geometry_name":"geom","properties":{"gid":10855,"entidad":0,"objeto":"Cuartel de bomberos","fna":"Bomberos Voluntarios de Zonda","gna":"Bomberos Voluntarios","nam":"de Zonda","fdc":"IGN","sag":"IGN"},"bbox":[-68.73303821,-31.54490253,-68.73303821,-31.54490253]},{"type":"Feature","id":"estructuras_operativas_y_defensivas_090102.10859","geometry":{"type":"Point","coordinates":[-68.53600968,-29.5334636]},"geometry_name":"geom","properties":{"gid":10859,"entidad":0,"objeto":"Cuartel de bomberos","fna":"Bomberos Voluntarios de Guandacol","gna":"Bomberos Voluntarios","nam":"de Guandacol","fdc":"Street View/Consejo Nacional de Bomberos Voluntarios","sag":"IGN"},"bbox":[-68.53600968,-29.5334636,-68.53600968,-29.5334636]},{"type":"Feature","id":"estructuras_operativas_y_defensivas_090102.10869","geometry":{"type":"Point","coordinates":[-66.58747501,-31.34098082]},"geometry_name":"geom","properties":{"gid":10869,"entidad":0,"objeto":"Cuartel de bomberos","fna":"Bomberos Voluntarios de Chepes","gna":"Bomberos Voluntarios","nam":"de Chepes","fdc":"Street View","sag":"IGN"},"bbox":[-66.58747501,-31.34098082,-66.58747501,-31.34098082]},{"type":"Feature","id":"estructuras_operativas_y_defensivas_090102.10965","geometry":{"type":"Point","coordinates":[-70.2751655,-37.37763334]},"geometry_name":"geom","properties":{"gid":10965,"entidad":0,"objeto":"Cuartel de bomberos","fna":"Bomberos Voluntarios de Chos Malal","gna":"Bomberos Voluntarios","nam":"de Chos Malal","fdc":"IGN04/Consejo Nacional de Bomberos","sag":"IGN"},"bbox":[-70.2751655,-37.37763334,-70.2751655,-37.37763334]},{"type":"Feature","id":"estructuras_operativas_y_defensivas_090102.10974","geometry":{"type":"Point","coordinates":[-69.29340543,-39.51562729]},"geometry_name":"geom","properties":{"gid":10974,"entidad":0,"objeto":"Cuartel de bomberos","fna":"Bomberos Voluntarios de Picún Leufú","gna":"Bomberos Voluntarios","nam":"de Picún Leufú","fdc":"IGN01/IGN04/Bomberos Voluntarios de la República de Argentina","sag":"IGN"},"bbox":[-69.29340543,-39.51562729,-69.29340543,-39.51562729]},{"type":"Feature","id":"estructuras_operativas_y_defensivas_090102.11039","geometry":{"type":"Point","coordinates":[-67.8250027,-38.98099815]},"geometry_name":"geom","properties":{"gid":11039,"entidad":0,"objeto":"Cuartel de bomberos","fna":"Asociación Bomberos Voluntarios de Allen","gna":"Asociación Bomberos Voluntarios","nam":"de Allen","fdc":"IGN/Consejo Nacional de Bomberos Voluntarios","sag":"IGN"},"bbox":[-67.8250027,-38.98099815,-67.8250027,-38.98099815]},{"type":"Feature","id":"estructuras_operativas_y_defensivas_090102.11040","geometry":{"type":"Point","coordinates":[-67.9877794,-38.93781974]},"geometry_name":"geom","properties":{"gid":11040,"entidad":0,"objeto":"Cuartel de bomberos","fna":"Asociación Bomberos Voluntarios de Cipolletti","gna":"Asociación Bomberos Voluntarios","nam":"de Cipolletti","fdc":"IGN/Consejo Nacional de Bomberos Voluntarios","sag":"IGN"},"bbox":[-67.9877794,-38.93781974,-67.9877794,-38.93781974]},{"type":"Feature","id":"estructuras_operativas_y_defensivas_090102.11041","geometry":{"type":"Point","coordinates":[-67.91887803,-38.95384837]},"geometry_name":"geom","properties":{"gid":11041,"entidad":0,"objeto":"Cuartel de bomberos","fna":"Asociación Bomberos Voluntarios de General Fernández Oro","gna":"Asociación Bomberos Voluntarios","nam":"de General Fernández Oro","fdc":"IGN/Consejo Nacional de Bomberos Voluntarios","sag":"IGN"},"bbox":[-67.91887803,-38.95384837,-67.91887803,-38.95384837]},{"type":"Feature","id":"estructuras_operativas_y_defensivas_090102.11042","geometry":{"type":"Point","coordinates":[-67.58106283,-39.01802459]},"geometry_name":"geom","properties":{"gid":11042,"entidad":0,"objeto":"Cuartel de bomberos","fna":"Asociación Bomberos Voluntarios de General Roca","gna":"Asociación Bomberos Voluntarios","nam":"de General Roca","fdc":"IGN/Consejo Nacional de Bomberos Voluntarios","sag":"IGN"},"bbox":[-67.58106283,-39.01802459,-67.58106283,-39.01802459]},{"type":"Feature","id":"estructuras_operativas_y_defensivas_090102.11043","geometry":{"type":"Point","coordinates":[-70.25065691,-37.51793813]},"geometry_name":"geom","properties":{"gid":11043,"entidad":0,"objeto":"Cuartel de bomberos","fna":"Bomberos Voluntarios de Taquimilán","gna":"Bomberos Voluntarios","nam":"de Taquimilán","fdc":"IGN/Consejo Nacional de Bomberos Voluntarios","sag":"IGN"},"bbox":[-70.25065691,-37.51793813,-70.25065691,-37.51793813]},{"type":"Feature","id":"estructuras_operativas_y_defensivas_090102.11064","geometry":{"type":"Point","coordinates":[-71.1718426,-41.07744014]},"geometry_name":"geom","properties":{"gid":11064,"entidad":0,"objeto":"Cuartel de bomberos","fna":"Bomberos Voluntarios de Dina Huapi","gna":"Bomberos Voluntarios","nam":"de Dina Huapi","fdc":"ESRI-World_Imagery 2010/Open Street View","sag":"IGN"},"bbox":[-71.1718426,-41.07744014,-71.1718426,-41.07744014]},{"type":"Feature","id":"estructuras_operativas_y_defensivas_090102.11072","geometry":{"type":"Point","coordinates":[-71.41528265,-41.15426811]},"geometry_name":"geom","properties":{"gid":11072,"entidad":0,"objeto":"Cuartel de bomberos","fna":"Bomberos Voluntarios de Melipal - Destacamento Villa Los Coihues","gna":"Bomberos Voluntarios","nam":"de Melipal - Destacamento Villa Los Coihues","fdc":"ESRI-World_Imagery 2010/Open Street View","sag":"IGN"},"bbox":[-71.41528265,-41.15426811,-71.41528265,-41.15426811]},{"type":"Feature","id":"estructuras_operativas_y_defensivas_090102.11095","geometry":{"type":"Point","coordinates":[-71.06701381,-39.95087344]},"geometry_name":"geom","properties":{"gid":11095,"entidad":0,"objeto":"Cuartel de bomberos","fna":"Asociación Bomberos Voluntarios de Junín de los Andes","gna":"Asociación Bomberos Voluntarios","nam":"de Junín de los Andes","fdc":"IGN04/Pagina Web Bomberos Voluntarios","sag":"IGN"},"bbox":[-71.06701381,-39.95087344,-71.06701381,-39.95087344]},{"type":"Feature","id":"estructuras_operativas_y_defensivas_090102.11106","geometry":{"type":"Point","coordinates":[-71.64729967,-40.76296081]},"geometry_name":"geom","properties":{"gid":11106,"entidad":0,"objeto":"Cuartel de bomberos","fna":"Bomberos Voluntarios de Villa La Angostura","gna":"Bomberos Voluntarios","nam":"de Villa La Angostura","fdc":"IGN01/IGN04","sag":"IGN"},"bbox":[-71.64729967,-40.76296081,-71.64729967,-40.76296081]},{"type":"Feature","id":"estructuras_operativas_y_defensivas_090102.11111","geometry":{"type":"Point","coordinates":[-71.34575276,-40.15415432]},"geometry_name":"geom","properties":{"gid":11111,"entidad":0,"objeto":"Cuartel de bomberos","fna":"Bomberos Voluntarios de San Martín de los Andes","gna":"Bomberos Voluntarios","nam":"de San Martín de los Andes","fdc":"IGN04/Ministerio de Seguridad de la Nación","sag":"IGN"},"bbox":[-71.34575276,-40.15415432,-71.34575276,-40.15415432]},{"type":"Feature","id":"estructuras_operativas_y_defensivas_090102.11128","geometry":{"type":"Point","coordinates":[-71.25057179,-40.38344141]},"geometry_name":"geom","properties":{"gid":11128,"entidad":0,"objeto":"Cuartel de bomberos","fna":"Bomberos Voluntarios de Villa Lago Meliquina - Central 28","gna":"Bomberos Voluntarios","nam":"de Villa Lago Meliquina - Central 28","fdc":"IGN01/IGN04/Consejo Nacional de Bomberos Voluntarios","sag":"IGN"},"bbox":[-71.25057179,-40.38344141,-71.25057179,-40.38344141]},{"type":"Feature","id":"estructuras_operativas_y_defensivas_090102.11132","geometry":{"type":"Point","coordinates":[-70.36243097,-38.52547136]},"geometry_name":"geom","properties":{"gid":11132,"entidad":0,"objeto":"Cuartel de bomberos","fna":"Cuartel de Bomberos Voluntarios Las Lajas","gna":"Cuartel de Bomberos Voluntarios","nam":"Las Lajas","fdc":"IGN","sag":"IGN"},"bbox":[-70.36243097,-38.52547136,-70.36243097,-38.52547136]},{"type":"Feature","id":"estructuras_operativas_y_defensivas_090102.11136","geometry":{"type":"Point","coordinates":[-69.84156629,-39.3373953]},"geometry_name":"geom","properties":{"gid":11136,"entidad":0,"objeto":"Cuartel de bomberos","fna":"Bomberos Voluntarios Paso Aguerre","gna":"Bomberos Voluntarios","nam":"Paso Aguerre","fdc":"IGN01/IGN04","sag":"IGN"},"bbox":[-69.84156629,-39.3373953,-69.84156629,-39.3373953]},{"type":"Feature","id":"estructuras_operativas_y_defensivas_090102.11140","geometry":{"type":"Point","coordinates":[-70.08197226,-40.05030561]},"geometry_name":"geom","properties":{"gid":11140,"entidad":0,"objeto":"Cuartel de bomberos","fna":"Bomberos Voluntarios de Piedra del Águila","gna":"Bomberos Voluntarios","nam":"de Piedra del Águila","fdc":"IGN04/Bomberos Voluntarios de la República de Argentina","sag":"IGN"},"bbox":[-70.08197226,-40.05030561,-70.08197226,-40.05030561]},{"type":"Feature","id":"estructuras_operativas_y_defensivas_090102.11143","geometry":{"type":"Point","coordinates":[-70.32565295,-37.04574087]},"geometry_name":"geom","properties":{"gid":11143,"entidad":0,"objeto":"Cuartel de bomberos","fna":"Bomberos Voluntarios de Tricao Malal","gna":"Bomberos Voluntarios","nam":"de Tricao Malal","fdc":"IGN01/IGN04/Consejo Nacional de Bomberos/Dirección Pcial. de Estadística y Censos","sag":"IGN"},"bbox":[-70.32565295,-37.04574087,-70.32565295,-37.04574087]},{"type":"Feature","id":"estructuras_operativas_y_defensivas_090102.11147","geometry":{"type":"Point","coordinates":[-70.66559151,-37.1827444]},"geometry_name":"geom","properties":{"gid":11147,"entidad":0,"objeto":"Cuartel de bomberos","fna":"Bomberos Voluntarios de Andacollo - Central de Alarmas Nº 11 Oficial Auxiliar Pablo O. Hernández","gna":"Bomberos Voluntarios","nam":"de Andacollo","fdc":"IGN04/Dirección Pcial. de Estadística y Censos/Consejo Nacional de Bomberos Voluntarios","sag":"IGN"},"bbox":[-70.66559151,-37.1827444,-70.66559151,-37.1827444]},{"type":"Feature","id":"estructuras_operativas_y_defensivas_090102.11148","geometry":{"type":"Point","coordinates":[-70.61847861,-37.16165626]},"geometry_name":"geom","properties":{"gid":11148,"entidad":0,"objeto":"Cuartel de bomberos","fna":"Bomberos Voluntarios de Huinganco - Brigada de Incendios Forestales","gna":"Bomberos Voluntarios","nam":"de Huinganco - Brigada de Incendios Forestales","fdc":"IGN04/Dirección Pcial. de Estadística y Censos/Consejo Nacional de Bomberos Voluntarios","sag":"IGN"},"bbox":[-70.61847861,-37.16165626,-70.61847861,-37.16165626]},{"type":"Feature","id":"estructuras_operativas_y_defensivas_090102.11155","geometry":{"type":"Point","coordinates":[-70.75192213,-36.9874112]},"geometry_name":"geom","properties":{"gid":11155,"entidad":0,"objeto":"Cuartel de bomberos","fna":"Bomberos Central 21 Las Ovejas","gna":"Bomberos","nam":"Central 21 Las Ovejas","fdc":"IGN01/DPEyC Neuquén","sag":"IGN"},"bbox":[-70.75192213,-36.9874112,-70.75192213,-36.9874112]},{"type":"Feature","id":"estructuras_operativas_y_defensivas_090102.11156","geometry":{"type":"Point","coordinates":[-70.76715934,-36.75271039]},"geometry_name":"geom","properties":{"gid":11156,"entidad":0,"objeto":"Cuartel de bomberos","fna":"Sistema Provincial de Manejo del Fuego Zona Norte - Base de Operaciones Brigada Manzano Amargo","gna":"Sistema Provincial de Manejo del Fuego","nam":"Zona Norte-Base de Operaciones Brigada Manzano Amargo","fdc":"IGN01/DPEyC Neuquén","sag":"IGN"},"bbox":[-70.76715934,-36.75271039,-70.76715934,-36.75271039]},{"type":"Feature","id":"estructuras_operativas_y_defensivas_090102.11157","geometry":{"type":"Point","coordinates":[-68.78657514,-38.35088222]},"geometry_name":"geom","properties":{"gid":11157,"entidad":0,"objeto":"Cuartel de bomberos","fna":"Bomberos Voluntarios de Añelo","gna":"Bomberos Voluntarios","nam":"de Añelo","fdc":"IGN04/SNBV","sag":"IGN"},"bbox":[-68.78657514,-38.35088222,-68.78657514,-38.35088222]},{"type":"Feature","id":"estructuras_operativas_y_defensivas_090102.11160","geometry":{"type":"Point","coordinates":[-68.42452161,-39.01410603]},"geometry_name":"geom","properties":{"gid":11160,"entidad":0,"objeto":"Cuartel de bomberos","fna":"Bomberos Voluntarios Senillosa","gna":"Bomberos Voluntarios","nam":"Senillosa","fdc":"IGN01","sag":"IGN"},"bbox":[-68.42452161,-39.01410603,-68.42452161,-39.01410603]},{"type":"Feature","id":"estructuras_operativas_y_defensivas_090102.11166","geometry":{"type":"Point","coordinates":[-68.92412588,-37.39642161]},"geometry_name":"geom","properties":{"gid":11166,"entidad":0,"objeto":"Cuartel de bomberos","fna":"Bomberos Voluntarios de Rincón de los Sauces","gna":"Bomberos Voluntarios","nam":"de Rincón de los Sauces","fdc":"IGN01/IGN04/SNBV","sag":"IGN"},"bbox":[-68.92412588,-37.39642161,-68.92412588,-37.39642161]},{"type":"Feature","id":"estructuras_operativas_y_defensivas_090102.11170","geometry":{"type":"Point","coordinates":[-71.51112034,-41.09313704]},"geometry_name":"geom","properties":{"gid":11170,"entidad":0,"objeto":"Cuartel de bomberos","fna":"Destacamento de Bomberos Ruca Cura Colonia Suiza","gna":"Destacamento de Bomberos","nam":"Ruca Cura Colonia Suiza","fdc":"IGN04/Open Street View","sag":"IGN"},"bbox":[-71.51112034,-41.09313704,-71.51112034,-41.09313704]},{"type":"Feature","id":"estructuras_operativas_y_defensivas_090102.11176","geometry":{"type":"Point","coordinates":[-70.92108808,-39.23903666]},"geometry_name":"geom","properties":{"gid":11176,"entidad":0,"objeto":"Cuartel de bomberos","fna":"Bomberos Voluntarios de Aluminé","gna":"Bomberos Voluntarios","nam":"de Aluminé","fdc":"IGN04/BVRA","sag":"IGN"},"bbox":[-70.92108808,-39.23903666,-70.92108808,-39.23903666]},{"type":"Feature","id":"estructuras_operativas_y_defensivas_090102.11182","geometry":{"type":"Point","coordinates":[-70.0336557,-38.76071623]},"geometry_name":"geom","properties":{"gid":11182,"entidad":0,"objeto":"Cuartel de bomberos","fna":"Bomberos Voluntarios de Mariano Moreno","gna":"Bomberos Voluntarios","nam":"de Mariano Moreno","fdc":"IGN01/IGN04/SNBV","sag":"IGN"},"bbox":[-70.0336557,-38.76071623,-70.0336557,-38.76071623]},{"type":"Feature","id":"estructuras_operativas_y_defensivas_090102.11183","geometry":{"type":"Point","coordinates":[-70.066833,-38.90387754]},"geometry_name":"geom","properties":{"gid":11183,"entidad":0,"objeto":"Cuartel de bomberos","fna":"División de Bomberos de Zapala","gna":"División de Bomberos","nam":"de Zapala","fdc":"IGN04/Sitio Web de la Institución","sag":"IGN"},"bbox":[-70.066833,-38.90387754,-70.066833,-38.90387754]},{"type":"Feature","id":"estructuras_operativas_y_defensivas_090102.11186","geometry":{"type":"Point","coordinates":[-71.29882824,-41.14760637]},"geometry_name":"geom","properties":{"gid":11186,"entidad":0,"objeto":"Cuartel de bomberos","fna":"Bomberos Voluntarios de San Carlos Bariloche - Cuartel Central Héctor Julio Farrarons","gna":"Bomberos Voluntarios","nam":"de San Carlos Bariloche - Cuartel Central Héctor Julio Farrarons","fdc":"IGN04/Open Street View","sag":"IGN"},"bbox":[-71.29882824,-41.14760637,-71.29882824,-41.14760637]},{"type":"Feature","id":"estructuras_operativas_y_defensivas_090102.11187","geometry":{"type":"Point","coordinates":[-71.35451386,-41.13329526]},"geometry_name":"geom","properties":{"gid":11187,"entidad":0,"objeto":"Cuartel de bomberos","fna":"Bomberos Voluntarios de Melipal","gna":"Bomberos Voluntarios","nam":"de Melipal","fdc":"IGN04/Open Street View","sag":"IGN"},"bbox":[-71.35451386,-41.13329526,-71.35451386,-41.13329526]},{"type":"Feature","id":"estructuras_operativas_y_defensivas_090102.11188","geometry":{"type":"Point","coordinates":[-71.26745322,-41.14810122]},"geometry_name":"geom","properties":{"gid":11188,"entidad":0,"objeto":"Cuartel de bomberos","fna":"Bomberos Voluntarios Distrito Nº 2 Oficial I Enrique Linconir","gna":"Bomberos Voluntarios","nam":"Distrito Nº 2 Oficial I Enrique Linconir","fdc":"IGN04/Open Street VIew","sag":"IGN"},"bbox":[-71.26745322,-41.14810122,-71.26745322,-41.14810122]},{"type":"Feature","id":"estructuras_operativas_y_defensivas_090102.11189","geometry":{"type":"Point","coordinates":[-71.33685519,-41.17126481]},"geometry_name":"geom","properties":{"gid":11189,"entidad":0,"objeto":"Cuartel de bomberos","fna":"Bomberos Voluntarios Distrito Nº 1 Oficial I Aldo Luján","gna":"Bomberos Voluntarios","nam":"Distrito Nº 1 Oficial I Aldo Luján","fdc":"IGN04/Open Street View","sag":"IGN"},"bbox":[-71.33685519,-41.17126481,-71.33685519,-41.17126481]},{"type":"Feature","id":"estructuras_operativas_y_defensivas_090102.11190","geometry":{"type":"Point","coordinates":[-71.43985924,-41.16433638]},"geometry_name":"geom","properties":{"gid":11190,"entidad":0,"objeto":"Cuartel de bomberos","fna":"Bomberos Voluntarios de Villa Catedral","gna":"Bomberos Voluntarios","nam":"de Villa Catedral","fdc":"IGN04/Open Street View","sag":"IGN"},"bbox":[-71.43985924,-41.16433638,-71.43985924,-41.16433638]},{"type":"Feature","id":"estructuras_operativas_y_defensivas_090102.11191","geometry":{"type":"Point","coordinates":[-71.44433822,-41.1148142]},"geometry_name":"geom","properties":{"gid":11191,"entidad":0,"objeto":"Cuartel de bomberos","fna":"Bomberos Voluntarios de Ruca Cura","gna":"Bomberos Voluntarios","nam":"de Ruca Cura","fdc":"IGN04/Open Street View","sag":"IGN"},"bbox":[-71.44433822,-41.1148142,-71.44433822,-41.1148142]},{"type":"Feature","id":"estructuras_operativas_y_defensivas_090102.11192","geometry":{"type":"Point","coordinates":[-71.49195114,-41.05910076]},"geometry_name":"geom","properties":{"gid":11192,"entidad":0,"objeto":"Cuartel de bomberos","fna":"Bomberos Voluntarios de Cerro Campanario","gna":"Bomberos Voluntarios","nam":"de Cerro Campanario","fdc":"IGN04/Open Street View","sag":"IGN"},"bbox":[-71.49195114,-41.05910076,-71.49195114,-41.05910076]},{"type":"Feature","id":"estructuras_operativas_y_defensivas_090102.11204","geometry":{"type":"Point","coordinates":[-68.05842723,-38.96125372]},"geometry_name":"geom","properties":{"gid":11204,"entidad":0,"objeto":"Cuartel de bomberos","fna":"Cuartel Central de Bomberos","gna":"Cuartel Central de Bomberos","nam":null,"fdc":"IGN04/Street View","sag":"IGN"},"bbox":[-68.05842723,-38.96125372,-68.05842723,-38.96125372]},{"type":"Feature","id":"estructuras_operativas_y_defensivas_090102.11205","geometry":{"type":"Point","coordinates":[-68.10003401,-38.94335243]},"geometry_name":"geom","properties":{"gid":11205,"entidad":0,"objeto":"Cuartel de bomberos","fna":"Cuartel Nº 2 Gregorio Álvarez","gna":"Cuartel","nam":"Nº 2 Gregorio Álvarez","fdc":"IGN04/Street View","sag":"IGN"},"bbox":[-68.10003401,-38.94335243,-68.10003401,-38.94335243]},{"type":"Feature","id":"estructuras_operativas_y_defensivas_090102.11208","geometry":{"type":"Point","coordinates":[-68.1373061,-38.98593261]},"geometry_name":"geom","properties":{"gid":11208,"entidad":0,"objeto":"Cuartel de bomberos","fna":null,"gna":null,"nam":null,"fdc":"IGN04/Policía Pcial./Street View","sag":"IGN"},"bbox":[-68.1373061,-38.98593261,-68.1373061,-38.98593261]},{"type":"Feature","id":"estructuras_operativas_y_defensivas_090102.11217","geometry":{"type":"Point","coordinates":[-69.87898105,-37.05043554]},"geometry_name":"geom","properties":{"gid":11217,"entidad":0,"objeto":"Cuartel de bomberos","fna":"Bomberos Voluntarios de Buta Ranquil","gna":"Bomberos Voluntarios","nam":"de Buta Ranquil","fdc":"IGN01","sag":"IGN"},"bbox":[-69.87898105,-37.05043554,-69.87898105,-37.05043554]},{"type":"Feature","id":"estructuras_operativas_y_defensivas_090102.11218","geometry":{"type":"Point","coordinates":[-69.664787,-37.17218409]},"geometry_name":"geom","properties":{"gid":11218,"entidad":0,"objeto":"Cuartel de bomberos","fna":null,"gna":null,"nam":null,"fdc":"IGN01","sag":"IGN"},"bbox":[-69.664787,-37.17218409,-69.664787,-37.17218409]},{"type":"Feature","id":"estructuras_operativas_y_defensivas_090102.11219","geometry":{"type":"Point","coordinates":[-68.23390915,-38.95596408]},"geometry_name":"geom","properties":{"gid":11219,"entidad":0,"objeto":"Cuartel de bomberos","fna":"Bomberos Voluntarios de Plottier","gna":"Bomberos Voluntarios","nam":"de Plottier","fdc":"IGN04/Consejo Nacional de Bomberos","sag":"IGN"},"bbox":[-68.23390915,-38.95596408,-68.23390915,-38.95596408]},{"type":"Feature","id":"estructuras_operativas_y_defensivas_090102.11220","geometry":{"type":"Point","coordinates":[-68.14833982,-38.82185475]},"geometry_name":"geom","properties":{"gid":11220,"entidad":0,"objeto":"Cuartel de bomberos","fna":"Bomberos Voluntarios de Centenario","gna":"Bomberos Voluntarios","nam":"de Centenario","fdc":"IGN04/Consejo Nacional de Bomberos","sag":"IGN"},"bbox":[-68.14833982,-38.82185475,-68.14833982,-38.82185475]},{"type":"Feature","id":"estructuras_operativas_y_defensivas_090102.11221","geometry":{"type":"Point","coordinates":[-68.06125952,-38.82077033]},"geometry_name":"geom","properties":{"gid":11221,"entidad":0,"objeto":"Cuartel de bomberos","fna":"Cuerpo de Bomberos de Cinco Saltos","gna":"Cuerpo de Bomberos","nam":"de Cinco Saltos","fdc":"IGN04/Policía Pcial./Street View","sag":"IGN"},"bbox":[-68.06125952,-38.82077033,-68.06125952,-38.82077033]},{"type":"Feature","id":"estructuras_operativas_y_defensivas_090102.11222","geometry":{"type":"Point","coordinates":[-68.15308993,-38.72677724]},"geometry_name":"geom","properties":{"gid":11222,"entidad":0,"objeto":"Cuartel de bomberos","fna":"Bomberos Voluntarios de Barda del Medio","gna":"Bomberos Voluntarios","nam":"de Barda del Medio","fdc":"IGN04/Policía Pcial./Street View","sag":"IGN"},"bbox":[-68.15308993,-38.72677724,-68.15308993,-38.72677724]},{"type":"Feature","id":"estructuras_operativas_y_defensivas_090102.11244","geometry":{"type":"Point","coordinates":[-70.72344711,-41.12080434]},"geometry_name":"geom","properties":{"gid":11244,"entidad":0,"objeto":"Cuartel de bomberos","fna":"Bomberos Voluntarios de Pilcaniyeu","gna":"Bomberos Voluntarios","nam":"de Pilcaniyeu","fdc":"IGN04/Sitio web de la federación","sag":"IGN"},"bbox":[-70.72344711,-41.12080434,-70.72344711,-41.12080434]},{"type":"Feature","id":"estructuras_operativas_y_defensivas_090102.11246","geometry":{"type":"Point","coordinates":[-69.23667243,-38.93802203]},"geometry_name":"geom","properties":{"gid":11246,"entidad":0,"objeto":"Cuartel de bomberos","fna":"Bomberos Voluntarios de Cutral Có","gna":"Bomberos Voluntarios","nam":"de Cutral Có","fdc":"OSM/Street View","sag":"IGN"},"bbox":[-69.23667243,-38.93802203,-69.23667243,-38.93802203]}],"totalFeatures":1081,"numberMatched":1081,"numberReturned":1081,"timeStamp":"2026-08-12T21:17:02.221Z","crs":{"type":"name","properties":{"name":"urn:ogc:def:crs:EPSG::4326"}},"bbox":[-72.88845859,-54.81819193,-54.04421216,-22.0498389]}